window_id,subject_id,original_label,stage1_target,abnormal_probability,prediction_threshold_0.50
134,2,Normal Activity,0,0.24470959603786469,0
135,2,Normal Activity,0,0.2769258916378021,0
136,2,Normal Activity,0,0.07865485548973083,0
137,2,Normal Activity,0,0.33209463953971863,0
138,2,Normal Activity,0,0.03550668805837631,0
139,2,Normal Activity,0,0.021941253915429115,0
140,2,Normal Activity,0,0.13515907526016235,0
141,2,Normal Activity,0,0.04202872887253761,0
142,2,Normal Activity,0,0.05278800055384636,0
143,2,Normal Activity,0,0.0651978850364685,0
144,2,Normal Activity,0,0.01761343702673912,0
145,2,Normal Activity,0,0.011029318906366825,0
146,2,Normal Activity,0,0.2420305609703064,0
147,2,Normal Activity,0,0.06857533752918243,0
148,2,Normal Activity,0,0.01138701755553484,0
149,2,Normal Activity,0,0.05617732182145119,0
150,2,Normal Activity,0,0.172699436545372,0
151,2,Normal Activity,0,0.19474638998508453,0
152,2,Normal Activity,0,0.02346872165799141,0
153,2,Normal Activity,0,0.012947812676429749,0
154,2,Normal Activity,0,0.13411976397037506,0
155,2,Normal Activity,0,0.02037174254655838,0
156,2,Normal Activity,0,0.009344450198113918,0
157,2,Normal Activity,0,0.008690725080668926,0
158,2,Normal Activity,0,0.04792288690805435,0
159,2,Normal Activity,0,0.8570840954780579,1
160,2,Normal Activity,0,0.5970430970191956,1
161,2,Normal Activity,0,0.09856977313756943,0
162,2,Normal Activity,0,0.5139870047569275,1
163,2,Normal Activity,0,0.04751228913664818,0
164,2,Normal Activity,0,0.01037593837827444,0
165,2,Normal Activity,0,0.007545920088887215,0
166,2,Normal Activity,0,0.010764766484498978,0
167,2,Normal Activity,0,0.04583286866545677,0
168,2,Normal Activity,0,0.054905522614717484,0
169,2,Normal Activity,0,0.013459946028888226,0
170,2,Normal Activity,0,0.009722390212118626,0
171,2,Normal Activity,0,0.016368402168154716,0
172,2,Normal Activity,0,0.006849769502878189,0
173,2,Normal Activity,0,0.00312945363111794,0
174,2,Normal Activity,0,0.00774672394618392,0
175,2,Normal Activity,0,0.13207192718982697,0
176,2,Normal Activity,0,0.005376733373850584,0
177,2,Normal Activity,0,0.022600380703806877,0
178,2,Normal Activity,0,0.017434919252991676,0
179,2,Normal Activity,0,0.05197001248598099,0
180,2,Normal Activity,0,0.04606478661298752,0
181,2,Normal Activity,0,0.009420559741556644,0
182,2,Normal Activity,0,0.18394681811332703,0
183,2,Normal Activity,0,0.016046393662691116,0
184,2,Normal Activity,0,0.008929595351219177,0
185,2,Normal Activity,0,0.0431758388876915,0
186,2,Normal Activity,0,0.032328806817531586,0
187,2,Normal Activity,0,0.020382849499583244,0
188,2,Normal Activity,0,0.013479228131473064,0
189,2,Normal Activity,0,0.020948385819792747,0
190,2,Normal Activity,0,0.036577749997377396,0
191,2,Normal Activity,0,0.3816458582878113,0
192,2,Normal Activity,0,0.04182050749659538,0
193,2,Normal Activity,0,0.010794843547046185,0
194,2,Normal Activity,0,0.01349195372313261,0
195,2,Normal Activity,0,0.14927978813648224,0
196,2,Normal Activity,0,0.06258146464824677,0
197,2,Normal Activity,0,0.021215802058577538,0
198,2,Normal Activity,0,0.010389530099928379,0
199,2,Normal Activity,0,0.021123072132468224,0
316,4,Normal Activity,0,0.15079259872436523,0
317,4,Normal Activity,0,0.09738118201494217,0
318,4,Normal Activity,0,0.037455830723047256,0
319,4,Normal Activity,0,0.03705519065260887,0
320,4,Normal Activity,0,0.01795325055718422,0
321,4,Normal Activity,0,0.006294896360486746,0
322,4,Normal Activity,0,0.006274113897234201,0
323,4,Normal Activity,0,0.01219000481069088,0
324,4,Normal Activity,0,0.26530659198760986,0
325,4,Normal Activity,0,0.20535928010940552,0
326,4,Normal Activity,0,0.12613174319267273,0
327,4,Normal Activity,0,0.06365076452493668,0
328,4,Normal Activity,0,0.02091149054467678,0
329,4,Normal Activity,0,0.02124730870127678,0
330,4,Normal Activity,0,0.048757996410131454,0
331,4,Normal Activity,0,0.08371731638908386,0
332,4,Normal Activity,0,0.20837439596652985,0
333,4,Normal Activity,0,0.07164747267961502,0
334,4,Normal Activity,0,0.043373022228479385,0
335,4,Normal Activity,0,0.031242715194821358,0
336,4,Normal Activity,0,0.060100752860307693,0
337,4,Normal Activity,0,0.024916835129261017,0
338,4,Normal Activity,0,0.04259675741195679,0
339,4,Normal Activity,0,0.015176757238805294,0
340,4,Normal Activity,0,0.8183544874191284,1
341,4,Normal Activity,0,0.22697843611240387,0
342,4,Normal Activity,0,0.12099898606538773,0
343,4,Normal Activity,0,0.241542249917984,0
344,4,Normal Activity,0,0.37002116441726685,0
345,4,Normal Activity,0,0.6605032682418823,1
346,4,Normal Activity,0,0.40696054697036743,0
347,4,Normal Activity,0,0.13483376801013947,0
348,4,Normal Activity,0,0.04243661090731621,0
349,4,Normal Activity,0,0.05949079617857933,0
350,4,Normal Activity,0,0.03208303824067116,0
351,4,Normal Activity,0,0.03411871939897537,0
352,4,Normal Activity,0,0.019330406561493874,0
353,4,Normal Activity,0,0.00937268603593111,0
354,4,Normal Activity,0,0.021901289001107216,0
355,4,Normal Activity,0,0.04528321325778961,0
356,4,Normal Activity,0,0.04760211706161499,0
357,4,Normal Activity,0,0.03405599296092987,0
358,4,Normal Activity,0,0.025833366438746452,0
359,4,Normal Activity,0,0.010381629690527916,0
360,4,Normal Activity,0,0.0845726802945137,0
361,4,Normal Activity,0,0.05975376442074776,0
362,4,Normal Activity,0,0.01231512799859047,0
363,4,Normal Activity,0,0.022319620475172997,0
364,4,Normal Activity,0,0.025805503129959106,0
365,4,Normal Activity,0,0.12227732688188553,0
366,4,Normal Activity,0,0.06772887706756592,0
367,4,Normal Activity,0,0.012413784861564636,0
368,4,Normal Activity,0,0.12453420460224152,0
369,4,Normal Activity,0,0.067279152572155,0
370,4,Normal Activity,0,0.046742673963308334,0
371,4,Normal Activity,0,0.27214664220809937,0
372,4,Normal Activity,0,0.21298131346702576,0
373,4,Normal Activity,0,0.09519336372613907,0
374,5,Normal Activity,0,0.06284087151288986,0
375,5,Normal Activity,0,0.023796074092388153,0
376,5,Normal Activity,0,0.013753349892795086,0
377,5,Normal Activity,0,0.1787347048521042,0
378,5,Normal Activity,0,0.06630072742700577,0
379,5,Normal Activity,0,0.009090186096727848,0
380,5,Normal Activity,0,0.09835796803236008,0
381,5,Normal Activity,0,0.04296017810702324,0
382,5,Normal Activity,0,0.007990273647010326,0
383,5,Normal Activity,0,0.05132654681801796,0
384,5,Normal Activity,0,0.014712389558553696,0
385,5,Normal Activity,0,0.016150016337633133,0
386,5,Normal Activity,0,0.031620483845472336,0
387,5,Normal Activity,0,0.0108199343085289,0
388,5,Normal Activity,0,0.022498207166790962,0
389,5,Normal Activity,0,0.07514302432537079,0
390,5,Normal Activity,0,0.1978141963481903,0
391,5,Normal Activity,0,0.027032600715756416,0
392,6,Normal Activity,0,0.16971610486507416,0
393,6,Normal Activity,0,0.04268873855471611,0
394,6,Normal Activity,0,0.007624824531376362,0
395,6,Normal Activity,0,0.0175338052213192,0
396,6,Normal Activity,0,0.013042875565588474,0
397,6,Normal Activity,0,0.32554879784584045,0
398,6,Normal Activity,0,0.0739564374089241,0
399,6,Normal Activity,0,0.12854443490505219,0
400,6,Normal Activity,0,0.13689705729484558,0
401,6,Normal Activity,0,0.1717112809419632,0
402,6,Normal Activity,0,0.1325037032365799,0
403,6,Normal Activity,0,0.06211220473051071,0
404,6,Normal Activity,0,0.00823188479989767,0
405,6,Normal Activity,0,0.02306123450398445,0
406,6,Normal Activity,0,0.04446011781692505,0
407,6,Normal Activity,0,0.11846059560775757,0
408,6,Normal Activity,0,0.019555963575839996,0
409,6,Normal Activity,0,0.029325278475880623,0
410,6,Normal Activity,0,0.011747468262910843,0
411,6,Normal Activity,0,0.009252631105482578,0
412,6,Normal Activity,0,0.19857972860336304,0
413,6,Normal Activity,0,0.05747997388243675,0
414,6,Normal Activity,0,0.014376064762473106,0
415,6,Normal Activity,0,0.006530825514346361,0
416,6,Normal Activity,0,0.006173422560095787,0
417,6,Normal Activity,0,0.027071287855505943,0
418,6,Normal Activity,0,0.009290548972785473,0
419,6,Normal Activity,0,0.009195909835398197,0
420,6,Normal Activity,0,0.029402494430541992,0
421,6,Normal Activity,0,0.02206812985241413,0
422,7,Normal Activity,0,0.6040389537811279,1
423,7,Normal Activity,0,0.672630250453949,1
424,7,Normal Activity,0,0.6363218426704407,1
425,7,Normal Activity,0,0.46919113397598267,0
426,7,Normal Activity,0,0.6149920225143433,1
427,7,Normal Activity,0,0.46314704418182373,0
428,7,Normal Activity,0,0.4999803304672241,0
429,7,Normal Activity,0,0.4708068072795868,0
430,7,Normal Activity,0,0.08813120424747467,0
431,7,Normal Activity,0,0.19837719202041626,0
432,7,Normal Activity,0,0.09613214433193207,0
433,7,Normal Activity,0,0.0517941452562809,0
434,7,Normal Activity,0,0.013310635462403297,0
435,7,Normal Activity,0,0.02541947364807129,0
436,7,Normal Activity,0,0.01442008838057518,0
437,7,Normal Activity,0,0.12174109369516373,0
438,7,Normal Activity,0,0.06380350142717361,0
439,7,Normal Activity,0,0.011330092325806618,0
440,7,Normal Activity,0,0.4538961946964264,0
441,7,Normal Activity,0,0.011907287873327732,0
442,7,Normal Activity,0,0.01657654345035553,0
443,7,Normal Activity,0,0.23436014354228973,0
444,7,Normal Activity,0,0.025857040658593178,0
445,7,Normal Activity,0,0.044621314853429794,0
446,7,Normal Activity,0,0.0990612581372261,0
447,7,Normal Activity,0,0.018421368673443794,0
448,7,Normal Activity,0,0.006601656787097454,0
449,7,Normal Activity,0,0.00902386475354433,0
450,7,Normal Activity,0,0.013339336030185223,0
451,7,Normal Activity,0,0.48566243052482605,0
452,7,Normal Activity,0,0.14328140020370483,0
453,7,Normal Activity,0,0.017762087285518646,0
454,7,Normal Activity,0,0.08506433665752411,0
455,7,Normal Activity,0,0.2748449742794037,0
456,7,Normal Activity,0,0.14166522026062012,0
457,7,Normal Activity,0,0.5997917056083679,1
458,7,Normal Activity,0,0.023890743032097816,0
459,7,Normal Activity,0,0.020748989656567574,0
460,7,Normal Activity,0,0.011909852735698223,0
461,7,Normal Activity,0,0.023264115676283836,0
462,7,Normal Activity,0,0.008429194800555706,0
463,7,Normal Activity,0,0.12884528934955597,0
464,7,Normal Activity,0,0.3157845437526703,0
465,7,Normal Activity,0,0.22668184340000153,0
466,7,Normal Activity,0,0.005921781994402409,0
467,7,Normal Activity,0,0.006809211801737547,0
468,7,Normal Activity,0,0.6671938300132751,1
469,7,Normal Activity,0,0.2242593616247177,0
470,7,Normal Activity,0,0.0415053628385067,0
471,7,Normal Activity,0,0.026779061183333397,0
472,7,Normal Activity,0,0.5633809566497803,1
473,7,Normal Activity,0,0.16549672186374664,0
474,7,Normal Activity,0,0.0276582520455122,0
475,7,Normal Activity,0,0.016769450157880783,0
476,7,Normal Activity,0,0.050008177757263184,0
477,7,Normal Activity,0,0.012771663255989552,0
478,7,Normal Activity,0,0.13938243687152863,0
479,7,Normal Activity,0,0.28865671157836914,0
480,7,Normal Activity,0,0.013710708357393742,0
481,7,Normal Activity,0,0.01244746707379818,0
482,7,Normal Activity,0,0.006904671434313059,0
483,7,Normal Activity,0,0.03323571756482124,0
484,7,Normal Activity,0,0.1819649040699005,0
485,7,Normal Activity,0,0.11439504474401474,0
486,7,Normal Activity,0,0.06467588245868683,0
487,7,Normal Activity,0,0.006031235214322805,0
488,7,Normal Activity,0,0.018483642488718033,0
489,7,Normal Activity,0,0.03782462701201439,0
490,7,Normal Activity,0,0.03537905588746071,0
491,7,Normal Activity,0,0.021749835461378098,0
492,7,Normal Activity,0,0.006610559299588203,0
493,7,Normal Activity,0,0.005719444248825312,0
494,7,Normal Activity,0,0.008072694763541222,0
495,7,Normal Activity,0,0.11276029050350189,0
496,7,Normal Activity,0,0.17382635176181793,0
497,7,Normal Activity,0,0.024756785482168198,0
498,7,Normal Activity,0,0.010953515768051147,0
499,7,Normal Activity,0,0.026430431753396988,0
500,7,Normal Activity,0,0.01726708374917507,0
501,7,Normal Activity,0,0.3716646432876587,0
502,7,Normal Activity,0,0.03244452551007271,0
503,7,Normal Activity,0,0.06507553905248642,0
504,7,Normal Activity,0,0.2378723919391632,0
505,7,Normal Activity,0,0.42498552799224854,0
506,7,Normal Activity,0,0.4476741552352905,0
507,7,Normal Activity,0,0.10093739628791809,0
508,7,Normal Activity,0,0.14516493678092957,0
509,7,Normal Activity,0,0.18466685712337494,0
510,7,Normal Activity,0,0.2809538245201111,0
511,7,Normal Activity,0,0.37109875679016113,0
512,7,Normal Activity,0,0.13796213269233704,0
513,7,Normal Activity,0,0.10729813575744629,0
514,7,Normal Activity,0,0.10955169051885605,0
515,7,Normal Activity,0,0.5390608310699463,1
516,7,Normal Activity,0,0.17789113521575928,0
517,7,Normal Activity,0,0.11820761114358902,0
518,7,Normal Activity,0,0.1385212242603302,0
519,7,Normal Activity,0,0.2511686682701111,0
520,7,Normal Activity,0,0.0446649044752121,0
521,7,Normal Activity,0,0.00764195341616869,0
522,7,Normal Activity,0,0.007401118520647287,0
523,7,Normal Activity,0,0.04214340075850487,0
524,7,Normal Activity,0,0.021794499829411507,0
525,7,Normal Activity,0,0.006186152808368206,0
526,7,Normal Activity,0,0.012465709820389748,0
527,7,Normal Activity,0,0.02118035778403282,0
528,7,Normal Activity,0,0.03380923718214035,0
529,7,Normal Activity,0,0.03213158994913101,0
530,7,Normal Activity,0,0.03173688426613808,0
531,7,Normal Activity,0,0.03944645822048187,0
532,7,Normal Activity,0,0.2047889232635498,0
533,7,Normal Activity,0,0.44734975695610046,0
534,7,Normal Activity,0,0.6551287770271301,1
535,7,Normal Activity,0,0.15713758766651154,0
536,7,Normal Activity,0,0.05227445811033249,0
537,7,Normal Activity,0,0.044020265340805054,0
538,7,Normal Activity,0,0.25380635261535645,0
539,7,Normal Activity,0,0.2067503184080124,0
540,7,Normal Activity,0,0.6930439472198486,1
541,7,Normal Activity,0,0.28112903237342834,0
542,7,Normal Activity,0,0.223974347114563,0
543,7,Normal Activity,0,0.03141425549983978,0
544,7,Normal Activity,0,0.024103695526719093,0
545,7,Normal Activity,0,0.015583054162561893,0
546,7,Normal Activity,0,0.01157388649880886,0
547,7,Normal Activity,0,0.06253121048212051,0
548,7,Normal Activity,0,0.4526798129081726,0
549,7,Normal Activity,0,0.34470316767692566,0
550,7,Normal Activity,0,0.3844750225543976,0
551,7,Normal Activity,0,0.07354602217674255,0
552,7,Normal Activity,0,0.04091493785381317,0
553,7,Normal Activity,0,0.019098561257123947,0
554,7,Normal Activity,0,0.07300837337970734,0
555,7,Normal Activity,0,0.6925777196884155,1
556,7,Normal Activity,0,0.47992241382598877,0
557,7,Normal Activity,0,0.2934496998786926,0
558,7,Normal Activity,0,0.11481507867574692,0
559,7,Normal Activity,0,0.03129696473479271,0
560,7,Normal Activity,0,0.006776426453143358,0
561,7,Normal Activity,0,0.008951502852141857,0
562,7,Normal Activity,0,0.016080202534794807,0
563,7,Normal Activity,0,0.01871521584689617,0
564,7,Normal Activity,0,0.01990232802927494,0
565,7,Normal Activity,0,0.027711262926459312,0
566,7,Normal Activity,0,0.012483561411499977,0
567,7,Normal Activity,0,0.0461878664791584,0
568,7,Normal Activity,0,0.020340899005532265,0
569,7,Normal Activity,0,0.11994179338216782,0
570,7,Normal Activity,0,0.3597549796104431,0
571,7,Normal Activity,0,0.14353030920028687,0
572,7,Normal Activity,0,0.1925506740808487,0
573,7,Normal Activity,0,0.6613014936447144,1
574,7,Normal Activity,0,0.7481280565261841,1
575,7,Normal Activity,0,0.15789708495140076,0
576,7,Normal Activity,0,0.013177065178751945,0
577,7,Normal Activity,0,0.031741172075271606,0
578,7,Normal Activity,0,0.054404933005571365,0
579,7,Normal Activity,0,0.07780331373214722,0
580,7,Normal Activity,0,0.19928231835365295,0
581,7,Normal Activity,0,0.06105700507760048,0
582,7,Normal Activity,0,0.09344702959060669,0
583,7,Normal Activity,0,0.5246845483779907,1
584,7,Normal Activity,0,0.3351612091064453,0
585,7,Normal Activity,0,0.037749070674180984,0
586,7,Normal Activity,0,0.029627008363604546,0
587,7,Normal Activity,0,0.2939087152481079,0
588,7,Normal Activity,0,0.1819782555103302,0
589,7,Normal Activity,0,0.19751529395580292,0
590,7,Normal Activity,0,0.03985072299838066,0
591,7,Normal Activity,0,0.013813365250825882,0
592,7,Normal Activity,0,0.18207111954689026,0
593,7,Normal Activity,0,0.6351591348648071,1
594,7,Normal Activity,0,0.48575499653816223,0
595,7,Normal Activity,0,0.13920806348323822,0
596,7,Normal Activity,0,0.03530135378241539,0
597,7,Normal Activity,0,0.019738489761948586,0
598,7,Normal Activity,0,0.8975595831871033,1
599,7,Normal Activity,0,0.07366665452718735,0
600,7,Normal Activity,0,0.0704239010810852,0
601,7,Normal Activity,0,0.016080467030405998,0
602,7,Normal Activity,0,0.019656555727124214,0
603,7,Normal Activity,0,0.01583048142492771,0
604,7,Normal Activity,0,0.14804580807685852,0
605,7,Normal Activity,0,0.5514135360717773,1
606,7,Normal Activity,0,0.5682998895645142,1
607,7,Normal Activity,0,0.8014687299728394,1
608,7,Normal Activity,0,0.7868117094039917,1
609,7,Normal Activity,0,0.3225272297859192,0
610,7,Normal Activity,0,0.5801261067390442,1
611,7,Normal Activity,0,0.607120156288147,1
612,7,Normal Activity,0,0.7819967269897461,1
613,7,Normal Activity,0,0.3338726758956909,0
614,7,Normal Activity,0,0.12380434572696686,0
615,7,Normal Activity,0,0.1399337351322174,0
616,7,Normal Activity,0,0.17153280973434448,0
617,7,Normal Activity,0,0.08005475997924805,0
618,7,Normal Activity,0,0.04615082964301109,0
619,7,Normal Activity,0,0.05016503855586052,0
620,7,Normal Activity,0,0.9139698147773743,1
621,7,Normal Activity,0,0.6478264927864075,1
622,7,Normal Activity,0,0.19822850823402405,0
623,7,Normal Activity,0,0.04424493387341499,0
624,7,Normal Activity,0,0.024711215868592262,0
625,7,Normal Activity,0,0.046520743519067764,0
626,7,Normal Activity,0,0.01851249672472477,0
627,7,Normal Activity,0,0.15445394814014435,0
628,7,Normal Activity,0,0.5788601636886597,1
629,7,Normal Activity,0,0.03675264120101929,0
630,7,Normal Activity,0,0.06916124373674393,0
631,7,Normal Activity,0,0.03460194915533066,0
632,7,Normal Activity,0,0.0197296105325222,0
633,7,Normal Activity,0,0.015622136183083057,0
634,7,Normal Activity,0,0.2517596483230591,0
635,7,Normal Activity,0,0.4154065251350403,0
636,7,Normal Activity,0,0.20364633202552795,0
637,7,Normal Activity,0,0.2698107659816742,0
638,7,Normal Activity,0,0.33805593848228455,0
639,7,Normal Activity,0,0.2277839332818985,0
640,7,Normal Activity,0,0.5980821251869202,1
641,7,Normal Activity,0,0.6077706217765808,1
642,7,Normal Activity,0,0.4494403302669525,0
643,7,Normal Activity,0,0.1860608607530594,0
644,7,Normal Activity,0,0.254961222410202,0
645,7,Normal Activity,0,0.2647665739059448,0
646,7,Normal Activity,0,0.23026904463768005,0
647,7,Normal Activity,0,0.2125728577375412,0
648,7,Normal Activity,0,0.645331621170044,1
649,7,Normal Activity,0,0.7127177715301514,1
650,7,Normal Activity,0,0.18569280207157135,0
651,7,Normal Activity,0,0.07423574477434158,0
652,7,Normal Activity,0,0.007753148674964905,0
653,7,Normal Activity,0,0.0871039554476738,0
654,7,Normal Activity,0,0.045762643218040466,0
655,7,Normal Activity,0,0.006366740446537733,0
656,7,Normal Activity,0,0.009642905555665493,0
657,7,Normal Activity,0,0.009406221099197865,0
658,7,Normal Activity,0,0.0610215850174427,0
659,7,Normal Activity,0,0.034443438053131104,0
660,7,Normal Activity,0,0.003013449255377054,0
661,7,Normal Activity,0,0.014402798376977444,0
662,7,Normal Activity,0,0.007854844443500042,0
663,7,Normal Activity,0,0.31135293841362,0
664,7,Normal Activity,0,0.20743249356746674,0
665,7,Normal Activity,0,0.26836612820625305,0
666,7,Normal Activity,0,0.05453605577349663,0
667,7,Normal Activity,0,0.05322318151593208,0
668,7,Normal Activity,0,0.6876236796379089,1
669,7,Normal Activity,0,0.09134505689144135,0
670,7,Normal Activity,0,0.1338297724723816,0
671,7,Normal Activity,0,0.06349772959947586,0
672,7,Normal Activity,0,0.04037896916270256,0
673,7,Normal Activity,0,0.13324356079101562,0
674,7,Normal Activity,0,0.02960660308599472,0
675,7,Normal Activity,0,0.021857086569070816,0
676,7,Normal Activity,0,0.046186864376068115,0
677,7,Normal Activity,0,0.5019564628601074,1
678,7,Normal Activity,0,0.03178967162966728,0
679,7,Normal Activity,0,0.0793137177824974,0
680,7,Normal Activity,0,0.03327217698097229,0
681,7,Normal Activity,0,0.23264636099338531,0
682,7,Normal Activity,0,0.042655911296606064,0
683,7,Normal Activity,0,0.004440149292349815,0
684,7,Normal Activity,0,0.02271001599729061,0
685,7,Normal Activity,0,0.17974814772605896,0
686,7,Normal Activity,0,0.016215730458498,0
687,7,Normal Activity,0,0.00960990134626627,0
688,7,Normal Activity,0,0.01373558770865202,0
689,7,Normal Activity,0,0.05692498758435249,0
690,7,Normal Activity,0,0.1039668619632721,0
691,7,Normal Activity,0,0.22482243180274963,0
692,7,Normal Activity,0,0.022289693355560303,0
693,7,Normal Activity,0,0.26015734672546387,0
694,7,Normal Activity,0,0.16457320749759674,0
695,7,Normal Activity,0,0.02472129836678505,0
696,7,Normal Activity,0,0.010710989125072956,0
697,7,Normal Activity,0,0.03779558837413788,0
698,7,Normal Activity,0,0.01711340807378292,0
699,7,Normal Activity,0,0.02130739949643612,0
700,7,Normal Activity,0,0.05320645123720169,0
701,7,Normal Activity,0,0.027584807947278023,0
702,7,Normal Activity,0,0.15919622778892517,0
703,7,Normal Activity,0,0.37810102105140686,0
704,7,Normal Activity,0,0.02402295172214508,0
705,7,Normal Activity,0,0.028478998690843582,0
706,7,Normal Activity,0,0.021381676197052002,0
707,7,Normal Activity,0,0.006689811125397682,0
708,7,Normal Activity,0,0.006917654536664486,0
709,7,Normal Activity,0,0.09575579315423965,0
710,7,Normal Activity,0,0.36457961797714233,0
711,7,Normal Activity,0,0.3048165440559387,0
712,7,Normal Activity,0,0.04584166780114174,0
713,7,Normal Activity,0,0.007221220526844263,0
714,7,Normal Activity,0,0.007102872245013714,0
715,7,Normal Activity,0,0.13036908209323883,0
716,7,Normal Activity,0,0.7834022045135498,1
717,7,Normal Activity,0,0.8995132446289062,1
718,7,Normal Activity,0,0.8043422102928162,1
719,7,Normal Activity,0,0.15035361051559448,0
720,7,Normal Activity,0,0.08208120614290237,0
721,7,Normal Activity,0,0.26942163705825806,0
722,7,Normal Activity,0,0.49945008754730225,0
723,7,Normal Activity,0,0.011726528406143188,0
724,7,Normal Activity,0,0.020447498187422752,0
725,7,Normal Activity,0,0.033123984932899475,0
726,7,Normal Activity,0,0.0442032627761364,0
727,7,Normal Activity,0,0.044291336089372635,0
728,7,Normal Activity,0,0.22692692279815674,0
729,7,Normal Activity,0,0.041810907423496246,0
730,7,Normal Activity,0,0.07390706986188889,0
731,7,Normal Activity,0,0.043891791254282,0
732,7,Normal Activity,0,0.17688895761966705,0
733,7,Normal Activity,0,0.014601076953113079,0
734,7,Normal Activity,0,0.28761979937553406,0
735,7,Normal Activity,0,0.5741746425628662,1
736,7,Normal Activity,0,0.16096438467502594,0
737,7,Normal Activity,0,0.17212870717048645,0
738,7,Normal Activity,0,0.15304811298847198,0
739,7,Normal Activity,0,0.15403704345226288,0
740,7,Normal Activity,0,0.04698845371603966,0
741,7,Normal Activity,0,0.05536215379834175,0
742,7,Normal Activity,0,0.07910311222076416,0
743,7,Normal Activity,0,0.07672251760959625,0
744,7,Normal Activity,0,0.08465683460235596,0
745,7,Normal Activity,0,0.1304393708705902,0
746,7,Normal Activity,0,0.135955348610878,0
747,7,Normal Activity,0,0.061493005603551865,0
748,7,Normal Activity,0,0.00952922087162733,0
749,7,Normal Activity,0,0.09712222963571548,0
750,7,Normal Activity,0,0.03557686135172844,0
751,7,Normal Activity,0,0.020009130239486694,0
752,7,Normal Activity,0,0.06316143274307251,0
753,7,Normal Activity,0,0.06109932065010071,0
754,7,Normal Activity,0,0.03109683282673359,0
755,7,Normal Activity,0,0.020572351291775703,0
756,7,Normal Activity,0,0.029521092772483826,0
757,7,Normal Activity,0,0.02732083573937416,0
758,7,Normal Activity,0,0.026909518986940384,0
759,7,Normal Activity,0,0.036957964301109314,0
760,7,Normal Activity,0,0.013692420907318592,0
761,7,Normal Activity,0,0.030319565907120705,0
762,7,Normal Activity,0,0.40290385484695435,0
763,7,Normal Activity,0,0.38576143980026245,0
764,7,Normal Activity,0,0.014873371459543705,0
765,7,Normal Activity,0,0.04423501342535019,0
766,7,Normal Activity,0,0.023544901981949806,0
767,7,Normal Activity,0,0.07297873497009277,0
768,7,Normal Activity,0,0.2702629566192627,0
769,7,Normal Activity,0,0.38412249088287354,0
770,7,Normal Activity,0,0.7362450957298279,1
771,7,Normal Activity,0,0.22150947153568268,0
772,7,Normal Activity,0,0.12294662743806839,0
773,7,Normal Activity,0,0.058781400322914124,0
774,7,Normal Activity,0,0.04273361712694168,0
775,7,Normal Activity,0,0.07763802260160446,0
776,7,Normal Activity,0,0.015233405865728855,0
777,7,Normal Activity,0,0.35924232006073,0
778,7,Normal Activity,0,0.07334866374731064,0
779,7,Normal Activity,0,0.03306109830737114,0
780,7,Normal Activity,0,0.028212102130055428,0
781,7,Normal Activity,0,0.028521787375211716,0
782,7,Normal Activity,0,0.054284971207380295,0
783,7,Normal Activity,0,0.0354648195207119,0
784,7,Normal Activity,0,0.03004279173910618,0
785,7,Normal Activity,0,0.1979890763759613,0
786,7,Normal Activity,0,0.07892429083585739,0
787,7,Normal Activity,0,0.014065749943256378,0
788,7,Normal Activity,0,0.023108039051294327,0
789,7,Normal Activity,0,0.031715214252471924,0
790,7,Normal Activity,0,0.03169849514961243,0
791,7,Normal Activity,0,0.08406060189008713,0
792,7,Normal Activity,0,0.05355708673596382,0
793,7,Normal Activity,0,0.288230299949646,0
794,7,Normal Activity,0,0.5144451856613159,1
795,7,Normal Activity,0,0.06717722862958908,0
796,7,Normal Activity,0,0.020018674433231354,0
797,7,Normal Activity,0,0.0466742217540741,0
798,7,Normal Activity,0,0.051980528980493546,0
799,7,Normal Activity,0,0.08249408006668091,0
800,7,Normal Activity,0,0.2522263824939728,0
801,7,Normal Activity,0,0.011091374792158604,0
802,7,Normal Activity,0,0.012569155544042587,0
803,7,Normal Activity,0,0.021928695961833,0
804,7,Normal Activity,0,0.015907123684883118,0
805,7,Normal Activity,0,0.01895757019519806,0
806,7,Normal Activity,0,0.5243666172027588,1
807,7,Normal Activity,0,0.20732277631759644,0
808,7,Normal Activity,0,0.060086920857429504,0
809,7,Normal Activity,0,0.053383227437734604,0
810,7,Normal Activity,0,0.03911413624882698,0
811,7,Normal Activity,0,0.07924442738294601,0
812,7,Normal Activity,0,0.057836227118968964,0
813,7,Normal Activity,0,0.031488772481679916,0
814,7,Normal Activity,0,0.039524052292108536,0
815,7,Normal Activity,0,0.056326624006032944,0
816,7,Normal Activity,0,0.06045953929424286,0
817,7,Normal Activity,0,0.12688805162906647,0
818,7,Normal Activity,0,0.062248457223176956,0
819,7,Normal Activity,0,0.2183331996202469,0
820,7,Normal Activity,0,0.1560785323381424,0
821,7,Normal Activity,0,0.8076822757720947,1
822,7,Normal Activity,0,0.16838018596172333,0
823,7,Normal Activity,0,0.398380309343338,0
824,7,Normal Activity,0,0.0941825807094574,0
825,7,Normal Activity,0,0.5111686587333679,1
826,7,Normal Activity,0,0.2678728997707367,0
827,7,Normal Activity,0,0.15396150946617126,0
828,7,Normal Activity,0,0.026793859899044037,0
829,7,Normal Activity,0,0.06786239147186279,0
830,7,Normal Activity,0,0.1382685750722885,0
831,7,Normal Activity,0,0.15185749530792236,0
832,7,Normal Activity,0,0.0782400518655777,0
833,7,Normal Activity,0,0.053707949817180634,0
834,7,Normal Activity,0,0.025784216821193695,0
835,7,Normal Activity,0,0.012405053712427616,0
836,7,Normal Activity,0,0.07056980580091476,0
837,7,Normal Activity,0,0.02788027748465538,0
838,7,Normal Activity,0,0.017180074006319046,0
839,7,Normal Activity,0,0.8779450058937073,1
840,7,Normal Activity,0,0.13892215490341187,0
841,7,Normal Activity,0,0.2128177136182785,0
842,7,Normal Activity,0,0.009862112812697887,0
843,7,Normal Activity,0,0.021806146949529648,0
844,7,Normal Activity,0,0.036469992250204086,0
845,7,Normal Activity,0,0.01756870001554489,0
846,7,Normal Activity,0,0.04448290169239044,0
847,7,Normal Activity,0,0.04224630817770958,0
848,7,Normal Activity,0,0.019126232713460922,0
849,7,Normal Activity,0,0.01346918847411871,0
850,7,Normal Activity,0,0.06830305606126785,0
851,7,Normal Activity,0,0.04257792979478836,0
852,7,Normal Activity,0,0.0777210220694542,0
853,7,Normal Activity,0,0.035846877843141556,0
854,7,Normal Activity,0,0.8988398313522339,1
855,7,Normal Activity,0,0.7308183312416077,1
856,7,Normal Activity,0,0.792827844619751,1
857,7,Normal Activity,0,0.8304291367530823,1
858,7,Normal Activity,0,0.8428618907928467,1
859,7,Normal Activity,0,0.8287437558174133,1
860,7,Normal Activity,0,0.14289970695972443,0
861,7,Normal Activity,0,0.009748064912855625,0
862,7,Normal Activity,0,0.012951360084116459,0
863,7,Normal Activity,0,0.01275631133466959,0
864,7,Normal Activity,0,0.030652940273284912,0
865,7,Normal Activity,0,0.07503072917461395,0
866,7,Normal Activity,0,0.05636655539274216,0
867,7,Normal Activity,0,0.11986836791038513,0
868,7,Normal Activity,0,0.03718959167599678,0
869,7,Normal Activity,0,0.023829586803913116,0
870,7,Normal Activity,0,0.012742087244987488,0
871,7,Normal Activity,0,0.00781343411654234,0
872,7,Normal Activity,0,0.21811474859714508,0
873,7,Normal Activity,0,0.2640053629875183,0
874,7,Normal Activity,0,0.030093779787421227,0
875,7,Normal Activity,0,0.03064788319170475,0
876,7,Normal Activity,0,0.03304356709122658,0
877,7,Normal Activity,0,0.170195072889328,0
878,7,Normal Activity,0,0.4105144441127777,0
879,7,Normal Activity,0,0.03341410309076309,0
880,7,Normal Activity,0,0.02107364870607853,0
881,7,Normal Activity,0,0.02270764485001564,0
882,7,Normal Activity,0,0.7368590235710144,1
883,7,Normal Activity,0,0.18758109211921692,0
884,7,Normal Activity,0,0.02403864823281765,0
885,7,Normal Activity,0,0.04551013559103012,0
886,7,Normal Activity,0,0.05063480883836746,0
887,8,Normal Activity,0,0.020063092932105064,0
888,8,Normal Activity,0,0.019022546708583832,0
889,8,Normal Activity,0,0.005836077965795994,0
890,8,Normal Activity,0,0.033453650772571564,0
891,8,Normal Activity,0,0.3851942718029022,0
892,8,Normal Activity,0,0.5618858337402344,1
893,8,Normal Activity,0,0.05728112533688545,0
894,8,Normal Activity,0,0.07842905819416046,0
895,8,Normal Activity,0,0.04023163393139839,0
896,8,Normal Activity,0,0.03468717262148857,0
897,8,Normal Activity,0,0.019581926986575127,0
898,8,Normal Activity,0,0.02202528901398182,0
899,8,Normal Activity,0,0.1659402996301651,0
900,8,Normal Activity,0,0.0411347858607769,0
901,8,Normal Activity,0,0.20499658584594727,0
902,8,Normal Activity,0,0.5518162250518799,1
903,8,Normal Activity,0,0.24104870855808258,0
904,8,Normal Activity,0,0.39120349287986755,0
905,8,Normal Activity,0,0.2831667959690094,0
906,8,Normal Activity,0,0.196510910987854,0
907,8,Normal Activity,0,0.3165758550167084,0
908,8,Normal Activity,0,0.07316438108682632,0
909,8,Normal Activity,0,0.01056354958564043,0
910,8,Normal Activity,0,0.05277005210518837,0
911,8,Normal Activity,0,0.016110839322209358,0
912,8,Normal Activity,0,0.4444040060043335,0
913,8,Normal Activity,0,0.07185827940702438,0
914,8,Normal Activity,0,0.018811924383044243,0
915,8,Normal Activity,0,0.018850034102797508,0
916,8,Normal Activity,0,0.01953999325633049,0
917,8,Normal Activity,0,0.03784136846661568,0
918,8,Normal Activity,0,0.05277899280190468,0
919,8,Normal Activity,0,0.013997906818985939,0
920,8,Normal Activity,0,0.011065416038036346,0
921,8,Normal Activity,0,0.005977827589958906,0
922,8,Normal Activity,0,0.015939805656671524,0
923,8,Normal Activity,0,0.010039697401225567,0
924,8,Normal Activity,0,0.004559897817671299,0
925,8,Normal Activity,0,0.003606196027249098,0
926,8,Normal Activity,0,0.014738485217094421,0
927,8,Normal Activity,0,0.00705906143411994,0
928,8,Normal Activity,0,0.04373180493712425,0
929,8,Normal Activity,0,0.06005468964576721,0
930,8,Normal Activity,0,0.023120928555727005,0
931,8,Normal Activity,0,0.05511311814188957,0
932,8,Normal Activity,0,0.10698600858449936,0
933,8,Normal Activity,0,0.05903827026486397,0
934,8,Normal Activity,0,0.0834655910730362,0
935,8,Normal Activity,0,0.015394238755106926,0
936,8,Normal Activity,0,0.006753025576472282,0
937,8,Normal Activity,0,0.09260512888431549,0
938,8,Normal Activity,0,0.24078191816806793,0
939,8,Normal Activity,0,0.04763415455818176,0
940,8,Normal Activity,0,0.004454158712178469,0
941,8,Normal Activity,0,0.003244768362492323,0
942,8,Normal Activity,0,0.005547680426388979,0
943,8,Normal Activity,0,0.030430376529693604,0
944,8,Normal Activity,0,0.7472249865531921,1
945,8,Normal Activity,0,0.7313718199729919,1
946,8,Normal Activity,0,0.06875107437372208,0
947,8,Normal Activity,0,0.04348225146532059,0
948,8,Normal Activity,0,0.10212960839271545,0
949,8,Normal Activity,0,0.07866600155830383,0
950,8,Normal Activity,0,0.05595673248171806,0
951,8,Normal Activity,0,0.09416501224040985,0
952,8,Normal Activity,0,0.01059524342417717,0
953,8,Normal Activity,0,0.035462480038404465,0
954,8,Normal Activity,0,0.03089701570570469,0
955,8,Normal Activity,0,0.009841781109571457,0
956,8,Normal Activity,0,0.7651833891868591,1
957,8,Normal Activity,0,0.40532341599464417,0
958,8,Normal Activity,0,0.01472835149616003,0
959,8,Normal Activity,0,0.03440970927476883,0
960,8,Normal Activity,0,0.005822611972689629,0
961,8,Normal Activity,0,0.4305337369441986,0
962,8,Normal Activity,0,0.2657851576805115,0
963,8,Normal Activity,0,0.24813701212406158,0
964,8,Normal Activity,0,0.13547231256961823,0
965,8,Normal Activity,0,0.02300485409796238,0
966,8,Normal Activity,0,0.7757821083068848,1
967,8,Normal Activity,0,0.41092154383659363,0
968,8,Normal Activity,0,0.1918855458498001,0
969,8,Normal Activity,0,0.01179959625005722,0
970,8,Normal Activity,0,0.011020548641681671,0
971,8,Normal Activity,0,0.071119524538517,0
972,8,Normal Activity,0,0.12349573522806168,0
973,8,Normal Activity,0,0.11217527836561203,0
974,8,Normal Activity,0,0.04836605116724968,0
975,8,Normal Activity,0,0.13854272663593292,0
976,8,Normal Activity,0,0.023474929854273796,0
977,8,Normal Activity,0,0.03844103217124939,0
978,8,Normal Activity,0,0.04842429980635643,0
979,8,Normal Activity,0,0.3997706472873688,0
980,8,Normal Activity,0,0.19757376611232758,0
981,8,Normal Activity,0,0.05002009868621826,0
982,8,Normal Activity,0,0.05874526873230934,0
983,8,Normal Activity,0,0.35530972480773926,0
984,8,Normal Activity,0,0.41866475343704224,0
985,8,Normal Activity,0,0.39691513776779175,0
986,8,Normal Activity,0,0.13776341080665588,0
987,8,Normal Activity,0,0.21471136808395386,0
988,8,Normal Activity,0,0.28281646966934204,0
989,8,Normal Activity,0,0.11687412112951279,0
990,8,Normal Activity,0,0.24964021146297455,0
991,8,Normal Activity,0,0.2512902617454529,0
992,8,Normal Activity,0,0.06969841569662094,0
993,8,Normal Activity,0,0.17307011783123016,0
994,8,Normal Activity,0,0.43749454617500305,0
995,8,Normal Activity,0,0.1991405189037323,0
996,8,Normal Activity,0,0.0946720615029335,0
997,8,Normal Activity,0,0.11955569684505463,0
998,8,Normal Activity,0,0.10309839248657227,0
999,8,Normal Activity,0,0.02698366716504097,0
1000,8,Normal Activity,0,0.04913605377078056,0
1001,8,Normal Activity,0,0.09005215018987656,0
1002,8,Normal Activity,0,0.8358175158500671,1
1003,8,Normal Activity,0,0.8815183639526367,1
1004,8,Normal Activity,0,0.1535247564315796,0
1005,8,Normal Activity,0,0.7013781666755676,1
1006,8,Normal Activity,0,0.17875009775161743,0
1007,8,Normal Activity,0,0.12568560242652893,0
1008,8,Normal Activity,0,0.08379998803138733,0
1009,8,Normal Activity,0,0.1488744467496872,0
1010,8,Normal Activity,0,0.059732019901275635,0
1011,8,Normal Activity,0,0.024480849504470825,0
1012,8,Normal Activity,0,0.09298334270715714,0
1013,8,Normal Activity,0,0.28649741411209106,0
1014,8,Normal Activity,0,0.12794524431228638,0
1015,8,Normal Activity,0,0.058013834059238434,0
1016,8,Normal Activity,0,0.5356581211090088,1
1017,8,Normal Activity,0,0.7345091700553894,1
1018,8,Normal Activity,0,0.02632291615009308,0
1019,8,Normal Activity,0,0.008116750977933407,0
1020,8,Normal Activity,0,0.06779268383979797,0
1021,8,Normal Activity,0,0.32271650433540344,0
1022,8,Normal Activity,0,0.3749447762966156,0
1023,8,Normal Activity,0,0.08283482491970062,0
1024,8,Normal Activity,0,0.009172127582132816,0
1025,8,Normal Activity,0,0.024025773629546165,0
1026,8,Normal Activity,0,0.014076671563088894,0
1027,8,Normal Activity,0,0.037357185035943985,0
1028,8,Normal Activity,0,0.013585695996880531,0
1029,8,Normal Activity,0,0.46451666951179504,0
1030,8,Normal Activity,0,0.39270690083503723,0
1031,8,Normal Activity,0,0.2552838921546936,0
1032,8,Normal Activity,0,0.280453622341156,0
1033,8,Normal Activity,0,0.3022412955760956,0
1034,8,Normal Activity,0,0.1617637574672699,0
1035,8,Normal Activity,0,0.11829967051744461,0
1036,8,Normal Activity,0,0.004278183914721012,0
1037,8,Normal Activity,0,0.04380390793085098,0
1038,8,Normal Activity,0,0.4413035213947296,0
1039,8,Normal Activity,0,0.34043583273887634,0
1040,8,Normal Activity,0,0.01596161536872387,0
1041,8,Normal Activity,0,0.013816744089126587,0
1042,8,Normal Activity,0,0.0417068786919117,0
1043,8,Normal Activity,0,0.10000482946634293,0
1044,8,Normal Activity,0,0.22854049503803253,0
1045,8,Normal Activity,0,0.08139169216156006,0
1046,8,Normal Activity,0,0.2890709340572357,0
1047,8,Normal Activity,0,0.14739498496055603,0
1048,8,Normal Activity,0,0.09343826770782471,0
1049,8,Normal Activity,0,0.028142794966697693,0
1050,8,Normal Activity,0,0.015854300931096077,0
1051,8,Normal Activity,0,0.01369797345250845,0
1052,8,Normal Activity,0,0.15655849874019623,0
1053,8,Normal Activity,0,0.11164858192205429,0
1054,8,Normal Activity,0,0.06531353294849396,0
1055,8,Normal Activity,0,0.08398270606994629,0
1056,8,Normal Activity,0,0.06559589505195618,0
1057,8,Normal Activity,0,0.031009182333946228,0
1058,8,Normal Activity,0,0.021814322099089622,0
1059,8,Normal Activity,0,0.04736695811152458,0
1060,8,Normal Activity,0,0.13406430184841156,0
1061,8,Normal Activity,0,0.405560702085495,0
1062,8,Normal Activity,0,0.1129109114408493,0
1063,8,Normal Activity,0,0.22412529587745667,0
1064,8,Normal Activity,0,0.2030426561832428,0
1065,8,Normal Activity,0,0.2363259196281433,0
1066,8,Normal Activity,0,0.06751634925603867,0
1067,8,Normal Activity,0,0.011459789238870144,0
1068,8,Normal Activity,0,0.15338176488876343,0
1069,8,Normal Activity,0,0.09043612331151962,0
1070,8,Normal Activity,0,0.07763166725635529,0
1071,8,Normal Activity,0,0.12821857631206512,0
1072,8,Normal Activity,0,0.03449678421020508,0
1073,8,Normal Activity,0,0.4727151393890381,0
1074,8,Normal Activity,0,0.5459938049316406,1
1075,8,Normal Activity,0,0.2029092162847519,0
1076,8,Normal Activity,0,0.1542627215385437,0
1077,8,Normal Activity,0,0.26898157596588135,0
1078,8,Normal Activity,0,0.05835806205868721,0
1079,8,Normal Activity,0,0.2830841839313507,0
1080,8,Normal Activity,0,0.03904084861278534,0
1081,8,Normal Activity,0,0.009080677293241024,0
1082,8,Normal Activity,0,0.13068558275699615,0
1083,8,Normal Activity,0,0.020491885021328926,0
1084,8,Normal Activity,0,0.09662697464227676,0
1085,8,Normal Activity,0,0.045110661536455154,0
1086,8,Normal Activity,0,0.032387129962444305,0
1087,8,Normal Activity,0,0.011610268615186214,0
1088,8,Normal Activity,0,0.14840048551559448,0
1089,8,Normal Activity,0,0.32173651456832886,0
1090,8,Normal Activity,0,0.46924588084220886,0
1091,8,Normal Activity,0,0.46960827708244324,0
1092,8,Normal Activity,0,0.6250401139259338,1
1093,8,Normal Activity,0,0.8515798449516296,1
1094,8,Normal Activity,0,0.7030786871910095,1
1095,8,Normal Activity,0,0.6194701194763184,1
1096,8,Normal Activity,0,0.3058371841907501,0
1097,8,Normal Activity,0,0.19015765190124512,0
1098,8,Normal Activity,0,0.019889608025550842,0
1099,8,Normal Activity,0,0.03514450043439865,0
1100,8,Normal Activity,0,0.17903710901737213,0
1101,8,Normal Activity,0,0.07529303431510925,0
1102,8,Normal Activity,0,0.8561071753501892,1
1103,8,Normal Activity,0,0.36117425560951233,0
1104,8,Normal Activity,0,0.37000107765197754,0
1105,8,Normal Activity,0,0.41210028529167175,0
1106,8,Normal Activity,0,0.21086567640304565,0
1107,8,Normal Activity,0,0.23834289610385895,0
1108,8,Normal Activity,0,0.03719165548682213,0
1109,8,Normal Activity,0,0.049369927495718,0
1110,8,Normal Activity,0,0.15173909068107605,0
1111,8,Normal Activity,0,0.02724144048988819,0
1112,8,Normal Activity,0,0.01837405003607273,0
1113,8,Normal Activity,0,0.034494221210479736,0
1114,8,Normal Activity,0,0.05668108910322189,0
1115,8,Normal Activity,0,0.2522696554660797,0
1116,8,Normal Activity,0,0.06756558269262314,0
1117,8,Normal Activity,0,0.02486048825085163,0
1118,8,Normal Activity,0,0.02978256531059742,0
1119,8,Normal Activity,0,0.008677818812429905,0
1120,8,Normal Activity,0,0.1202145516872406,0
1121,8,Normal Activity,0,0.08030150830745697,0
1122,8,Normal Activity,0,0.017737479880452156,0
1123,8,Normal Activity,0,0.0373556986451149,0
1124,8,Normal Activity,0,0.01604120060801506,0
1125,8,Normal Activity,0,0.048234857618808746,0
1126,8,Normal Activity,0,0.01630816049873829,0
1127,8,Normal Activity,0,0.12059248238801956,0
1128,8,Normal Activity,0,0.28866779804229736,0
1129,8,Normal Activity,0,0.14173269271850586,0
1130,8,Normal Activity,0,0.06811194866895676,0
1131,8,Normal Activity,0,0.041082415729761124,0
1132,8,Normal Activity,0,0.19637800753116608,0
1133,8,Normal Activity,0,0.2272850126028061,0
1134,8,Normal Activity,0,0.010504801757633686,0
1135,8,Normal Activity,0,0.019782213494181633,0
1136,8,Normal Activity,0,0.029583321884274483,0
1137,8,Normal Activity,0,0.4459257125854492,0
1138,8,Normal Activity,0,0.37887972593307495,0
1139,8,Normal Activity,0,0.10062157362699509,0
1140,8,Normal Activity,0,0.11419492959976196,0
1141,8,Normal Activity,0,0.4154444932937622,0
1142,8,Normal Activity,0,0.13703720271587372,0
1143,8,Normal Activity,0,0.09208633005619049,0
1144,8,Normal Activity,0,0.2967575490474701,0
1145,8,Normal Activity,0,0.29777494072914124,0
1146,8,Normal Activity,0,0.07055185735225677,0
1147,8,Normal Activity,0,0.04834491014480591,0
1148,8,Normal Activity,0,0.02547355741262436,0
1149,8,Normal Activity,0,0.1395166516304016,0
1150,8,Normal Activity,0,0.11410988122224808,0
1151,8,Normal Activity,0,0.018161913380026817,0
1152,8,Normal Activity,0,0.022998478263616562,0
1153,8,Normal Activity,0,0.021597063168883324,0
1154,8,Normal Activity,0,0.015750454738736153,0
1155,8,Normal Activity,0,0.01763089746236801,0
1156,8,Normal Activity,0,0.07752566784620285,0
1157,8,Normal Activity,0,0.11072599142789841,0
1158,8,Normal Activity,0,0.012368869967758656,0
1159,8,Normal Activity,0,0.04660375788807869,0
1160,8,Normal Activity,0,0.028896084055304527,0
1161,8,Normal Activity,0,0.0217148307710886,0
1162,8,Normal Activity,0,0.010389887727797031,0
1163,8,Normal Activity,0,0.03859040513634682,0
1164,8,Normal Activity,0,0.040990348905324936,0
1165,8,Normal Activity,0,0.018918046727776527,0
1166,8,Normal Activity,0,0.011272847652435303,0
1167,8,Normal Activity,0,0.0069060842506587505,0
1168,8,Normal Activity,0,0.008915604092180729,0
1169,8,Normal Activity,0,0.00867624394595623,0
1170,8,Normal Activity,0,0.6623170971870422,1
1171,8,Normal Activity,0,0.03258998692035675,0
1172,8,Normal Activity,0,0.0627213642001152,0
1173,8,Normal Activity,0,0.02839597687125206,0
1174,8,Normal Activity,0,0.046556536108255386,0
1175,8,Normal Activity,0,0.0841984897851944,0
1176,8,Normal Activity,0,0.033644359558820724,0
1177,8,Normal Activity,0,0.06317217648029327,0
1178,8,Normal Activity,0,0.07936505228281021,0
1179,8,Normal Activity,0,0.022485464811325073,0
1180,8,Normal Activity,0,0.03404048830270767,0
1181,8,Normal Activity,0,0.035435568541288376,0
1182,8,Normal Activity,0,0.7257181406021118,1
1183,8,Normal Activity,0,0.515468955039978,1
1184,8,Normal Activity,0,0.15609227120876312,0
1185,8,Normal Activity,0,0.021146826446056366,0
1186,8,Normal Activity,0,0.04500874876976013,0
1187,8,Normal Activity,0,0.3497282862663269,0
1188,8,Normal Activity,0,0.7645906805992126,1
1189,8,Normal Activity,0,0.3649517893791199,0
1190,8,Normal Activity,0,0.5252085328102112,1
1191,8,Normal Activity,0,0.3495034873485565,0
1192,8,Normal Activity,0,0.3429352641105652,0
1193,8,Normal Activity,0,0.8098347783088684,1
1194,8,Normal Activity,0,0.3744722306728363,0
1195,8,Normal Activity,0,0.0835401639342308,0
1196,8,Normal Activity,0,0.024159127846360207,0
1197,8,Normal Activity,0,0.1496170163154602,0
1198,8,Normal Activity,0,0.6688449382781982,1
1199,8,Normal Activity,0,0.2620888650417328,0
1200,8,Normal Activity,0,0.24626843631267548,0
1201,8,Normal Activity,0,0.050064705312252045,0
1202,8,Normal Activity,0,0.15049149096012115,0
1203,8,Normal Activity,0,0.028590228408575058,0
1204,8,Normal Activity,0,0.026660263538360596,0
1205,8,Normal Activity,0,0.006717733573168516,0
1206,8,Normal Activity,0,0.04457465186715126,0
1207,8,Normal Activity,0,0.08488987386226654,0
1208,8,Normal Activity,0,0.09452024102210999,0
1209,8,Normal Activity,0,0.09771264344453812,0
1210,8,Normal Activity,0,0.05132610350847244,0
1211,8,Normal Activity,0,0.03095092624425888,0
1212,8,Normal Activity,0,0.06159120053052902,0
1213,8,Normal Activity,0,0.24316491186618805,0
1214,8,Normal Activity,0,0.13949911296367645,0
1215,8,Normal Activity,0,0.08477477729320526,0
1216,8,Normal Activity,0,0.04594657942652702,0
1217,8,Normal Activity,0,0.23299601674079895,0
1218,8,Normal Activity,0,0.2685457766056061,0
1219,8,Normal Activity,0,0.7699434757232666,1
1220,8,Normal Activity,0,0.6253653168678284,1
1221,8,Normal Activity,0,0.22398443520069122,0
1222,8,Normal Activity,0,0.3102608919143677,0
1223,8,Normal Activity,0,0.5488078594207764,1
1224,8,Normal Activity,0,0.29833948612213135,0
1225,8,Normal Activity,0,0.6766722202301025,1
1226,8,Normal Activity,0,0.5917328000068665,1
1227,8,Normal Activity,0,0.4861598312854767,0
1228,8,Normal Activity,0,0.49021947383880615,0
1229,8,Normal Activity,0,0.416506826877594,0
1230,8,Normal Activity,0,0.6195902824401855,1
1231,8,Normal Activity,0,0.27586859464645386,0
1232,8,Normal Activity,0,0.09088928997516632,0
1233,8,Normal Activity,0,0.16272655129432678,0
1234,8,Normal Activity,0,0.08181779831647873,0
1235,8,Normal Activity,0,0.06468112021684647,0
1236,8,Normal Activity,0,0.18062782287597656,0
1237,8,Normal Activity,0,0.3276635706424713,0
1238,8,Normal Activity,0,0.16982600092887878,0
1239,8,Normal Activity,0,0.3661937415599823,0
1240,8,Normal Activity,0,0.04306635633111,0
1241,8,Normal Activity,0,0.010570922866463661,0
1242,8,Normal Activity,0,0.015916651114821434,0
1243,8,Normal Activity,0,0.02089540660381317,0
1244,8,Normal Activity,0,0.03825359418988228,0
1245,8,Normal Activity,0,0.025990448892116547,0
1246,8,Normal Activity,0,0.15743984282016754,0
1247,8,Normal Activity,0,0.007210972253233194,0
1248,8,Normal Activity,0,0.00876647513359785,0
1249,8,Normal Activity,0,0.00576045410707593,0
1250,8,Normal Activity,0,0.0059637450613081455,0
1251,8,Normal Activity,0,0.013001580722630024,0
1252,8,Normal Activity,0,0.03134902939200401,0
1253,8,Normal Activity,0,0.10381849855184555,0
1254,8,Normal Activity,0,0.03473809361457825,0
1255,8,Normal Activity,0,0.042814917862415314,0
1256,8,Normal Activity,0,0.09501709043979645,0
1257,8,Normal Activity,0,0.10833824425935745,0
1258,8,Normal Activity,0,0.08090599626302719,0
1259,8,Normal Activity,0,0.5842244029045105,1
1260,8,Normal Activity,0,0.06451530009508133,0
1261,8,Normal Activity,0,0.010913419537246227,0
1262,8,Normal Activity,0,0.0150559451431036,0
1263,8,Normal Activity,0,0.07392933964729309,0
1264,8,Normal Activity,0,0.06202050670981407,0
1265,8,Normal Activity,0,0.1640496850013733,0
1266,8,Normal Activity,0,0.12569338083267212,0
1267,8,Normal Activity,0,0.1258200854063034,0
1268,8,Normal Activity,0,0.012165510095655918,0
1269,8,Normal Activity,0,0.009444061666727066,0
1270,8,Normal Activity,0,0.008069873787462711,0
1271,8,Normal Activity,0,0.027619415894150734,0
1272,8,Normal Activity,0,0.07216188311576843,0
1273,8,Normal Activity,0,0.6964859962463379,1
1274,8,Normal Activity,0,0.5872706770896912,1
1275,8,Normal Activity,0,0.5624416470527649,1
1276,8,Normal Activity,0,0.4448120892047882,0
1277,8,Normal Activity,0,0.04163479432463646,0
1278,8,Normal Activity,0,0.19594743847846985,0
1279,8,Normal Activity,0,0.021750768646597862,0
1280,8,Normal Activity,0,0.00975885521620512,0
1281,8,Normal Activity,0,0.014909024350345135,0
1282,8,Normal Activity,0,0.03899667039513588,0
1283,8,Normal Activity,0,0.46473705768585205,0
1284,8,Normal Activity,0,0.022885030135512352,0
1285,8,Normal Activity,0,0.009716025553643703,0
1286,8,Normal Activity,0,0.01583426259458065,0
1287,8,Normal Activity,0,0.0738837867975235,0
1288,8,Normal Activity,0,0.011303885839879513,0
1289,8,Normal Activity,0,0.014383126981556416,0
1290,8,Normal Activity,0,0.06639928370714188,0
1291,8,Normal Activity,0,0.018644921481609344,0
1292,8,Normal Activity,0,0.10287454724311829,0
1293,8,Normal Activity,0,0.3579575717449188,0
1294,8,Normal Activity,0,0.18811315298080444,0
1295,8,Normal Activity,0,0.050417184829711914,0
1296,8,Normal Activity,0,0.025936182588338852,0
1297,8,Normal Activity,0,0.04840266332030296,0
1298,8,Normal Activity,0,0.17069187760353088,0
1299,8,Normal Activity,0,0.35943904519081116,0
1300,8,Normal Activity,0,0.20945116877555847,0
1301,8,Normal Activity,0,0.09817617386579514,0
1302,8,Normal Activity,0,0.5461527705192566,1
1303,8,Normal Activity,0,0.12754181027412415,0
1304,8,Normal Activity,0,0.27911874651908875,0
1305,8,Normal Activity,0,0.19720476865768433,0
1306,8,Normal Activity,0,0.159382164478302,0
1307,8,Normal Activity,0,0.6921828389167786,1
1308,8,Normal Activity,0,0.5223309993743896,1
1309,8,Normal Activity,0,0.740251898765564,1
1310,8,Normal Activity,0,0.12682068347930908,0
1311,8,Normal Activity,0,0.05273541808128357,0
1312,8,Normal Activity,0,0.030188659206032753,0
1313,8,Normal Activity,0,0.0058775790967047215,0
1314,8,Normal Activity,0,0.10798879712820053,0
1315,8,Normal Activity,0,0.07049460709095001,0
1316,8,Normal Activity,0,0.2750352919101715,0
1317,8,Normal Activity,0,0.13643363118171692,0
1318,8,Normal Activity,0,0.09660006314516068,0
1319,8,Normal Activity,0,0.01754636876285076,0
1320,8,Normal Activity,0,0.07377221435308456,0
1321,8,Normal Activity,0,0.4673541188240051,0
1322,8,Normal Activity,0,0.1407623589038849,0
1323,8,Normal Activity,0,0.049167003482580185,0
1324,8,Normal Activity,0,0.04541637375950813,0
1325,8,Normal Activity,0,0.08756739646196365,0
1326,8,Normal Activity,0,0.11761670559644699,0
1327,8,Normal Activity,0,0.2865324914455414,0
1328,8,Normal Activity,0,0.558477520942688,1
1329,8,Normal Activity,0,0.12053872644901276,0
1330,8,Normal Activity,0,0.1382022351026535,0
1331,8,Normal Activity,0,0.10646815598011017,0
1332,8,Normal Activity,0,0.10355540364980698,0
1333,8,Normal Activity,0,0.14579710364341736,0
1334,8,Normal Activity,0,0.09587614983320236,0
1335,8,Normal Activity,0,0.010160354897379875,0
1336,8,Normal Activity,0,0.04146376997232437,0
1337,8,Normal Activity,0,0.025580190122127533,0
1338,8,Normal Activity,0,0.009425857104361057,0
1339,8,Normal Activity,0,0.00852198526263237,0
1340,8,Normal Activity,0,0.13943450152873993,0
1341,8,Normal Activity,0,0.15735018253326416,0
1342,8,Normal Activity,0,0.23682668805122375,0
1343,8,Normal Activity,0,0.18381473422050476,0
1344,8,Normal Activity,0,0.16554854810237885,0
1345,8,Normal Activity,0,0.0071777962148189545,0
1346,8,Normal Activity,0,0.0046473657712340355,0
1347,8,Normal Activity,0,0.018406471237540245,0
1348,8,Normal Activity,0,0.053599242120981216,0
1349,8,Normal Activity,0,0.03359820693731308,0
1350,8,Normal Activity,0,0.013123221695423126,0
1351,8,Normal Activity,0,0.033483751118183136,0
1352,8,Normal Activity,0,0.007286890875548124,0
1353,8,Normal Activity,0,0.01338632870465517,0
1354,8,Normal Activity,0,0.0056416732259094715,0
1355,8,Normal Activity,0,0.2328653186559677,0
1356,8,Normal Activity,0,0.08944989740848541,0
1357,8,Normal Activity,0,0.05910588428378105,0
1358,8,Normal Activity,0,0.037017930299043655,0
1359,8,Normal Activity,0,0.05540754273533821,0
1360,8,Normal Activity,0,0.06304340809583664,0
1361,8,Normal Activity,0,0.230464369058609,0
1362,8,Normal Activity,0,0.20253966748714447,0
1363,8,Normal Activity,0,0.33137547969818115,0
1364,8,Normal Activity,0,0.4101455509662628,0
1365,8,Normal Activity,0,0.16146884858608246,0
1366,8,Normal Activity,0,0.70313960313797,1
1367,8,Normal Activity,0,0.6891962885856628,1
1368,8,Normal Activity,0,0.7964444756507874,1
1369,8,Normal Activity,0,0.8156660199165344,1
1370,8,Normal Activity,0,0.8623883128166199,1
1371,8,Normal Activity,0,0.07827038317918777,0
1372,8,Normal Activity,0,0.15223710238933563,0
1373,8,Normal Activity,0,0.016135619953274727,0
1374,8,Normal Activity,0,0.0074575371108949184,0
1375,8,Normal Activity,0,0.03112587332725525,0
1376,8,Normal Activity,0,0.207209050655365,0
1377,8,Normal Activity,0,0.18631288409233093,0
1378,8,Normal Activity,0,0.01649252139031887,0
1379,8,Normal Activity,0,0.021291479468345642,0
1380,8,Normal Activity,0,0.015674570575356483,0
1381,8,Normal Activity,0,0.8129807710647583,1
1382,8,Normal Activity,0,0.3023761212825775,0
1383,8,Normal Activity,0,0.28705236315727234,0
1384,8,Normal Activity,0,0.38453397154808044,0
1385,8,Normal Activity,0,0.16991882026195526,0
1386,9,Normal Activity,0,0.1281939446926117,0
1387,9,Normal Activity,0,0.04000582545995712,0
1388,9,Normal Activity,0,0.07377073168754578,0
1389,9,Normal Activity,0,0.0318446010351181,0
1390,9,Normal Activity,0,0.033610742539167404,0
1391,9,Normal Activity,0,0.01906733028590679,0
1392,9,Normal Activity,0,0.020578131079673767,0
1393,9,Normal Activity,0,0.32448944449424744,0
1394,9,Normal Activity,0,0.01789126917719841,0
1395,9,Normal Activity,0,0.009943326003849506,0
1396,9,Normal Activity,0,0.010373495519161224,0
1397,9,Normal Activity,0,0.06452024728059769,0
1398,9,Normal Activity,0,0.08955633640289307,0
1399,9,Normal Activity,0,0.07003586739301682,0
1400,9,Normal Activity,0,0.19810417294502258,0
1401,9,Normal Activity,0,0.04177716374397278,0
1402,9,Normal Activity,0,0.03600306063890457,0
1403,9,Normal Activity,0,0.038857512176036835,0
1404,9,Normal Activity,0,0.05120187997817993,0
1405,9,Normal Activity,0,0.05213230103254318,0
1406,9,Normal Activity,0,0.0792909786105156,0
1407,9,Normal Activity,0,0.2923947274684906,0
1408,9,Normal Activity,0,0.3227695822715759,0
1409,9,Normal Activity,0,0.24786674976348877,0
1410,9,Normal Activity,0,0.192843958735466,0
1411,9,Normal Activity,0,0.4256478250026703,0
1412,9,Normal Activity,0,0.3028697669506073,0
1413,9,Normal Activity,0,0.8371734023094177,1
1414,9,Normal Activity,0,0.42456939816474915,0
1415,9,Normal Activity,0,0.2191190868616104,0
1416,9,Normal Activity,0,0.7516387701034546,1
1417,9,Normal Activity,0,0.7945857644081116,1
1418,9,Normal Activity,0,0.7194474339485168,1
1419,9,Normal Activity,0,0.5213202834129333,1
1420,9,Normal Activity,0,0.293356716632843,0
1421,9,Normal Activity,0,0.2528294026851654,0
1422,9,Normal Activity,0,0.718815803527832,1
1423,9,Normal Activity,0,0.6003612279891968,1
1424,9,Normal Activity,0,0.7613642811775208,1
1425,9,Normal Activity,0,0.1348460614681244,0
1426,9,Normal Activity,0,0.14203885197639465,0
1427,9,Normal Activity,0,0.3396110534667969,0
1428,9,Normal Activity,0,0.2045615166425705,0
1429,9,Normal Activity,0,0.05289345234632492,0
1430,9,Normal Activity,0,0.019242428243160248,0
1431,9,Normal Activity,0,0.03709810599684715,0
1432,9,Normal Activity,0,0.07935834676027298,0
1433,9,Normal Activity,0,0.2958701550960541,0
1434,9,Normal Activity,0,0.11660952121019363,0
1435,9,Normal Activity,0,0.6123201847076416,1
1436,9,Normal Activity,0,0.2079143226146698,0
1437,9,Normal Activity,0,0.6428475975990295,1
1438,9,Normal Activity,0,0.3662295639514923,0
1439,9,Normal Activity,0,0.20103709399700165,0
1440,9,Normal Activity,0,0.2878684997558594,0
1441,9,Normal Activity,0,0.4304122030735016,0
1442,9,Normal Activity,0,0.5052284598350525,1
1443,9,Normal Activity,0,0.8612436652183533,1
1444,9,Normal Activity,0,0.3886754512786865,0
1445,9,Normal Activity,0,0.14669200778007507,0
1446,9,Normal Activity,0,0.19557902216911316,0
1447,9,Normal Activity,0,0.8276516795158386,1
1448,9,Normal Activity,0,0.7730355858802795,1
1449,9,Normal Activity,0,0.51432865858078,1
1450,9,Normal Activity,0,0.2884085774421692,0
1451,9,Normal Activity,0,0.10256961733102798,0
1452,10,Normal Activity,0,0.17425398528575897,0
1453,10,Normal Activity,0,0.3966139256954193,0
1454,10,Normal Activity,0,0.12960082292556763,0
1455,10,Normal Activity,0,0.12501326203346252,0
1456,10,Normal Activity,0,0.2322125881910324,0
1457,10,Normal Activity,0,0.548202395439148,1
1458,10,Normal Activity,0,0.7471175789833069,1
1459,10,Normal Activity,0,0.31932395696640015,0
1460,10,Normal Activity,0,0.9167497158050537,1
1461,10,Normal Activity,0,0.5452208518981934,1
1462,10,Normal Activity,0,0.4548027217388153,0
1463,10,Normal Activity,0,0.0633712112903595,0
1464,10,Normal Activity,0,0.11520739644765854,0
1465,10,Normal Activity,0,0.08335395157337189,0
1466,10,Normal Activity,0,0.093546062707901,0
1467,10,Normal Activity,0,0.13980704545974731,0
1468,10,Normal Activity,0,0.07122297585010529,0
1469,10,Normal Activity,0,0.060377031564712524,0
1470,10,Normal Activity,0,0.04147117957472801,0
1471,10,Normal Activity,0,0.10652400553226471,0
1472,10,Normal Activity,0,0.02359708584845066,0
1473,10,Normal Activity,0,0.3103224039077759,0
1474,10,Normal Activity,0,0.1273525208234787,0
1475,10,Normal Activity,0,0.03908463940024376,0
1476,10,Normal Activity,0,0.09073707461357117,0
1477,10,Normal Activity,0,0.06443186104297638,0
1478,10,Normal Activity,0,0.27562662959098816,0
1479,10,Normal Activity,0,0.34202563762664795,0
1480,10,Normal Activity,0,0.13376030325889587,0
1481,10,Normal Activity,0,0.012094328179955482,0
1482,10,Normal Activity,0,0.08225992321968079,0
1483,10,Normal Activity,0,0.04698990657925606,0
1484,10,Normal Activity,0,0.8514307141304016,1
1485,10,Normal Activity,0,0.8753209710121155,1
1486,10,Normal Activity,0,0.8189088106155396,1
1487,10,Normal Activity,0,0.11626099050045013,0
1488,10,Normal Activity,0,0.5618491768836975,1
1489,10,Normal Activity,0,0.4864305257797241,0
1490,10,Normal Activity,0,0.06149658188223839,0
1491,10,Normal Activity,0,0.2269064486026764,0
1492,10,Normal Activity,0,0.367300808429718,0
1493,10,Normal Activity,0,0.12929341197013855,0
1494,10,Normal Activity,0,0.8090981841087341,1
1495,10,Normal Activity,0,0.2236335277557373,0
1496,10,Normal Activity,0,0.3656090199947357,0
1497,10,Normal Activity,0,0.3554781973361969,0
1498,10,Normal Activity,0,0.03933706134557724,0
1499,10,Normal Activity,0,0.011296246200799942,0
1500,10,Normal Activity,0,0.051819901913404465,0
1501,10,Normal Activity,0,0.06946178525686264,0
1502,10,Normal Activity,0,0.10962038487195969,0
1503,10,Normal Activity,0,0.05955417826771736,0
1504,10,Normal Activity,0,0.69432532787323,1
1505,10,Normal Activity,0,0.0920223593711853,0
1506,10,Normal Activity,0,0.04653061181306839,0
1507,10,Normal Activity,0,0.07628684490919113,0
1535,12,Normal Activity,0,0.014689031057059765,0
1536,12,Normal Activity,0,0.11118613928556442,0
1537,12,Normal Activity,0,0.12885747849941254,0
1538,12,Normal Activity,0,0.08514867722988129,0
1539,12,Normal Activity,0,0.023159457370638847,0
1540,12,Normal Activity,0,0.035477153956890106,0
1541,12,Normal Activity,0,0.27899566292762756,0
1542,12,Normal Activity,0,0.24391625821590424,0
1543,12,Normal Activity,0,0.01936270110309124,0
1544,12,Normal Activity,0,0.12065468728542328,0
1545,12,Normal Activity,0,0.18021760880947113,0
1546,12,Normal Activity,0,0.012911894358694553,0
1547,12,Normal Activity,0,0.22914940118789673,0
1548,12,Normal Activity,0,0.11608877032995224,0
1549,12,Normal Activity,0,0.06314708292484283,0
1550,13,Normal Activity,0,0.687197208404541,1
1551,13,Normal Activity,0,0.2406582087278366,0
1552,13,Normal Activity,0,0.2395862340927124,0
1553,13,Normal Activity,0,0.007951989769935608,0
1554,13,Normal Activity,0,0.5142382979393005,1
1555,13,Normal Activity,0,0.7086284756660461,1
1556,13,Normal Activity,0,0.35967057943344116,0
1557,13,Normal Activity,0,0.6114612221717834,1
1558,13,Normal Activity,0,0.9181774854660034,1
1559,13,Normal Activity,0,0.3908326327800751,0
1560,13,Normal Activity,0,0.193716362118721,0
1561,13,Normal Activity,0,0.009929127059876919,0
1562,13,Normal Activity,0,0.6380873918533325,1
1563,13,Normal Activity,0,0.49755698442459106,0
1564,13,Normal Activity,0,0.6969175934791565,1
1565,13,Normal Activity,0,0.8541753888130188,1
1566,13,Normal Activity,0,0.7428563237190247,1
1567,13,Normal Activity,0,0.7785645723342896,1
1568,13,Normal Activity,0,0.06313994526863098,0
1569,13,Normal Activity,0,0.09270871430635452,0
1570,13,Normal Activity,0,0.7231068015098572,1
1571,13,Normal Activity,0,0.5171360969543457,1
1572,13,Normal Activity,0,0.2777065634727478,0
1573,13,Normal Activity,0,0.467748761177063,0
1574,13,Normal Activity,0,0.6921553611755371,1
1575,13,Normal Activity,0,0.782425045967102,1
1576,13,Normal Activity,0,0.2246321737766266,0
1577,13,Normal Activity,0,0.01870928891003132,0
1578,13,Normal Activity,0,0.34210461378097534,0
1579,13,Normal Activity,0,0.506255030632019,1
1580,13,Normal Activity,0,0.5406763553619385,1
1581,13,Normal Activity,0,0.42293715476989746,0
1582,13,Normal Activity,0,0.029248645529150963,0
1583,13,Normal Activity,0,0.02939492091536522,0
1584,13,Normal Activity,0,0.8169828057289124,1
1585,13,Normal Activity,0,0.7334372401237488,1
1586,13,Normal Activity,0,0.4953887462615967,0
1587,13,Normal Activity,0,0.016147751361131668,0
1588,13,Normal Activity,0,0.039497822523117065,0
1589,13,Normal Activity,0,0.8139708042144775,1
1590,13,Normal Activity,0,0.7423834800720215,1
1591,13,Normal Activity,0,0.1947018802165985,0
1592,13,Normal Activity,0,0.07466483116149902,0
1593,13,Normal Activity,0,0.052878595888614655,0
1594,13,Normal Activity,0,0.8702060580253601,1
1595,13,Normal Activity,0,0.6937102675437927,1
1596,13,Normal Activity,0,0.6382725238800049,1
1597,13,Normal Activity,0,0.028215553611516953,0
1598,13,Normal Activity,0,0.010796722024679184,0
1599,13,Normal Activity,0,0.6903709769248962,1
1600,13,Normal Activity,0,0.3032863140106201,0
1601,13,Normal Activity,0,0.4233143925666809,0
1602,13,Normal Activity,0,0.5386354327201843,1
1603,13,Normal Activity,0,0.023682964965701103,0
1604,13,Normal Activity,0,0.45867300033569336,0
1605,13,Normal Activity,0,0.6473861336708069,1
1606,13,Normal Activity,0,0.05848801136016846,0
1607,13,Normal Activity,0,0.019062606617808342,0
1608,13,Normal Activity,0,0.4251449406147003,0
1609,13,Normal Activity,0,0.5686437487602234,1
1610,13,Normal Activity,0,0.029384203255176544,0
1611,13,Normal Activity,0,0.02587791159749031,0
1612,13,Normal Activity,0,0.3566628098487854,0
1613,13,Normal Activity,0,0.06660795211791992,0
1614,13,Normal Activity,0,0.049745041877031326,0
1615,13,Normal Activity,0,0.3451235592365265,0
1616,13,Normal Activity,0,0.43645793199539185,0
1617,13,Normal Activity,0,0.0459405779838562,0
1618,13,Normal Activity,0,0.1711895912885666,0
1619,13,Normal Activity,0,0.030234670266509056,0
1620,13,Normal Activity,0,0.8464406728744507,1
1621,13,Normal Activity,0,0.02703786827623844,0
1622,14,Normal Activity,0,0.21178384125232697,0
1623,14,Normal Activity,0,0.06648947298526764,0
1624,14,Normal Activity,0,0.09136483818292618,0
1625,14,Normal Activity,0,0.02515236847102642,0
1626,14,Normal Activity,0,0.027060167863965034,0
1627,14,Normal Activity,0,0.1897859424352646,0
1628,14,Normal Activity,0,0.11292184889316559,0
1629,14,Normal Activity,0,0.04929512366652489,0
1630,14,Normal Activity,0,0.011658107861876488,0
1631,14,Normal Activity,0,0.004837809596210718,0
1632,14,Normal Activity,0,0.4787834584712982,0
1633,14,Normal Activity,0,0.16909457743167877,0
1634,14,Normal Activity,0,0.042575653642416,0
1635,14,Normal Activity,0,0.05643407255411148,0
1636,14,Normal Activity,0,0.07381591945886612,0
1637,14,Normal Activity,0,0.12312493473291397,0
1638,14,Normal Activity,0,0.09203490614891052,0
1639,14,Normal Activity,0,0.03384656831622124,0
1640,14,Normal Activity,0,0.027954334393143654,0
1641,14,Normal Activity,0,0.5637449026107788,1
1642,14,Normal Activity,0,0.02750219963490963,0
1643,14,Normal Activity,0,0.05412941798567772,0
1644,14,Normal Activity,0,0.03196858614683151,0
1645,14,Normal Activity,0,0.020428424701094627,0
1646,14,Normal Activity,0,0.0717243030667305,0
1647,14,Normal Activity,0,0.10879335552453995,0
1648,14,Normal Activity,0,0.06362638622522354,0
1649,14,Normal Activity,0,0.01642169989645481,0
1650,14,Normal Activity,0,0.022906390950083733,0
1651,14,Normal Activity,0,0.06890000402927399,0
1652,15,Normal Activity,0,0.39724913239479065,0
1653,15,Normal Activity,0,0.19636966288089752,0
1654,15,Normal Activity,0,0.05164523422718048,0
1655,15,Normal Activity,0,0.057234663516283035,0
1656,15,Normal Activity,0,0.039915718138217926,0
1657,15,Normal Activity,0,0.04942556098103523,0
1658,15,Normal Activity,0,0.14358828961849213,0
1659,15,Normal Activity,0,0.030570151284337044,0
1660,15,Normal Activity,0,0.03358420357108116,0
1661,15,Normal Activity,0,0.04751088470220566,0
1662,15,Normal Activity,0,0.050305843353271484,0
1663,15,Normal Activity,0,0.015193242579698563,0
1664,15,Normal Activity,0,0.0498703308403492,0
1665,15,Normal Activity,0,0.13574281334877014,0
1666,15,Normal Activity,0,0.03205446898937225,0
1667,15,Normal Activity,0,0.05591456964612007,0
1668,15,Normal Activity,0,0.03422435745596886,0
1669,15,Normal Activity,0,0.0224353838711977,0
1670,15,Normal Activity,0,0.01949508860707283,0
1671,15,Normal Activity,0,0.040674056857824326,0
1672,15,Normal Activity,0,0.04715263098478317,0
1673,15,Normal Activity,0,0.03970790281891823,0
1674,15,Normal Activity,0,0.023999245837330818,0
1675,15,Normal Activity,0,0.028824457898736,0
1676,15,Normal Activity,0,0.49033862352371216,0
1677,15,Normal Activity,0,0.05019128695130348,0
1678,15,Normal Activity,0,0.03745799884200096,0
1679,15,Normal Activity,0,0.36089205741882324,0
1680,15,Normal Activity,0,0.11882968991994858,0
1681,15,Normal Activity,0,0.1124974861741066,0
1682,15,Normal Activity,0,0.10413116216659546,0
1683,15,Normal Activity,0,0.04485808685421944,0
1684,15,Normal Activity,0,0.23346903920173645,0
1685,15,Normal Activity,0,0.7333552241325378,1
1686,15,Normal Activity,0,0.8632849454879761,1
1687,15,Normal Activity,0,0.8393230438232422,1
1688,15,Normal Activity,0,0.833185613155365,1
1689,15,Normal Activity,0,0.6476091146469116,1
1690,15,Normal Activity,0,0.8445533514022827,1
1691,15,Normal Activity,0,0.7646378874778748,1
1692,15,Normal Activity,0,0.8412354588508606,1
1693,15,Normal Activity,0,0.8502417206764221,1
1694,15,Normal Activity,0,0.08777377754449844,0
1695,15,Normal Activity,0,0.046700507402420044,0
1696,15,Normal Activity,0,0.0239699874073267,0
1697,15,Normal Activity,0,0.012462968938052654,0
1698,15,Normal Activity,0,0.010583347640931606,0
1699,15,Normal Activity,0,0.056091804057359695,0
1700,15,Normal Activity,0,0.021165676414966583,0
1701,15,Normal Activity,0,0.05380870774388313,0
1702,15,Normal Activity,0,0.028756093233823776,0
1703,15,Normal Activity,0,0.7466626167297363,1
1704,15,Normal Activity,0,0.5531263947486877,1
1705,15,Normal Activity,0,0.09103912115097046,0
1706,15,Normal Activity,0,0.160847008228302,0
1707,15,Normal Activity,0,0.22016923129558563,0
1708,15,Normal Activity,0,0.2089560180902481,0
1709,15,Normal Activity,0,0.011484300717711449,0
1710,15,Normal Activity,0,0.007500876672565937,0
1711,15,Normal Activity,0,0.4227626919746399,0
1712,15,Normal Activity,0,0.03615682199597359,0
1713,15,Normal Activity,0,0.026281341910362244,0
1714,15,Normal Activity,0,0.026969794183969498,0
1715,15,Normal Activity,0,0.2720094919204712,0
1716,15,Normal Activity,0,0.3478313386440277,0
1717,15,Normal Activity,0,0.12185223400592804,0
1718,15,Normal Activity,0,0.09522121399641037,0
1719,15,Normal Activity,0,0.04951467737555504,0
1720,15,Normal Activity,0,0.05602020397782326,0
1721,15,Normal Activity,0,0.06487305462360382,0
1722,15,Normal Activity,0,0.016775859519839287,0
1723,15,Normal Activity,0,0.12217164039611816,0
1724,15,Normal Activity,0,0.050927359610795975,0
1725,15,Normal Activity,0,0.023338034749031067,0
1726,15,Normal Activity,0,0.03736653923988342,0
1727,15,Normal Activity,0,0.11214286834001541,0
1728,15,Normal Activity,0,0.17497320473194122,0
1729,15,Normal Activity,0,0.0850624218583107,0
1730,15,Normal Activity,0,0.026521695777773857,0
1731,15,Normal Activity,0,0.009385038167238235,0
1732,15,Normal Activity,0,0.04707016795873642,0
1733,15,Normal Activity,0,0.2182716727256775,0
1734,15,Normal Activity,0,0.03301761671900749,0
1735,15,Normal Activity,0,0.021184217184782028,0
1736,15,Normal Activity,0,0.05150684714317322,0
1737,15,Normal Activity,0,0.039141055196523666,0
1738,15,Normal Activity,0,0.45916247367858887,0
1739,15,Normal Activity,0,0.029724597930908203,0
1740,15,Normal Activity,0,0.0549362376332283,0
1741,15,Normal Activity,0,0.09168603271245956,0
1742,15,Normal Activity,0,0.10155677050352097,0
1743,15,Normal Activity,0,0.05162740498781204,0
1744,15,Normal Activity,0,0.03074379824101925,0
1745,15,Normal Activity,0,0.1035260409116745,0
1746,15,Normal Activity,0,0.7704442739486694,1
1747,15,Normal Activity,0,0.03776583448052406,0
1748,15,Normal Activity,0,0.03793320432305336,0
1749,15,Normal Activity,0,0.05190553143620491,0
1750,15,Normal Activity,0,0.06216622516512871,0
1751,15,Normal Activity,0,0.011982587166130543,0
1752,15,Normal Activity,0,0.013786602765321732,0
1753,15,Normal Activity,0,0.2452397495508194,0
1754,15,Normal Activity,0,0.40134525299072266,0
1755,15,Normal Activity,0,0.1749163717031479,0
1756,15,Normal Activity,0,0.12016268819570541,0
1757,15,Normal Activity,0,0.10729982703924179,0
1758,15,Normal Activity,0,0.414732962846756,0
1759,15,Normal Activity,0,0.03925960510969162,0
1760,15,Normal Activity,0,0.021691346541047096,0
1761,15,Normal Activity,0,0.1946970522403717,0
1762,15,Normal Activity,0,0.12395846098661423,0
1763,15,Normal Activity,0,0.009212625212967396,0
1764,15,Normal Activity,0,0.0464782640337944,0
1765,15,Normal Activity,0,0.14817316830158234,0
1766,15,Normal Activity,0,0.6093963980674744,1
1767,15,Normal Activity,0,0.052992548793554306,0
1768,15,Normal Activity,0,0.020378699526190758,0
1769,15,Normal Activity,0,0.013425596058368683,0
1770,15,Normal Activity,0,0.7514585852622986,1
1771,15,Normal Activity,0,0.6701744198799133,1
1772,15,Normal Activity,0,0.20194002985954285,0
1773,15,Normal Activity,0,0.0063906642608344555,0
1774,15,Normal Activity,0,0.009648308157920837,0
1775,15,Normal Activity,0,0.06393172591924667,0
1776,15,Normal Activity,0,0.32054799795150757,0
1777,15,Normal Activity,0,0.31104347109794617,0
1778,15,Normal Activity,0,0.16274119913578033,0
1779,15,Normal Activity,0,0.02563491091132164,0
1780,15,Normal Activity,0,0.10498813539743423,0
1781,15,Normal Activity,0,0.01934177055954933,0
1782,15,Normal Activity,0,0.024340396746993065,0
1783,15,Normal Activity,0,0.5064760446548462,1
1784,15,Normal Activity,0,0.2607576549053192,0
1785,15,Normal Activity,0,0.02351336181163788,0
1786,15,Normal Activity,0,0.8328149914741516,1
1787,15,Normal Activity,0,0.7302966713905334,1
1788,15,Normal Activity,0,0.2035718858242035,0
1789,15,Normal Activity,0,0.19679316878318787,0
1790,15,Normal Activity,0,0.05020684748888016,0
1791,15,Normal Activity,0,0.04659295454621315,0
1792,15,Normal Activity,0,0.06572961807250977,0
1793,15,Normal Activity,0,0.1597556471824646,0
1794,15,Normal Activity,0,0.42381295561790466,0
1795,15,Normal Activity,0,0.48253685235977173,0
1796,15,Normal Activity,0,0.2405000776052475,0
1797,15,Normal Activity,0,0.5823814868927002,1
1798,15,Normal Activity,0,0.4181396961212158,0
1799,15,Normal Activity,0,0.0604388453066349,0
1800,15,Normal Activity,0,0.054538462311029434,0
1801,15,Normal Activity,0,0.060330830514431,0
1802,15,Normal Activity,0,0.14652709662914276,0
1803,15,Normal Activity,0,0.14455340802669525,0
1804,15,Normal Activity,0,0.1276468187570572,0
1805,15,Normal Activity,0,0.11266671121120453,0
1806,15,Normal Activity,0,0.08748742938041687,0
1807,15,Normal Activity,0,0.0868535190820694,0
1808,15,Normal Activity,0,0.19688044488430023,0
1809,15,Normal Activity,0,0.116214320063591,0
1810,15,Normal Activity,0,0.06645477563142776,0
1811,15,Normal Activity,0,0.12266204506158829,0
1812,15,Normal Activity,0,0.0805608332157135,0
1813,15,Normal Activity,0,0.15530051290988922,0
1814,15,Normal Activity,0,0.32296234369277954,0
1815,15,Normal Activity,0,0.4052480161190033,0
1816,15,Normal Activity,0,0.38109090924263,0
1817,15,Normal Activity,0,0.2387424111366272,0
1818,15,Normal Activity,0,0.12764909863471985,0
1819,15,Normal Activity,0,0.09816639870405197,0
1820,15,Normal Activity,0,0.09509428590536118,0
1821,15,Normal Activity,0,0.06066649779677391,0
1822,15,Normal Activity,0,0.02005532942712307,0
1823,15,Normal Activity,0,0.022530492395162582,0
1824,15,Normal Activity,0,0.44236424565315247,0
1825,15,Normal Activity,0,0.5104816555976868,1
1826,15,Normal Activity,0,0.8492072820663452,1
1827,15,Normal Activity,0,0.696015477180481,1
1828,15,Normal Activity,0,0.2680908441543579,0
1829,15,Normal Activity,0,0.39992478489875793,0
1830,15,Normal Activity,0,0.022734293714165688,0
1831,15,Normal Activity,0,0.017031725496053696,0
1832,15,Normal Activity,0,0.057912301272153854,0
1833,15,Normal Activity,0,0.0504210889339447,0
1834,15,Normal Activity,0,0.20670786499977112,0
1835,15,Normal Activity,0,0.28219810128211975,0
1836,15,Normal Activity,0,0.04111483320593834,0
1837,15,Normal Activity,0,0.5142744183540344,1
1838,15,Normal Activity,0,0.3862568140029907,0
1839,15,Normal Activity,0,0.36390459537506104,0
1840,15,Normal Activity,0,0.32359081506729126,0
1841,15,Normal Activity,0,0.3230036795139313,0
1842,15,Normal Activity,0,0.24189631640911102,0
1843,15,Normal Activity,0,0.2101770043373108,0
1844,15,Normal Activity,0,0.5424647927284241,1
1845,15,Normal Activity,0,0.009381522424519062,0
1846,15,Normal Activity,0,0.01040005125105381,0
1847,15,Normal Activity,0,0.007896652445197105,0
1848,15,Normal Activity,0,0.3679565489292145,0
1849,15,Normal Activity,0,0.6121571063995361,1
1850,15,Normal Activity,0,0.6572383642196655,1
1851,15,Normal Activity,0,0.7131644487380981,1
1852,15,Normal Activity,0,0.1386076807975769,0
1853,15,Normal Activity,0,0.04012281447649002,0
1854,15,Normal Activity,0,0.012752402573823929,0
1855,15,Normal Activity,0,0.008569139987230301,0
1856,15,Normal Activity,0,0.22027401626110077,0
1857,15,Normal Activity,0,0.14690744876861572,0
1858,15,Normal Activity,0,0.09759341925382614,0
1859,15,Normal Activity,0,0.1824626475572586,0
1860,15,Normal Activity,0,0.29204753041267395,0
1861,15,Normal Activity,0,0.033107660710811615,0
1862,15,Normal Activity,0,0.008765790611505508,0
1863,15,Normal Activity,0,0.039373304694890976,0
1864,15,Normal Activity,0,0.3027920126914978,0
1865,15,Normal Activity,0,0.31382331252098083,0
1866,15,Normal Activity,0,0.5700020790100098,1
1867,15,Normal Activity,0,0.1945035755634308,0
1868,15,Normal Activity,0,0.10461012274026871,0
1869,15,Normal Activity,0,0.047845564782619476,0
1870,15,Normal Activity,0,0.011080145835876465,0
1871,15,Normal Activity,0,0.006277676671743393,0
1872,15,Normal Activity,0,0.04466165974736214,0
1873,15,Normal Activity,0,0.02556855045258999,0
1874,15,Normal Activity,0,0.010899951681494713,0
1875,15,Normal Activity,0,0.01673412322998047,0
1876,15,Normal Activity,0,0.6426376700401306,1
1877,15,Normal Activity,0,0.24333544075489044,0
1878,15,Normal Activity,0,0.12223447859287262,0
1879,15,Normal Activity,0,0.026029961183667183,0
1880,15,Normal Activity,0,0.11044172942638397,0
1881,15,Normal Activity,0,0.08553294837474823,0
1882,15,Normal Activity,0,0.026841603219509125,0
1883,15,Normal Activity,0,0.025297587737441063,0
1884,15,Normal Activity,0,0.04569070041179657,0
1885,15,Normal Activity,0,0.025365835055708885,0
1886,15,Normal Activity,0,0.020861495286226273,0
1887,15,Normal Activity,0,0.008524193428456783,0
1888,15,Normal Activity,0,0.1359228640794754,0
1889,15,Normal Activity,0,0.045446380972862244,0
1890,15,Normal Activity,0,0.03975101560354233,0
1891,15,Normal Activity,0,0.1465599089860916,0
1892,15,Normal Activity,0,0.03621166944503784,0
1893,15,Normal Activity,0,0.05961352959275246,0
1894,15,Normal Activity,0,0.05995849519968033,0
1895,15,Normal Activity,0,0.1423463076353073,0
1896,15,Normal Activity,0,0.022669246420264244,0
1897,15,Normal Activity,0,0.019915331155061722,0
1898,15,Normal Activity,0,0.44673073291778564,0
1899,15,Normal Activity,0,0.3675330579280853,0
1900,15,Normal Activity,0,0.07209882140159607,0
1901,15,Normal Activity,0,0.1357232630252838,0
1902,15,Normal Activity,0,0.07263437658548355,0
1903,15,Normal Activity,0,0.029830800369381905,0
1904,15,Normal Activity,0,0.44680526852607727,0
1905,15,Normal Activity,0,0.2807147800922394,0
1906,15,Normal Activity,0,0.35296717286109924,0
1907,15,Normal Activity,0,0.05323846638202667,0
1908,15,Normal Activity,0,0.03960184380412102,0
1909,15,Normal Activity,0,0.5111348628997803,1
1910,15,Normal Activity,0,0.6264175772666931,1
1911,15,Normal Activity,0,0.08922384679317474,0
1912,15,Normal Activity,0,0.10187326371669769,0
1913,15,Normal Activity,0,0.033226266503334045,0
1914,15,Normal Activity,0,0.3024347126483917,0
1915,15,Normal Activity,0,0.42467230558395386,0
1916,15,Normal Activity,0,0.17235009372234344,0
1917,15,Normal Activity,0,0.10552164912223816,0
1918,15,Normal Activity,0,0.13607566058635712,0
1919,15,Normal Activity,0,0.03908034414052963,0
1920,15,Normal Activity,0,0.03620825335383415,0
1921,15,Normal Activity,0,0.06070683151483536,0
1922,15,Normal Activity,0,0.07299350202083588,0
1923,15,Normal Activity,0,0.07654762268066406,0
1924,15,Normal Activity,0,0.09941722452640533,0
1925,15,Normal Activity,0,0.10303114354610443,0
1926,15,Normal Activity,0,0.16366885602474213,0
1927,15,Normal Activity,0,0.10154175758361816,0
1928,15,Normal Activity,0,0.12960387766361237,0
1929,15,Normal Activity,0,0.2997937798500061,0
1930,15,Normal Activity,0,0.46924838423728943,0
1931,15,Normal Activity,0,0.6714661717414856,1
1932,15,Normal Activity,0,0.5349621176719666,1
1933,15,Normal Activity,0,0.029565081000328064,0
1934,15,Normal Activity,0,0.022472644224762917,0
1935,15,Normal Activity,0,0.05298304930329323,0
1936,15,Normal Activity,0,0.6775070428848267,1
1937,15,Normal Activity,0,0.16005398333072662,0
1938,15,Normal Activity,0,0.01904495246708393,0
1939,15,Normal Activity,0,0.0159088633954525,0
1940,15,Normal Activity,0,0.4480993449687958,0
1941,15,Normal Activity,0,0.43673577904701233,0
1942,15,Normal Activity,0,0.2765229344367981,0
1943,15,Normal Activity,0,0.1026216670870781,0
1944,15,Normal Activity,0,0.11439386010169983,0
1945,15,Normal Activity,0,0.26689234375953674,0
1946,15,Normal Activity,0,0.4273754954338074,0
1947,15,Normal Activity,0,0.1911405622959137,0
1948,15,Normal Activity,0,0.22117841243743896,0
1949,15,Normal Activity,0,0.3461640179157257,0
1950,15,Normal Activity,0,0.22411268949508667,0
1951,15,Normal Activity,0,0.2922276258468628,0
1952,15,Normal Activity,0,0.6473115682601929,1
1953,15,Normal Activity,0,0.47924891114234924,0
1954,15,Normal Activity,0,0.20872820913791656,0
1955,15,Normal Activity,0,0.5113800764083862,1
1956,15,Normal Activity,0,0.45857948064804077,0
1957,15,Normal Activity,0,0.14678065478801727,0
1958,15,Normal Activity,0,0.08094433695077896,0
1959,15,Normal Activity,0,0.8015767335891724,1
1960,15,Normal Activity,0,0.1383649706840515,0
1961,15,Normal Activity,0,0.2510735094547272,0
1962,15,Normal Activity,0,0.04846562445163727,0
1963,15,Normal Activity,0,0.011782478541135788,0
1964,15,Normal Activity,0,0.11675591766834259,0
1965,15,Normal Activity,0,0.6052047610282898,1
1966,15,Normal Activity,0,0.25992879271507263,0
1967,15,Normal Activity,0,0.038408104330301285,0
1968,15,Normal Activity,0,0.026453133672475815,0
1969,15,Normal Activity,0,0.5219066739082336,1
1970,15,Normal Activity,0,0.27070295810699463,0
1971,15,Normal Activity,0,0.1060713455080986,0
1972,15,Normal Activity,0,0.071365125477314,0
1973,15,Normal Activity,0,0.10992595553398132,0
1974,15,Normal Activity,0,0.08248332887887955,0
1975,15,Normal Activity,0,0.16233566403388977,0
1976,15,Normal Activity,0,0.2960314154624939,0
1977,15,Normal Activity,0,0.1870964616537094,0
1978,15,Normal Activity,0,0.284820020198822,0
1979,15,Normal Activity,0,0.10453526675701141,0
1980,15,Normal Activity,0,0.5265424847602844,1
1981,15,Normal Activity,0,0.5058091878890991,1
1982,15,Normal Activity,0,0.07556741684675217,0
1983,15,Normal Activity,0,0.024179911240935326,0
1984,15,Normal Activity,0,0.05653885379433632,0
1985,15,Normal Activity,0,0.4535611569881439,0
1986,15,Normal Activity,0,0.4233270287513733,0
1987,15,Normal Activity,0,0.013633397407829762,0
1988,15,Normal Activity,0,0.23491092026233673,0
1989,15,Normal Activity,0,0.7408974766731262,1
1990,15,Normal Activity,0,0.34851428866386414,0
1991,15,Normal Activity,0,0.04287036880850792,0
1992,15,Normal Activity,0,0.024780604988336563,0
1993,15,Normal Activity,0,0.6640281677246094,1
1994,15,Normal Activity,0,0.8428635001182556,1
1995,15,Normal Activity,0,0.05559217184782028,0
1996,15,Normal Activity,0,0.040158119052648544,0
1997,16,Normal Activity,0,0.189510777592659,0
1998,16,Normal Activity,0,0.04676857963204384,0
1999,16,Normal Activity,0,0.020285366103053093,0
2000,16,Normal Activity,0,0.0182784590870142,0
2001,16,Normal Activity,0,0.269863486289978,0
2002,16,Normal Activity,0,0.24997380375862122,0
2003,16,Normal Activity,0,0.09778636693954468,0
2004,16,Normal Activity,0,0.08258657902479172,0
2005,16,Normal Activity,0,0.394204318523407,0
2006,16,Normal Activity,0,0.14061114192008972,0
2007,16,Normal Activity,0,0.2887822985649109,0
2008,16,Normal Activity,0,0.3368390202522278,0
2009,16,Normal Activity,0,0.12614469230175018,0
2010,16,Normal Activity,0,0.028378836810588837,0
2011,16,Normal Activity,0,0.032178230583667755,0
2012,16,Normal Activity,0,0.07592552900314331,0
2013,16,Normal Activity,0,0.025559108704328537,0
2014,16,Normal Activity,0,0.015174184925854206,0
2015,16,Normal Activity,0,0.13640868663787842,0
2016,16,Normal Activity,0,0.05412553250789642,0
2017,16,Normal Activity,0,0.01999274641275406,0
2018,16,Normal Activity,0,0.06511190533638,0
2019,16,Normal Activity,0,0.03832264989614487,0
2020,16,Normal Activity,0,0.06907601654529572,0
2021,16,Normal Activity,0,0.11619358509778976,0
2022,16,Normal Activity,0,0.08277970552444458,0
2023,16,Normal Activity,0,0.11287365853786469,0
2024,16,Normal Activity,0,0.08453278243541718,0
2025,16,Normal Activity,0,0.35973814129829407,0
2026,16,Normal Activity,0,0.1056630089879036,0
2027,16,Normal Activity,0,0.022991150617599487,0
2028,16,Normal Activity,0,0.056706320494413376,0
2029,16,Normal Activity,0,0.19984139502048492,0
2030,16,Normal Activity,0,0.08724858611822128,0
2031,16,Normal Activity,0,0.010531654581427574,0
2032,16,Normal Activity,0,0.19124417006969452,0
2033,16,Normal Activity,0,0.17860040068626404,0
2034,16,Normal Activity,0,0.1336747258901596,0
2035,16,Normal Activity,0,0.03721132501959801,0
2036,16,Normal Activity,0,0.05226537585258484,0
2037,16,Normal Activity,0,0.09296616911888123,0
2038,16,Normal Activity,0,0.1135394349694252,0
2039,16,Normal Activity,0,0.0642087534070015,0
2040,16,Normal Activity,0,0.053151343017816544,0
2041,16,Normal Activity,0,0.03999349847435951,0
2042,16,Normal Activity,0,0.019353128969669342,0
2043,16,Normal Activity,0,0.5344568490982056,1
2044,16,Normal Activity,0,0.19730406999588013,0
2045,16,Normal Activity,0,0.24531903862953186,0
2046,16,Normal Activity,0,0.318097859621048,0
2047,16,Normal Activity,0,0.23268283903598785,0
2048,16,Normal Activity,0,0.10251389443874359,0
2049,16,Normal Activity,0,0.03912712261080742,0
2050,16,Normal Activity,0,0.050500188022851944,0
2051,16,Normal Activity,0,0.23498877882957458,0
2052,16,Normal Activity,0,0.28028738498687744,0
2053,16,Normal Activity,0,0.030283411964774132,0
2054,16,Normal Activity,0,0.03873582184314728,0
2055,16,Normal Activity,0,0.04047256335616112,0
2056,16,Normal Activity,0,0.048875998705625534,0
2057,16,Normal Activity,0,0.9372618794441223,1
2058,16,Normal Activity,0,0.2444150149822235,0
2059,16,Normal Activity,0,0.10554219782352448,0
2060,16,Normal Activity,0,0.45185214281082153,0
2061,16,Normal Activity,0,0.6693357825279236,1
2062,16,Normal Activity,0,0.19263498485088348,0
2063,16,Normal Activity,0,0.1554393470287323,0
2064,16,Normal Activity,0,0.06969824433326721,0
2065,16,Normal Activity,0,0.015036617405712605,0
2066,16,Normal Activity,0,0.009000144898891449,0
2067,16,Normal Activity,0,0.014061624184250832,0
2068,16,Normal Activity,0,0.02717163786292076,0
2069,16,Normal Activity,0,0.090487539768219,0
2070,16,Normal Activity,0,0.0697089433670044,0
2071,16,Normal Activity,0,0.07032512128353119,0
2072,16,Normal Activity,0,0.07905212044715881,0
2073,16,Normal Activity,0,0.50555419921875,1
2074,16,Normal Activity,0,0.21447256207466125,0
2075,16,Normal Activity,0,0.10415184497833252,0
2076,16,Normal Activity,0,0.03967061638832092,0
2077,16,Normal Activity,0,0.07952240854501724,0
2078,16,Normal Activity,0,0.029964996501803398,0
2079,16,Normal Activity,0,0.024438098073005676,0
2080,16,Normal Activity,0,0.02379634976387024,0
2081,16,Normal Activity,0,0.09241821616888046,0
2082,16,Normal Activity,0,0.038854293525218964,0
2083,16,Normal Activity,0,0.20452319085597992,0
2084,16,Normal Activity,0,0.7010974287986755,1
2085,16,Normal Activity,0,0.36408859491348267,0
2086,16,Normal Activity,0,0.602056622505188,1
2087,16,Normal Activity,0,0.6687993407249451,1
2088,16,Normal Activity,0,0.3952760398387909,0
2089,16,Normal Activity,0,0.359158992767334,0
2090,16,Normal Activity,0,0.5043337345123291,1
2091,16,Normal Activity,0,0.3251975476741791,0
2092,16,Normal Activity,0,0.4709947109222412,0
2093,16,Normal Activity,0,0.15111099183559418,0
2094,16,Normal Activity,0,0.01741979829967022,0
2095,16,Normal Activity,0,0.020746277645230293,0
2096,16,Normal Activity,0,0.022606171667575836,0
2097,16,Normal Activity,0,0.34104326367378235,0
2098,16,Normal Activity,0,0.03020896390080452,0
2099,16,Normal Activity,0,0.04242919012904167,0
2100,16,Normal Activity,0,0.04271629825234413,0
2101,16,Normal Activity,0,0.7849780321121216,1
2102,16,Normal Activity,0,0.6317554712295532,1
2103,16,Normal Activity,0,0.8091959357261658,1
2104,16,Normal Activity,0,0.7570132613182068,1
2105,16,Normal Activity,0,0.21558302640914917,0
2106,16,Normal Activity,0,0.23290245234966278,0
2107,16,Normal Activity,0,0.08232264965772629,0
2108,16,Normal Activity,0,0.11661342531442642,0
2109,16,Normal Activity,0,0.2055167406797409,0
2110,16,Normal Activity,0,0.18514038622379303,0
2111,16,Normal Activity,0,0.09467339515686035,0
2112,16,Normal Activity,0,0.12645137310028076,0
2113,16,Normal Activity,0,0.4063841700553894,0
2114,16,Normal Activity,0,0.4789792001247406,0
2115,16,Normal Activity,0,0.11682626605033875,0
2116,16,Normal Activity,0,0.12340930104255676,0
2117,16,Normal Activity,0,0.09611424803733826,0
2118,16,Normal Activity,0,0.16584807634353638,0
2119,16,Normal Activity,0,0.15403740108013153,0
2120,16,Normal Activity,0,0.28420040011405945,0
2121,16,Normal Activity,0,0.052816737443208694,0
2122,16,Normal Activity,0,0.017440181225538254,0
2123,16,Normal Activity,0,0.014610588550567627,0
2124,16,Normal Activity,0,0.032269369810819626,0
2125,16,Normal Activity,0,0.22071310877799988,0
2126,16,Normal Activity,0,0.3370197117328644,0
2127,16,Normal Activity,0,0.20988169312477112,0
2128,16,Normal Activity,0,0.22282445430755615,0
2129,16,Normal Activity,0,0.22177740931510925,0
2130,16,Normal Activity,0,0.1326737403869629,0
2131,16,Normal Activity,0,0.07571124285459518,0
2132,16,Normal Activity,0,0.03202708810567856,0
2133,16,Normal Activity,0,0.05486419424414635,0
2134,16,Normal Activity,0,0.04604146257042885,0
2135,16,Normal Activity,0,0.29950517416000366,0
2136,16,Normal Activity,0,0.26209864020347595,0
2137,16,Normal Activity,0,0.03130403533577919,0
2138,16,Normal Activity,0,0.014246278442442417,0
2139,16,Normal Activity,0,0.024312401190400124,0
2140,16,Normal Activity,0,0.04845238849520683,0
2141,16,Normal Activity,0,0.4605819284915924,0
2142,16,Normal Activity,0,0.49254751205444336,0
2143,16,Normal Activity,0,0.1571613848209381,0
2144,16,Normal Activity,0,0.18993359804153442,0
2145,16,Normal Activity,0,0.1971977949142456,0
2146,16,Normal Activity,0,0.12172231078147888,0
2147,16,Normal Activity,0,0.3843305706977844,0
2148,16,Normal Activity,0,0.9014946818351746,1
2149,16,Normal Activity,0,0.8217511177062988,1
2150,16,Normal Activity,0,0.4258897006511688,0
2151,16,Normal Activity,0,0.27511611580848694,0
2152,16,Normal Activity,0,0.6721105575561523,1
2153,16,Normal Activity,0,0.39584019780158997,0
2154,16,Normal Activity,0,0.193797305226326,0
2155,16,Normal Activity,0,0.02745550498366356,0
2156,16,Normal Activity,0,0.06892582774162292,0
2157,16,Normal Activity,0,0.6425296664237976,1
2158,16,Normal Activity,0,0.3930394947528839,0
2159,16,Normal Activity,0,0.45571368932724,0
2160,16,Normal Activity,0,0.1467433124780655,0
2161,16,Normal Activity,0,0.14608871936798096,0
2162,16,Normal Activity,0,0.3224294185638428,0
2163,16,Normal Activity,0,0.1818912923336029,0
2164,16,Normal Activity,0,0.331878662109375,0
2165,16,Normal Activity,0,0.1491544246673584,0
2166,16,Normal Activity,0,0.06285303831100464,0
2167,16,Normal Activity,0,0.09968770295381546,0
2168,16,Normal Activity,0,0.25277701020240784,0
2169,16,Normal Activity,0,0.8597103357315063,1
2170,16,Normal Activity,0,0.5955411195755005,1
2171,16,Normal Activity,0,0.07877977937459946,0
2172,16,Normal Activity,0,0.03525314852595329,0
2173,16,Normal Activity,0,0.09315260499715805,0
2174,16,Normal Activity,0,0.09471242874860764,0
2175,16,Normal Activity,0,0.18529333174228668,0
2176,16,Normal Activity,0,0.038606930524110794,0
2177,16,Normal Activity,0,0.08265367150306702,0
2178,16,Normal Activity,0,0.7501087188720703,1
2179,16,Normal Activity,0,0.5214264988899231,1
2180,16,Normal Activity,0,0.4439438283443451,0
2181,16,Normal Activity,0,0.5589491724967957,1
2182,16,Normal Activity,0,0.36973968148231506,0
2183,16,Normal Activity,0,0.27933254837989807,0
2184,16,Normal Activity,0,0.027481840923428535,0
2185,16,Normal Activity,0,0.030333206057548523,0
2186,16,Normal Activity,0,0.049261461943387985,0
2187,16,Normal Activity,0,0.05994144827127457,0
2188,16,Normal Activity,0,0.05153018236160278,0
2189,16,Normal Activity,0,0.02550320327281952,0
2190,16,Normal Activity,0,0.8742837309837341,1
2191,16,Normal Activity,0,0.2860674262046814,0
2192,16,Normal Activity,0,0.06758831441402435,0
2193,16,Normal Activity,0,0.10481970012187958,0
2194,16,Normal Activity,0,0.13743624091148376,0
2195,16,Normal Activity,0,0.14494289457798004,0
2196,16,Normal Activity,0,0.08998586982488632,0
2197,16,Normal Activity,0,0.06687725335359573,0
2198,16,Normal Activity,0,0.8414782881736755,1
2199,16,Normal Activity,0,0.0625189021229744,0
2200,16,Normal Activity,0,0.031636059284210205,0
2201,16,Normal Activity,0,0.04843200370669365,0
2202,16,Normal Activity,0,0.05923067778348923,0
2203,16,Normal Activity,0,0.03182138875126839,0
2204,16,Normal Activity,0,0.06797408312559128,0
2205,16,Normal Activity,0,0.20647405087947845,0
2206,16,Normal Activity,0,0.15489675104618073,0
2207,16,Normal Activity,0,0.3973087668418884,0
2208,16,Normal Activity,0,0.19776217639446259,0
2209,16,Normal Activity,0,0.12914146482944489,0
2210,16,Normal Activity,0,0.12896931171417236,0
2211,16,Normal Activity,0,0.16631388664245605,0
2212,16,Normal Activity,0,0.2399206906557083,0
2213,16,Normal Activity,0,0.06888368725776672,0
2214,16,Normal Activity,0,0.057752836495637894,0
2215,16,Normal Activity,0,0.08522442728281021,0
2216,16,Normal Activity,0,0.04376883804798126,0
2217,16,Normal Activity,0,0.05511445179581642,0
2218,16,Normal Activity,0,0.3520720601081848,0
2219,16,Normal Activity,0,0.07707947492599487,0
2220,16,Normal Activity,0,0.048043958842754364,0
2221,16,Normal Activity,0,0.025900332257151604,0
2222,16,Normal Activity,0,0.059537045657634735,0
2223,16,Normal Activity,0,0.4925943613052368,0
2224,16,Normal Activity,0,0.07452554255723953,0
2225,16,Normal Activity,0,0.06708979606628418,0
2226,16,Normal Activity,0,0.14262686669826508,0
2227,16,Normal Activity,0,0.16857655346393585,0
2228,16,Normal Activity,0,0.16269078850746155,0
2229,16,Normal Activity,0,0.08475557714700699,0
2230,16,Normal Activity,0,0.3557167053222656,0
2231,16,Normal Activity,0,0.17089925706386566,0
2232,16,Normal Activity,0,0.08181079477071762,0
2233,16,Normal Activity,0,0.014458347111940384,0
2234,16,Normal Activity,0,0.011857113800942898,0
2235,16,Normal Activity,0,0.025260305032134056,0
2236,16,Normal Activity,0,0.04610642045736313,0
2237,16,Normal Activity,0,0.05911155790090561,0
2238,16,Normal Activity,0,0.02390669472515583,0
2239,16,Normal Activity,0,0.017460333183407784,0
2240,16,Normal Activity,0,0.03262798860669136,0
2241,16,Normal Activity,0,0.29915207624435425,0
2242,16,Normal Activity,0,0.11381988972425461,0
2243,16,Normal Activity,0,0.03240222856402397,0
2244,16,Normal Activity,0,0.2758665680885315,0
2245,16,Normal Activity,0,0.7348169684410095,1
2246,16,Normal Activity,0,0.17897678911685944,0
2247,16,Normal Activity,0,0.40607163310050964,0
2248,16,Normal Activity,0,0.2590606212615967,0
2249,16,Normal Activity,0,0.20549549162387848,0
2250,16,Normal Activity,0,0.1801571398973465,0
2251,16,Normal Activity,0,0.053997352719306946,0
2252,16,Normal Activity,0,0.07386361062526703,0
2253,16,Normal Activity,0,0.30352872610092163,0
2254,16,Normal Activity,0,0.6840368509292603,1
2255,16,Normal Activity,0,0.7215303778648376,1
2256,16,Normal Activity,0,0.9172236323356628,1
2257,16,Normal Activity,0,0.21472373604774475,0
2258,16,Normal Activity,0,0.03174654394388199,0
2259,16,Normal Activity,0,0.02557293139398098,0
2260,16,Normal Activity,0,0.06582015752792358,0
2261,16,Normal Activity,0,0.043744396418333054,0
2262,16,Normal Activity,0,0.05116209760308266,0
2263,16,Normal Activity,0,0.06609398871660233,0
2264,16,Normal Activity,0,0.02972107008099556,0
2265,16,Normal Activity,0,0.03849133849143982,0
2266,16,Normal Activity,0,0.0404268242418766,0
2267,16,Normal Activity,0,0.018705498427152634,0
2268,16,Normal Activity,0,0.019671453163027763,0
2269,16,Normal Activity,0,0.7868931293487549,1
2270,16,Normal Activity,0,0.289033979177475,0
2271,16,Normal Activity,0,0.14245234429836273,0
2272,16,Normal Activity,0,0.0659634992480278,0
2273,16,Normal Activity,0,0.12241772562265396,0
2274,16,Normal Activity,0,0.09657091647386551,0
2275,16,Normal Activity,0,0.06869809329509735,0
2276,16,Normal Activity,0,0.09698963910341263,0
2277,16,Normal Activity,0,0.021396800875663757,0
2278,16,Normal Activity,0,0.019320048391819,0
2279,16,Normal Activity,0,0.023498890921473503,0
2280,16,Normal Activity,0,0.21000546216964722,0
2281,16,Normal Activity,0,0.23323966562747955,0
2282,16,Normal Activity,0,0.026113905012607574,0
2283,16,Normal Activity,0,0.03455328196287155,0
2284,16,Normal Activity,0,0.04999034106731415,0
2285,16,Normal Activity,0,0.22120876610279083,0
2286,16,Normal Activity,0,0.10767658054828644,0
2287,16,Normal Activity,0,0.16013731062412262,0
2288,16,Normal Activity,0,0.10343499481678009,0
2289,16,Normal Activity,0,0.08678201586008072,0
2290,16,Normal Activity,0,0.35654401779174805,0
2291,16,Normal Activity,0,0.12802329659461975,0
2292,16,Normal Activity,0,0.07792691886425018,0
2293,16,Normal Activity,0,0.11396440118551254,0
2294,16,Normal Activity,0,0.09507575631141663,0
2295,16,Normal Activity,0,0.06942466646432877,0
2296,16,Normal Activity,0,0.034838367253541946,0
2297,16,Normal Activity,0,0.04034297168254852,0
2298,16,Normal Activity,0,0.5287544131278992,1
2299,16,Normal Activity,0,0.4472322463989258,0
2300,16,Normal Activity,0,0.26799851655960083,0
2301,16,Normal Activity,0,0.04812999814748764,0
2302,16,Normal Activity,0,0.6354548335075378,1
2303,16,Normal Activity,0,0.370091050863266,0
2304,16,Normal Activity,0,0.6115624904632568,1
2305,16,Normal Activity,0,0.6526500582695007,1
2306,16,Normal Activity,0,0.4318926930427551,0
2307,16,Normal Activity,0,0.0785156786441803,0
2308,16,Normal Activity,0,0.518596887588501,1
2309,16,Normal Activity,0,0.6841784119606018,1
2310,16,Normal Activity,0,0.3593039810657501,0
2311,17,Normal Activity,0,0.10084984451532364,0
2312,17,Normal Activity,0,0.12019509822130203,0
2313,17,Normal Activity,0,0.12663216888904572,0
2314,17,Normal Activity,0,0.14538149535655975,0
2315,17,Normal Activity,0,0.2445405125617981,0
2316,17,Normal Activity,0,0.250638484954834,0
2317,17,Normal Activity,0,0.3449872136116028,0
2318,17,Normal Activity,0,0.23019197583198547,0
2319,17,Normal Activity,0,0.05012315511703491,0
2320,17,Normal Activity,0,0.0727415531873703,0
2321,17,Normal Activity,0,0.02971765398979187,0
2322,17,Normal Activity,0,0.06241174042224884,0
2323,17,Normal Activity,0,0.06352806091308594,0
2324,17,Normal Activity,0,0.07084320485591888,0
2325,17,Normal Activity,0,0.018136167898774147,0
2326,17,Normal Activity,0,0.030367741361260414,0
2327,17,Normal Activity,0,0.023493556305766106,0
2328,17,Normal Activity,0,0.055049993097782135,0
2329,17,Normal Activity,0,0.6434787511825562,1
2330,17,Normal Activity,0,0.6860603094100952,1
2331,17,Normal Activity,0,0.165461927652359,0
2332,17,Normal Activity,0,0.5693910717964172,1
2333,17,Normal Activity,0,0.5975279808044434,1
2334,17,Normal Activity,0,0.05029866471886635,0
2335,17,Normal Activity,0,0.024024153128266335,0
2336,17,Normal Activity,0,0.016512775793671608,0
2337,17,Normal Activity,0,0.012355519458651543,0
2338,17,Normal Activity,0,0.012541500851511955,0
2339,17,Normal Activity,0,0.043982136994600296,0
2340,17,Normal Activity,0,0.039476942270994186,0
2341,17,Normal Activity,0,0.03561774268746376,0
2342,17,Normal Activity,0,0.038904931396245956,0
2343,17,Normal Activity,0,0.027901429682970047,0
2344,17,Normal Activity,0,0.08093394339084625,0
2345,17,Normal Activity,0,0.0972941592335701,0
2346,17,Normal Activity,0,0.18433396518230438,0
2347,17,Normal Activity,0,0.032810598611831665,0
2348,17,Normal Activity,0,0.24114187061786652,0
2349,17,Normal Activity,0,0.11939406394958496,0
2350,17,Normal Activity,0,0.14282597601413727,0
2351,17,Normal Activity,0,0.18072399497032166,0
2352,17,Normal Activity,0,0.20965921878814697,0
2353,17,Normal Activity,0,0.02859644591808319,0
2354,17,Normal Activity,0,0.027327919378876686,0
2355,17,Normal Activity,0,0.048694439232349396,0
2356,17,Normal Activity,0,0.08585970848798752,0
2357,17,Normal Activity,0,0.09052197635173798,0
2358,17,Normal Activity,0,0.023378606885671616,0
2359,17,Normal Activity,0,0.01219840720295906,0
2360,17,Normal Activity,0,0.027457628399133682,0
2361,17,Normal Activity,0,0.33979806303977966,0
2362,17,Normal Activity,0,0.4882059693336487,0
2363,17,Normal Activity,0,0.8646766543388367,1
2364,17,Normal Activity,0,0.5043089985847473,1
2365,17,Normal Activity,0,0.02436869964003563,0
2366,17,Normal Activity,0,0.021851664409041405,0
2367,17,Normal Activity,0,0.14248788356781006,0
2368,17,Normal Activity,0,0.18285700678825378,0
2369,17,Normal Activity,0,0.0530366487801075,0
2370,17,Normal Activity,0,0.05673248693346977,0
2371,17,Normal Activity,0,0.0961456298828125,0
2372,17,Normal Activity,0,0.03763013705611229,0
2373,17,Normal Activity,0,0.021970117464661598,0
2374,17,Normal Activity,0,0.04874441400170326,0
2375,17,Normal Activity,0,0.11442858725786209,0
2376,17,Normal Activity,0,0.1507963240146637,0
2377,17,Normal Activity,0,0.0438900887966156,0
2378,17,Normal Activity,0,0.017701376229524612,0
2379,17,Normal Activity,0,0.035800449550151825,0
2380,17,Normal Activity,0,0.024541737511754036,0
2381,17,Normal Activity,0,0.10339996218681335,0
2382,17,Normal Activity,0,0.06069064140319824,0
2383,17,Normal Activity,0,0.0858011543750763,0
2384,17,Normal Activity,0,0.045998599380254745,0
2385,17,Normal Activity,0,0.017197247594594955,0
2386,17,Normal Activity,0,0.010356323793530464,0
2387,17,Normal Activity,0,0.013553239405155182,0
2388,17,Normal Activity,0,0.02150540053844452,0
2389,17,Normal Activity,0,0.02466920204460621,0
2390,17,Normal Activity,0,0.009148003533482552,0
2391,17,Normal Activity,0,0.02518303133547306,0
2392,17,Normal Activity,0,0.027012629434466362,0
2393,17,Normal Activity,0,0.02319306693971157,0
2394,17,Normal Activity,0,0.2157573103904724,0
2395,17,Normal Activity,0,0.17440089583396912,0
2396,17,Normal Activity,0,0.18918819725513458,0
2397,17,Normal Activity,0,0.15838582813739777,0
2398,17,Normal Activity,0,0.5718569159507751,1
2399,17,Normal Activity,0,0.12551407516002655,0
2400,17,Normal Activity,0,0.01712476834654808,0
2401,17,Normal Activity,0,0.11983183026313782,0
2402,17,Normal Activity,0,0.18431314826011658,0
2403,17,Normal Activity,0,0.12965431809425354,0
2404,17,Normal Activity,0,0.381805956363678,0
2405,17,Normal Activity,0,0.43668487668037415,0
2406,17,Normal Activity,0,0.09946292638778687,0
2407,17,Normal Activity,0,0.02990172617137432,0
2408,17,Normal Activity,0,0.10638517141342163,0
2409,17,Normal Activity,0,0.22440265119075775,0
2410,17,Normal Activity,0,0.054456498473882675,0
2411,17,Normal Activity,0,0.6486611366271973,1
2412,17,Normal Activity,0,0.46765801310539246,0
2413,17,Normal Activity,0,0.24168241024017334,0
2414,17,Normal Activity,0,0.05601530149579048,0
2415,17,Normal Activity,0,0.01920853927731514,0
2416,17,Normal Activity,0,0.017330115661025047,0
2417,17,Normal Activity,0,0.008851713500916958,0
2418,17,Normal Activity,0,0.02345108985900879,0
2419,17,Normal Activity,0,0.1753195971250534,0
2420,17,Normal Activity,0,0.01091806311160326,0
2421,17,Normal Activity,0,0.050398457795381546,0
2422,17,Normal Activity,0,0.02866239845752716,0
2423,17,Normal Activity,0,0.028747819364070892,0
2424,17,Normal Activity,0,0.44170770049095154,0
2425,17,Normal Activity,0,0.2625347375869751,0
2426,17,Normal Activity,0,0.07586543262004852,0
2427,17,Normal Activity,0,0.03682020679116249,0
2428,17,Normal Activity,0,0.06423795223236084,0
2429,17,Normal Activity,0,0.07614792138338089,0
2430,17,Normal Activity,0,0.026606997475028038,0
2431,17,Normal Activity,0,0.07289457321166992,0
2432,17,Normal Activity,0,0.02537488378584385,0
2433,17,Normal Activity,0,0.08395833522081375,0
2434,17,Normal Activity,0,0.38696369528770447,0
2435,17,Normal Activity,0,0.16257470846176147,0
2436,17,Normal Activity,0,0.05467009171843529,0
2437,17,Normal Activity,0,0.17274856567382812,0
2438,17,Normal Activity,0,0.13099496066570282,0
2439,17,Normal Activity,0,0.08589137345552444,0
2440,17,Normal Activity,0,0.0951450765132904,0
2441,17,Normal Activity,0,0.511786699295044,1
2442,17,Normal Activity,0,0.32277074456214905,0
2443,17,Normal Activity,0,0.15303955972194672,0
2444,17,Normal Activity,0,0.1967564970254898,0
2445,17,Normal Activity,0,0.26742905378341675,0
2446,17,Normal Activity,0,0.7182533144950867,1
2447,17,Normal Activity,0,0.44270846247673035,0
2448,17,Normal Activity,0,0.3331701457500458,0
2449,17,Normal Activity,0,0.36156293749809265,0
2450,17,Normal Activity,0,0.8681312203407288,1
2451,17,Normal Activity,0,0.45154768228530884,0
2452,17,Normal Activity,0,0.10504884272813797,0
2453,17,Normal Activity,0,0.037207189947366714,0
2454,17,Normal Activity,0,0.06957058608531952,0
2455,17,Normal Activity,0,0.03852469101548195,0
2456,17,Normal Activity,0,0.019635461270809174,0
2457,17,Normal Activity,0,0.027742475271224976,0
2458,17,Normal Activity,0,0.0962989330291748,0
2459,17,Normal Activity,0,0.17451739311218262,0
2460,17,Normal Activity,0,0.02255934663116932,0
2461,17,Normal Activity,0,0.020708253607153893,0
2462,17,Normal Activity,0,0.03235825151205063,0
2463,17,Normal Activity,0,0.8471606969833374,1
2464,17,Normal Activity,0,0.4765212833881378,0
2465,17,Normal Activity,0,0.03999233618378639,0
2466,17,Normal Activity,0,0.026310209184885025,0
2467,17,Normal Activity,0,0.07330072671175003,0
2468,17,Normal Activity,0,0.44126322865486145,0
2469,17,Normal Activity,0,0.20603913068771362,0
2470,17,Normal Activity,0,0.6936719417572021,1
2471,17,Normal Activity,0,0.5444720983505249,1
2472,17,Normal Activity,0,0.6750094294548035,1
2473,17,Normal Activity,0,0.5078988671302795,1
2474,17,Normal Activity,0,0.8219975829124451,1
2475,17,Normal Activity,0,0.21283826231956482,0
2476,17,Normal Activity,0,0.33569326996803284,0
2477,17,Normal Activity,0,0.04855724424123764,0
2478,17,Normal Activity,0,0.177743598818779,0
2479,17,Normal Activity,0,0.20575721561908722,0
2480,17,Normal Activity,0,0.2508188486099243,0
2481,17,Normal Activity,0,0.1833123415708542,0
2482,17,Normal Activity,0,0.14136438071727753,0
2483,17,Normal Activity,0,0.27100661396980286,0
2484,17,Normal Activity,0,0.2520942687988281,0
2485,17,Normal Activity,0,0.05561813712120056,0
2486,17,Normal Activity,0,0.02301262505352497,0
2487,17,Normal Activity,0,0.009254852309823036,0
2488,17,Normal Activity,0,0.47445225715637207,0
2489,17,Normal Activity,0,0.1313452571630478,0
2490,17,Normal Activity,0,0.14395885169506073,0
2491,17,Normal Activity,0,0.09501729905605316,0
2492,17,Normal Activity,0,0.17015346884727478,0
2493,17,Normal Activity,0,0.2943735718727112,0
2494,17,Normal Activity,0,0.044973015785217285,0
2495,17,Normal Activity,0,0.10075827687978745,0
2496,17,Normal Activity,0,0.019138425588607788,0
2497,17,Normal Activity,0,0.03082190826535225,0
2498,17,Normal Activity,0,0.01838931255042553,0
2499,17,Normal Activity,0,0.015698136761784554,0
2500,17,Normal Activity,0,0.16855064034461975,0
2501,17,Normal Activity,0,0.2955237030982971,0
2502,17,Normal Activity,0,0.17785009741783142,0
2503,17,Normal Activity,0,0.0909198671579361,0
2504,17,Normal Activity,0,0.03598310798406601,0
2505,17,Normal Activity,0,0.07082988321781158,0
2506,17,Normal Activity,0,0.02614808827638626,0
2507,17,Normal Activity,0,0.21205231547355652,0
2508,17,Normal Activity,0,0.017387840896844864,0
2509,17,Normal Activity,0,0.08170859515666962,0
2510,17,Normal Activity,0,0.030278736725449562,0
2511,17,Normal Activity,0,0.02564343810081482,0
2512,17,Normal Activity,0,0.03537941351532936,0
2513,17,Normal Activity,0,0.09710303694009781,0
2514,17,Normal Activity,0,0.07153474539518356,0
2515,17,Normal Activity,0,0.060445282608270645,0
2516,17,Normal Activity,0,0.10906518250703812,0
2517,17,Normal Activity,0,0.09214818477630615,0
2518,17,Normal Activity,0,0.08907324820756912,0
2519,17,Normal Activity,0,0.062465596944093704,0
2520,17,Normal Activity,0,0.4587148427963257,0
2521,17,Normal Activity,0,0.33763545751571655,0
2522,17,Normal Activity,0,0.45056775212287903,0
2523,17,Normal Activity,0,0.32961368560791016,0
2524,17,Normal Activity,0,0.41584986448287964,0
2525,17,Normal Activity,0,0.5809234380722046,1
2526,17,Normal Activity,0,0.3590570390224457,0
2527,17,Normal Activity,0,0.05138609930872917,0
2528,17,Normal Activity,0,0.0177577193826437,0
2529,17,Normal Activity,0,0.009488671086728573,0
2530,17,Normal Activity,0,0.011407837271690369,0
2531,17,Normal Activity,0,0.016688615083694458,0
2532,17,Normal Activity,0,0.39808595180511475,0
2533,17,Normal Activity,0,0.4608694314956665,0
2534,17,Normal Activity,0,0.019829420372843742,0
2535,17,Normal Activity,0,0.014995360746979713,0
2536,17,Normal Activity,0,0.021239742636680603,0
2537,17,Normal Activity,0,0.01903609000146389,0
2538,17,Normal Activity,0,0.16373273730278015,0
2539,17,Normal Activity,0,0.40668386220932007,0
2540,17,Normal Activity,0,0.47997644543647766,0
2541,17,Normal Activity,0,0.4063175618648529,0
2542,17,Normal Activity,0,0.46058961749076843,0
2543,17,Normal Activity,0,0.27501896023750305,0
2544,17,Normal Activity,0,0.29815173149108887,0
2545,17,Normal Activity,0,0.22399263083934784,0
2546,17,Normal Activity,0,0.024367360398173332,0
2547,17,Normal Activity,0,0.01771233230829239,0
2548,17,Normal Activity,0,0.07913561910390854,0
2549,17,Normal Activity,0,0.06632485240697861,0
2550,17,Normal Activity,0,0.04072369635105133,0
2551,17,Normal Activity,0,0.255349338054657,0
2552,17,Normal Activity,0,0.20103445649147034,0
2553,17,Normal Activity,0,0.09205155074596405,0
2554,17,Normal Activity,0,0.08340700715780258,0
2555,17,Normal Activity,0,0.019818881526589394,0
2556,17,Normal Activity,0,0.019876055419445038,0
2557,17,Normal Activity,0,0.013400740921497345,0
2558,17,Normal Activity,0,0.010993223637342453,0
2559,17,Normal Activity,0,0.04938870668411255,0
2560,17,Normal Activity,0,0.03603142872452736,0
2561,17,Normal Activity,0,0.029964854940772057,0
2562,17,Normal Activity,0,0.008022824302315712,0
2563,17,Normal Activity,0,0.02299223095178604,0
2564,17,Normal Activity,0,0.03507557883858681,0
2565,17,Normal Activity,0,0.018478719517588615,0
2566,17,Normal Activity,0,0.8949342370033264,1
2567,17,Normal Activity,0,0.117472805082798,0
2568,17,Normal Activity,0,0.04333964362740517,0
2569,17,Normal Activity,0,0.07056502252817154,0
2570,17,Normal Activity,0,0.09338691830635071,0
2571,17,Normal Activity,0,0.3121708035469055,0
2572,17,Normal Activity,0,0.19354470074176788,0
2573,17,Normal Activity,0,0.07136541604995728,0
2574,17,Normal Activity,0,0.04057454317808151,0
2575,17,Normal Activity,0,0.05523137375712395,0
2576,17,Normal Activity,0,0.11142430454492569,0
2577,17,Normal Activity,0,0.12781746685504913,0
2578,17,Normal Activity,0,0.2727184593677521,0
2579,17,Normal Activity,0,0.19814792275428772,0
2580,17,Normal Activity,0,0.08718503266572952,0
2581,17,Normal Activity,0,0.028343889862298965,0
2582,17,Normal Activity,0,0.04797406122088432,0
2583,17,Normal Activity,0,0.060027241706848145,0
2584,17,Normal Activity,0,0.07078517973423004,0
2585,17,Normal Activity,0,0.13853631913661957,0
2586,17,Normal Activity,0,0.17361243069171906,0
2587,17,Normal Activity,0,0.18339934945106506,0
2588,17,Normal Activity,0,0.044957444071769714,0
2589,17,Normal Activity,0,0.07219862192869186,0
2590,17,Normal Activity,0,0.05638717859983444,0
2591,17,Normal Activity,0,0.03685556724667549,0
2592,17,Normal Activity,0,0.026374509558081627,0
2593,17,Normal Activity,0,0.28406184911727905,0
2594,17,Normal Activity,0,0.1888154298067093,0
2595,17,Normal Activity,0,0.29986685514450073,0
2596,17,Normal Activity,0,0.04534363001585007,0
2597,17,Normal Activity,0,0.011530664749443531,0
2598,17,Normal Activity,0,0.012397023849189281,0
2599,17,Normal Activity,0,0.017519313842058182,0
2600,17,Normal Activity,0,0.23348161578178406,0
2601,17,Normal Activity,0,0.01287431176751852,0
2602,17,Normal Activity,0,0.006756823044270277,0
2603,17,Normal Activity,0,0.007578026503324509,0
2604,17,Normal Activity,0,0.35799089074134827,0
2605,17,Normal Activity,0,0.17597930133342743,0
2606,17,Normal Activity,0,0.35972070693969727,0
2607,17,Normal Activity,0,0.22887581586837769,0
2608,17,Normal Activity,0,0.10178342461585999,0
2609,17,Normal Activity,0,0.019489720463752747,0
2610,17,Normal Activity,0,0.022676562890410423,0
2611,17,Normal Activity,0,0.0060983626171946526,0
2612,17,Normal Activity,0,0.020450178533792496,0
2613,17,Normal Activity,0,0.025965072214603424,0
2614,17,Normal Activity,0,0.6545199751853943,1
2615,17,Normal Activity,0,0.40385952591896057,0
2616,17,Normal Activity,0,0.33622992038726807,0
2617,17,Normal Activity,0,0.47889453172683716,0
2618,17,Normal Activity,0,0.6684430837631226,1
2619,17,Normal Activity,0,0.8741289377212524,1
2620,17,Normal Activity,0,0.12259848415851593,0
2621,17,Normal Activity,0,0.12786714732646942,0
2622,17,Normal Activity,0,0.02590336464345455,0
2623,17,Normal Activity,0,0.007105303928256035,0
2624,17,Normal Activity,0,0.018233617767691612,0
2625,17,Normal Activity,0,0.034620966762304306,0
2626,17,Normal Activity,0,0.8717976808547974,1
2627,17,Normal Activity,0,0.7471278309822083,1
2628,17,Normal Activity,0,0.05307290330529213,0
2629,17,Normal Activity,0,0.06256619095802307,0
2630,17,Normal Activity,0,0.04412548243999481,0
2631,17,Normal Activity,0,0.02509128674864769,0
2632,17,Normal Activity,0,0.02503885142505169,0
2633,17,Normal Activity,0,0.021448522806167603,0
2634,17,Normal Activity,0,0.23514389991760254,0
2635,17,Normal Activity,0,0.17912235856056213,0
2636,17,Normal Activity,0,0.02953004278242588,0
2637,17,Normal Activity,0,0.006411094684153795,0
2638,17,Normal Activity,0,0.3275150954723358,0
2639,17,Normal Activity,0,0.0741768479347229,0
2640,17,Normal Activity,0,0.1305335909128189,0
2641,17,Normal Activity,0,0.055795297026634216,0
2642,17,Normal Activity,0,0.05514824390411377,0
2643,17,Normal Activity,0,0.34716054797172546,0
2644,17,Normal Activity,0,0.1612643301486969,0
2645,17,Normal Activity,0,0.068697988986969,0
2646,17,Normal Activity,0,0.024447863921523094,0
2647,17,Normal Activity,0,0.043372541666030884,0
2648,17,Normal Activity,0,0.24513396620750427,0
2649,17,Normal Activity,0,0.15340757369995117,0
2650,17,Normal Activity,0,0.16532202064990997,0
2651,17,Normal Activity,0,0.09679094702005386,0
2652,17,Normal Activity,0,0.2618330717086792,0
2653,17,Normal Activity,0,0.15116609632968903,0
2654,17,Normal Activity,0,0.1204550489783287,0
2655,17,Normal Activity,0,0.023376502096652985,0
2656,17,Normal Activity,0,0.014684676192700863,0
2657,17,Normal Activity,0,0.6961607336997986,1
2658,17,Normal Activity,0,0.3409593999385834,0
2659,17,Normal Activity,0,0.059581972658634186,0
2660,17,Normal Activity,0,0.04580529406666756,0
2661,17,Normal Activity,0,0.7237096428871155,1
2662,17,Normal Activity,0,0.595147430896759,1
2663,17,Normal Activity,0,0.6201446652412415,1
2664,17,Normal Activity,0,0.31586378812789917,0
2665,17,Normal Activity,0,0.19815930724143982,0
2666,17,Normal Activity,0,0.1398133933544159,0
2667,17,Normal Activity,0,0.03933541476726532,0
2668,17,Normal Activity,0,0.036043938249349594,0
2669,17,Normal Activity,0,0.03776491433382034,0
2670,17,Normal Activity,0,0.07919755578041077,0
2671,17,Normal Activity,0,0.07932570576667786,0
2672,17,Normal Activity,0,0.024191346019506454,0
2673,17,Normal Activity,0,0.02276078425347805,0
2674,17,Normal Activity,0,0.039041340351104736,0
2675,17,Normal Activity,0,0.7843691110610962,1
2676,17,Normal Activity,0,0.7499503493309021,1
2677,17,Normal Activity,0,0.5548970699310303,1
2678,17,Normal Activity,0,0.43852370977401733,0
2679,17,Normal Activity,0,0.34023621678352356,0
2880,19,Normal Activity,0,0.023244690150022507,0
2881,19,Normal Activity,0,0.30410584807395935,0
2882,19,Normal Activity,0,0.3969034254550934,0
2883,19,Normal Activity,0,0.14305664598941803,0
2884,19,Normal Activity,0,0.021945161744952202,0
2885,19,Normal Activity,0,0.024826092645525932,0
2886,19,Normal Activity,0,0.008880591951310635,0
2887,19,Normal Activity,0,0.012435351498425007,0
2888,19,Normal Activity,0,0.01845935359597206,0
2889,19,Normal Activity,0,0.39720863103866577,0
2890,19,Normal Activity,0,0.6728270053863525,1
2891,19,Normal Activity,0,0.2687312364578247,0
2892,19,Normal Activity,0,0.7340934872627258,1
2893,19,Normal Activity,0,0.08753985911607742,0
2894,19,Normal Activity,0,0.08436807245016098,0
2895,19,Normal Activity,0,0.16869530081748962,0
2896,19,Normal Activity,0,0.08098606020212173,0
2897,19,Normal Activity,0,0.016075050458312035,0
2898,19,Normal Activity,0,0.019263077527284622,0
2899,19,Normal Activity,0,0.030384918674826622,0
2900,19,Normal Activity,0,0.023996291682124138,0
2901,19,Normal Activity,0,0.010197867639362812,0
2902,19,Normal Activity,0,0.05275706574320793,0
2903,19,Normal Activity,0,0.25968533754348755,0
2904,19,Normal Activity,0,0.07171662151813507,0
2905,19,Normal Activity,0,0.014431478455662727,0
2906,19,Normal Activity,0,0.018474595621228218,0
2907,19,Normal Activity,0,0.07537602633237839,0
2908,19,Normal Activity,0,0.10297195613384247,0
2909,19,Normal Activity,0,0.05412813276052475,0
2910,19,Normal Activity,0,0.4734789729118347,0
2911,19,Normal Activity,0,0.14914336800575256,0
2912,19,Normal Activity,0,0.025532996281981468,0
2913,19,Normal Activity,0,0.007385155186057091,0
2914,19,Normal Activity,0,0.5037931203842163,1
2915,19,Normal Activity,0,0.22438031435012817,0
2916,19,Normal Activity,0,0.03276048228144646,0
2917,19,Normal Activity,0,0.03662832826375961,0
2918,19,Normal Activity,0,0.2869175970554352,0
2919,19,Normal Activity,0,0.2895497679710388,0
2920,19,Normal Activity,0,0.025413857772946358,0
2921,19,Normal Activity,0,0.003191653173416853,0
2922,19,Normal Activity,0,0.12221834808588028,0
2923,19,Normal Activity,0,0.02970421127974987,0
2924,19,Normal Activity,0,0.007513872813433409,0
2925,19,Normal Activity,0,0.04415490850806236,0
2926,19,Normal Activity,0,0.15911740064620972,0
2927,19,Normal Activity,0,0.3030087351799011,0
2928,19,Normal Activity,0,0.04711148142814636,0
2929,19,Normal Activity,0,0.03532818332314491,0
2930,19,Normal Activity,0,0.07865620404481888,0
2931,19,Normal Activity,0,0.11773930490016937,0
2932,19,Normal Activity,0,0.05836336687207222,0
2933,19,Normal Activity,0,0.009538357146084309,0
2934,19,Normal Activity,0,0.005320881959050894,0
2935,19,Normal Activity,0,0.08976763486862183,0
2936,19,Normal Activity,0,0.10982466489076614,0
2937,19,Normal Activity,0,0.006109749432653189,0
2938,19,Normal Activity,0,0.01267908327281475,0
2939,19,Normal Activity,0,0.07240355759859085,0
2940,19,Normal Activity,0,0.04176346957683563,0
2941,19,Normal Activity,0,0.012306910939514637,0
2942,19,Normal Activity,0,0.005231918301433325,0
2943,19,Normal Activity,0,0.07709738612174988,0
2944,19,Normal Activity,0,0.03487758710980415,0
2945,19,Normal Activity,0,0.0066071501933038235,0
2946,19,Normal Activity,0,0.009567628614604473,0
2947,19,Normal Activity,0,0.266031950712204,0
2948,19,Normal Activity,0,0.04246194660663605,0
2949,19,Normal Activity,0,0.016251742839813232,0
2950,19,Normal Activity,0,0.016948025673627853,0
2951,19,Normal Activity,0,0.1309712529182434,0
2952,19,Normal Activity,0,0.1057136282324791,0
2953,19,Normal Activity,0,0.013797459192574024,0
2954,19,Normal Activity,0,0.01802878826856613,0
2955,19,Normal Activity,0,0.014231346547603607,0
2956,19,Normal Activity,0,0.011447295546531677,0
2957,19,Normal Activity,0,0.14563940465450287,0
2958,19,Normal Activity,0,0.7038796544075012,1
2959,19,Normal Activity,0,0.8295904397964478,1
2960,19,Normal Activity,0,0.7429170608520508,1
2961,19,Normal Activity,0,0.039867550134658813,0
2962,19,Normal Activity,0,0.03084813617169857,0
2963,19,Normal Activity,0,0.24685265123844147,0
2964,19,Normal Activity,0,0.8072973489761353,1
2965,19,Normal Activity,0,0.814764678478241,1
2966,19,Normal Activity,0,0.4533767104148865,0
2967,19,Normal Activity,0,0.031554486602544785,0
2968,19,Normal Activity,0,0.0985446497797966,0
2969,19,Normal Activity,0,0.5237285494804382,1
2970,19,Normal Activity,0,0.24407045543193817,0
2971,19,Normal Activity,0,0.15644259750843048,0
2972,19,Normal Activity,0,0.01974504254758358,0
2973,19,Normal Activity,0,0.013363462872803211,0
2974,19,Normal Activity,0,0.041623037308454514,0
2975,19,Normal Activity,0,0.785710334777832,1
2976,19,Normal Activity,0,0.32452520728111267,0
2977,19,Normal Activity,0,0.04604264348745346,0
2978,19,Normal Activity,0,0.03109706938266754,0
2979,19,Normal Activity,0,0.015172047540545464,0
2980,19,Normal Activity,0,0.6999664306640625,1
2981,19,Normal Activity,0,0.09586286544799805,0
2982,19,Normal Activity,0,0.011185343377292156,0
2983,19,Normal Activity,0,0.008444616571068764,0
2984,19,Normal Activity,0,0.009414573200047016,0
2985,19,Normal Activity,0,0.7732553482055664,1
2986,19,Normal Activity,0,0.5185362696647644,1
2987,19,Normal Activity,0,0.2766227126121521,0
2988,19,Normal Activity,0,0.16642259061336517,0
2989,19,Normal Activity,0,0.3956272602081299,0
2990,19,Normal Activity,0,0.1931847184896469,0
2991,19,Normal Activity,0,0.012373309582471848,0
2992,19,Normal Activity,0,0.4497298300266266,0
2993,19,Normal Activity,0,0.15255655348300934,0
2994,19,Normal Activity,0,0.015910901129245758,0
2995,19,Normal Activity,0,0.07737395167350769,0
2996,19,Normal Activity,0,0.06866934150457382,0
2997,19,Normal Activity,0,0.17347629368305206,0
2998,19,Normal Activity,0,0.010757827199995518,0
2999,19,Normal Activity,0,0.18934020400047302,0
3000,19,Normal Activity,0,0.12944622337818146,0
3001,19,Normal Activity,0,0.12901504337787628,0
3002,19,Normal Activity,0,0.2438543736934662,0
3003,19,Normal Activity,0,0.05351873114705086,0
3004,19,Normal Activity,0,0.028953826054930687,0
3005,19,Normal Activity,0,0.14568480849266052,0
3006,19,Normal Activity,0,0.11816330999135971,0
3007,19,Normal Activity,0,0.06406617909669876,0
3008,19,Normal Activity,0,0.055658478289842606,0
3009,19,Normal Activity,0,0.1821153461933136,0
3010,19,Normal Activity,0,0.09618987143039703,0
3011,19,Normal Activity,0,0.42777466773986816,0
3012,19,Normal Activity,0,0.25551146268844604,0
3013,19,Normal Activity,0,0.054066915065050125,0
3014,19,Normal Activity,0,0.008463999256491661,0
3015,19,Normal Activity,0,0.09528014808893204,0
3016,19,Normal Activity,0,0.6790500283241272,1
3017,19,Normal Activity,0,0.7349907159805298,1
3018,19,Normal Activity,0,0.14349398016929626,0
3019,19,Normal Activity,0,0.08279753476381302,0
3020,19,Normal Activity,0,0.09378913044929504,0
3021,19,Normal Activity,0,0.07962886244058609,0
3022,19,Normal Activity,0,0.8857980966567993,1
3023,19,Normal Activity,0,0.8848248720169067,1
3024,19,Normal Activity,0,0.8528478741645813,1
3025,19,Normal Activity,0,0.8412702679634094,1
3026,19,Normal Activity,0,0.6676337718963623,1
3027,19,Normal Activity,0,0.6933718919754028,1
3028,19,Normal Activity,0,0.693784236907959,1
3029,19,Normal Activity,0,0.7376534342765808,1
3030,19,Normal Activity,0,0.5458505749702454,1
3031,19,Normal Activity,0,0.3176562488079071,0
3032,19,Normal Activity,0,0.10550713539123535,0
3033,19,Normal Activity,0,0.6334193348884583,1
3034,19,Normal Activity,0,0.8616560101509094,1
3035,19,Normal Activity,0,0.7078585624694824,1
3036,19,Normal Activity,0,0.4762912392616272,0
3037,19,Normal Activity,0,0.2574084997177124,0
3038,19,Normal Activity,0,0.6404605507850647,1
3039,19,Normal Activity,0,0.745190441608429,1
3040,19,Normal Activity,0,0.8222014904022217,1
3041,19,Normal Activity,0,0.5825405120849609,1
3042,19,Normal Activity,0,0.14090794324874878,0
3043,19,Normal Activity,0,0.7380126118659973,1
3044,19,Normal Activity,0,0.45553654432296753,0
3045,19,Normal Activity,0,0.04773842915892601,0
3046,19,Normal Activity,0,0.012856882996857166,0
3047,19,Normal Activity,0,0.018989985808730125,0
3048,19,Normal Activity,0,0.1601581871509552,0
3049,19,Normal Activity,0,0.2025771141052246,0
3050,19,Normal Activity,0,0.019492650404572487,0
3051,19,Normal Activity,0,0.017125610262155533,0
3052,19,Normal Activity,0,0.43555667996406555,0
3053,19,Normal Activity,0,0.09977123141288757,0
3054,19,Normal Activity,0,0.018785150721669197,0
3055,19,Normal Activity,0,0.033939462155103683,0
3056,19,Normal Activity,0,0.19182954728603363,0
3057,19,Normal Activity,0,0.09815006703138351,0
3058,19,Normal Activity,0,0.005743606481701136,0
3059,19,Normal Activity,0,0.003893041517585516,0
3060,19,Normal Activity,0,0.035338208079338074,0
3061,19,Normal Activity,0,0.013589971698820591,0
3062,19,Normal Activity,0,0.007720641326159239,0
3063,19,Normal Activity,0,0.011732745915651321,0
3064,19,Normal Activity,0,0.04592644423246384,0
3065,19,Normal Activity,0,0.15425464510917664,0
3066,19,Normal Activity,0,0.4310608208179474,0
3067,19,Normal Activity,0,0.6359325647354126,1
3068,19,Normal Activity,0,0.18246209621429443,0
3069,19,Normal Activity,0,0.08978143334388733,0
3070,19,Normal Activity,0,0.020070841535925865,0
3071,19,Normal Activity,0,0.026321254670619965,0
3072,19,Normal Activity,0,0.5052289366722107,1
3073,19,Normal Activity,0,0.06754544377326965,0
3074,19,Normal Activity,0,0.061027415096759796,0
3075,19,Normal Activity,0,0.007998032495379448,0
3076,19,Normal Activity,0,0.12188073247671127,0
3077,19,Normal Activity,0,0.17228963971138,0
3078,19,Normal Activity,0,0.06262608617544174,0
3079,19,Normal Activity,0,0.12454001605510712,0
3080,19,Normal Activity,0,0.3385080397129059,0
3081,19,Normal Activity,0,0.11758805811405182,0
3082,19,Normal Activity,0,0.037262413650751114,0
3083,19,Normal Activity,0,0.0788385197520256,0
3084,19,Normal Activity,0,0.02212989702820778,0
3085,19,Normal Activity,0,0.012462751008570194,0
3086,19,Normal Activity,0,0.24384130537509918,0
3087,19,Normal Activity,0,0.08973626047372818,0
3088,19,Normal Activity,0,0.17329390347003937,0
3089,19,Normal Activity,0,0.030637521296739578,0
3090,19,Normal Activity,0,0.0037593264132738113,0
3091,19,Normal Activity,0,0.0049443598836660385,0
3092,19,Normal Activity,0,0.48584964871406555,0
3093,19,Normal Activity,0,0.2434878945350647,0
3094,19,Normal Activity,0,0.08666901290416718,0
3095,19,Normal Activity,0,0.02976495400071144,0
3096,19,Normal Activity,0,0.026035994291305542,0
3097,19,Normal Activity,0,0.02855834923684597,0
3098,19,Normal Activity,0,0.02218092978000641,0
3099,19,Normal Activity,0,0.009285280480980873,0
3100,19,Normal Activity,0,0.0269267950206995,0
3101,19,Normal Activity,0,0.008513464592397213,0
3102,19,Normal Activity,0,0.03284367546439171,0
3103,19,Normal Activity,0,0.10213194042444229,0
3104,19,Normal Activity,0,0.032006748020648956,0
3105,19,Normal Activity,0,0.006860037334263325,0
3106,19,Normal Activity,0,0.006376917473971844,0
3107,19,Normal Activity,0,0.10908538103103638,0
3108,19,Normal Activity,0,0.41090333461761475,0
3109,19,Normal Activity,0,0.15369266271591187,0
3110,19,Normal Activity,0,0.1585388481616974,0
3111,19,Normal Activity,0,0.09283069521188736,0
3112,19,Normal Activity,0,0.7812358140945435,1
3113,19,Normal Activity,0,0.6825061440467834,1
3114,19,Normal Activity,0,0.6843506693840027,1
3115,19,Normal Activity,0,0.14356103539466858,0
3116,19,Normal Activity,0,0.5174100399017334,1
3117,19,Normal Activity,0,0.31841179728507996,0
3118,19,Normal Activity,0,0.27902400493621826,0
3119,19,Normal Activity,0,0.2744632661342621,0
3120,19,Normal Activity,0,0.18339984118938446,0
3121,19,Normal Activity,0,0.49283722043037415,0
3122,19,Normal Activity,0,0.009442937560379505,0
3123,19,Normal Activity,0,0.006719382479786873,0
3124,19,Normal Activity,0,0.028489144518971443,0
3125,19,Normal Activity,0,0.24768847227096558,0
3126,19,Normal Activity,0,0.22190791368484497,0
3127,19,Normal Activity,0,0.18062356114387512,0
3128,19,Normal Activity,0,0.017302170395851135,0
3129,19,Normal Activity,0,0.015001693740487099,0
3130,19,Normal Activity,0,0.02815779484808445,0
3131,19,Normal Activity,0,0.6474297046661377,1
3132,19,Normal Activity,0,0.7968719601631165,1
3133,19,Normal Activity,0,0.38247358798980713,0
3134,19,Normal Activity,0,0.4162830114364624,0
3135,19,Normal Activity,0,0.07748876512050629,0
3136,19,Normal Activity,0,0.19081631302833557,0
3137,19,Normal Activity,0,0.7962938547134399,1
3138,19,Normal Activity,0,0.6168343424797058,1
3139,19,Normal Activity,0,0.49387672543525696,0
3140,19,Normal Activity,0,0.025538908317685127,0
3141,19,Normal Activity,0,0.005146054085344076,0
3142,19,Normal Activity,0,0.4356546103954315,0
3143,19,Normal Activity,0,0.019266217947006226,0
3144,19,Normal Activity,0,0.010271263308823109,0
3145,19,Normal Activity,0,0.5051725506782532,1
3146,19,Normal Activity,0,0.08643032610416412,0
3147,19,Normal Activity,0,0.0071726092137396336,0
3148,19,Normal Activity,0,0.05378595367074013,0
3149,19,Normal Activity,0,0.0410664826631546,0
3150,19,Normal Activity,0,0.031158726662397385,0
3151,19,Normal Activity,0,0.2852930426597595,0
3152,19,Normal Activity,0,0.1273464411497116,0
3153,19,Normal Activity,0,0.012256713584065437,0
3154,19,Normal Activity,0,0.47619199752807617,0
3155,19,Normal Activity,0,0.18153274059295654,0
3156,19,Normal Activity,0,0.3503204584121704,0
3157,19,Normal Activity,0,0.1201241984963417,0
3158,19,Normal Activity,0,0.15792325139045715,0
3159,19,Normal Activity,0,0.10333309322595596,0
3160,19,Normal Activity,0,0.09095479547977448,0
3161,19,Normal Activity,0,0.06894134730100632,0
3162,19,Normal Activity,0,0.1522739976644516,0
3163,19,Normal Activity,0,0.011305617168545723,0
3164,19,Normal Activity,0,0.0033211836125701666,0
3165,19,Normal Activity,0,0.38109809160232544,0
3166,19,Normal Activity,0,0.12422879785299301,0
3167,19,Normal Activity,0,0.06909999996423721,0
3168,19,Normal Activity,0,0.05458584055304527,0
3169,19,Normal Activity,0,0.10215147584676743,0
3170,19,Normal Activity,0,0.10259532183408737,0
3171,19,Normal Activity,0,0.0587431825697422,0
3172,19,Normal Activity,0,0.05909109488129616,0
3173,19,Normal Activity,0,0.11373875290155411,0
3174,19,Normal Activity,0,0.2430870682001114,0
3175,19,Normal Activity,0,0.18100030720233917,0
3176,19,Normal Activity,0,0.0520014725625515,0
3177,19,Normal Activity,0,0.023899193853139877,0
3178,19,Normal Activity,0,0.06886763125658035,0
3179,19,Normal Activity,0,0.1268700361251831,0
3180,19,Normal Activity,0,0.6827208995819092,1
3181,19,Normal Activity,0,0.8246101140975952,1
3182,19,Normal Activity,0,0.24438053369522095,0
3183,19,Normal Activity,0,0.2677219808101654,0
3184,19,Normal Activity,0,0.7972031235694885,1
3185,19,Normal Activity,0,0.23003745079040527,0
3186,19,Normal Activity,0,0.06488382071256638,0
3187,19,Normal Activity,0,0.32548919320106506,0
3188,19,Normal Activity,0,0.5864134430885315,1
3189,19,Normal Activity,0,0.45586732029914856,0
3190,19,Normal Activity,0,0.22462356090545654,0
3191,19,Normal Activity,0,0.2206961065530777,0
3192,19,Normal Activity,0,0.6518736481666565,1
3193,19,Normal Activity,0,0.09443914145231247,0
3194,19,Normal Activity,0,0.09345737099647522,0
3195,19,Normal Activity,0,0.16381964087486267,0
3196,20,Normal Activity,0,0.14222019910812378,0
3197,20,Normal Activity,0,0.12198247760534286,0
3198,20,Normal Activity,0,0.018395885825157166,0
3199,20,Normal Activity,0,0.006220310926437378,0
3200,20,Normal Activity,0,0.005033798981457949,0
3201,20,Normal Activity,0,0.003952838014811277,0
3202,20,Normal Activity,0,0.003483150852844119,0
3203,20,Normal Activity,0,0.7261719703674316,1
3204,20,Normal Activity,0,0.4793369770050049,0
3205,20,Normal Activity,0,0.02471357397735119,0
3206,20,Normal Activity,0,0.007794451899826527,0
3207,20,Normal Activity,0,0.005371982231736183,0
3208,20,Normal Activity,0,0.005764576606452465,0
3209,20,Normal Activity,0,0.013043716549873352,0
3210,20,Normal Activity,0,0.7318560481071472,1
3211,20,Normal Activity,0,0.8613374829292297,1
3212,20,Normal Activity,0,0.8698608875274658,1
3213,20,Normal Activity,0,0.7982558608055115,1
3214,20,Normal Activity,0,0.9186729788780212,1
3215,20,Normal Activity,0,0.926875114440918,1
3216,20,Normal Activity,0,0.8526334762573242,1
3217,20,Normal Activity,0,0.7008480429649353,1
3218,20,Normal Activity,0,0.5234653949737549,1
3219,20,Normal Activity,0,0.3149069845676422,0
3220,20,Normal Activity,0,0.5816481709480286,1
3221,20,Normal Activity,0,0.3221052289009094,0
3222,20,Normal Activity,0,0.02234969474375248,0
3223,20,Normal Activity,0,0.014050706289708614,0
3224,20,Normal Activity,0,0.4901212751865387,0
3225,20,Normal Activity,0,0.5514029860496521,1
3226,20,Normal Activity,0,0.13251924514770508,0
3227,20,Normal Activity,0,0.14237672090530396,0
3228,20,Normal Activity,0,0.02318514510989189,0
3229,20,Normal Activity,0,0.1486390084028244,0
3230,20,Normal Activity,0,0.10471631586551666,0
3231,20,Normal Activity,0,0.6302180886268616,1
3232,20,Normal Activity,0,0.5765854716300964,1
3233,20,Normal Activity,0,0.15946641564369202,0
3234,20,Normal Activity,0,0.09030012786388397,0
3235,20,Normal Activity,0,0.014712603762745857,0
3236,20,Normal Activity,0,0.011086401529610157,0
3237,20,Normal Activity,0,0.01932150311768055,0
3238,20,Normal Activity,0,0.008817541413009167,0
3239,20,Normal Activity,0,0.016073066741228104,0
3240,20,Normal Activity,0,0.008896252140402794,0
3241,20,Normal Activity,0,0.018042447045445442,0
3242,20,Normal Activity,0,0.010014374740421772,0
3243,20,Normal Activity,0,0.022936882451176643,0
3244,20,Normal Activity,0,0.032900527119636536,0
3245,20,Normal Activity,0,0.016404947265982628,0
3246,20,Normal Activity,0,0.09876463562250137,0
3247,20,Normal Activity,0,0.04369562119245529,0
3248,20,Normal Activity,0,0.06166049838066101,0
3249,20,Normal Activity,0,0.05460509657859802,0
3250,20,Normal Activity,0,0.5933254957199097,1
3251,20,Normal Activity,0,0.7660328149795532,1
3252,20,Normal Activity,0,0.06501486152410507,0
3253,20,Normal Activity,0,0.01703978143632412,0
3254,20,Normal Activity,0,0.04671051725745201,0
3255,20,Normal Activity,0,0.24680805206298828,0
3256,20,Normal Activity,0,0.24267126619815826,0
3257,20,Normal Activity,0,0.016221733763813972,0
3258,20,Normal Activity,0,0.008539278991520405,0
3259,20,Normal Activity,0,0.07449266314506531,0
3260,20,Normal Activity,0,0.9086806178092957,1
3261,20,Normal Activity,0,0.8852410316467285,1
3262,20,Normal Activity,0,0.573872983455658,1
3263,20,Normal Activity,0,0.16294381022453308,0
3264,20,Normal Activity,0,0.14916762709617615,0
3373,22,Normal Activity,0,0.4509129524230957,0
3374,22,Normal Activity,0,0.08548346161842346,0
3375,22,Normal Activity,0,0.07339771091938019,0
3376,22,Normal Activity,0,0.01784682460129261,0
3377,22,Normal Activity,0,0.01110201794654131,0
3378,22,Normal Activity,0,0.016993878409266472,0
3379,22,Normal Activity,0,0.7196088433265686,1
3380,22,Normal Activity,0,0.5071352124214172,1
3381,22,Normal Activity,0,0.05814749747514725,0
3382,22,Normal Activity,0,0.014540580101311207,0
3383,22,Normal Activity,0,0.017515677958726883,0
3384,22,Normal Activity,0,0.02023063227534294,0
3385,22,Normal Activity,0,0.08656109124422073,0
3386,22,Normal Activity,0,0.11236220598220825,0
3387,22,Normal Activity,0,0.03316742554306984,0
3388,22,Normal Activity,0,0.00943093840032816,0
3389,22,Normal Activity,0,0.011212985962629318,0
3390,22,Normal Activity,0,0.0069845509715378284,0
3391,22,Normal Activity,0,0.03977714106440544,0
3392,22,Normal Activity,0,0.0069110700860619545,0
3393,22,Normal Activity,0,0.009545400738716125,0
3394,22,Normal Activity,0,0.022746501490473747,0
3395,22,Normal Activity,0,0.44136834144592285,0
3396,22,Normal Activity,0,0.03719848766922951,0
3397,22,Normal Activity,0,0.013854628428816795,0
3398,22,Normal Activity,0,0.011447332799434662,0
3399,22,Normal Activity,0,0.009289935231208801,0
3400,22,Normal Activity,0,0.04788562282919884,0
3401,22,Normal Activity,0,0.26993829011917114,0
3402,22,Normal Activity,0,0.21923261880874634,0
3403,22,Normal Activity,0,0.43430274724960327,0
3404,22,Normal Activity,0,0.05760294571518898,0
3405,22,Normal Activity,0,0.8890206813812256,1
3406,23,Normal Activity,0,0.04730246961116791,0
3407,23,Normal Activity,0,0.024803539738059044,0
3408,23,Normal Activity,0,0.03259287774562836,0
3409,23,Normal Activity,0,0.006643072701990604,0
3410,23,Normal Activity,0,0.8081191182136536,1
3411,23,Normal Activity,0,0.351347953081131,0
3412,23,Normal Activity,0,0.7014464139938354,1
3413,23,Normal Activity,0,0.03114817850291729,0
3414,23,Normal Activity,0,0.30533796548843384,0
3415,23,Normal Activity,0,0.12853318452835083,0
3416,23,Normal Activity,0,0.06663130968809128,0
3417,23,Normal Activity,0,0.03532208129763603,0
3418,23,Normal Activity,0,0.06943101435899734,0
3419,23,Normal Activity,0,0.06866850703954697,0
3420,23,Normal Activity,0,0.051351387053728104,0
3421,23,Normal Activity,0,0.022366683930158615,0
3422,23,Normal Activity,0,0.02278330735862255,0
3423,23,Normal Activity,0,0.013639342971146107,0
3424,23,Normal Activity,0,0.04134895280003548,0
3425,23,Normal Activity,0,0.010644176974892616,0
3426,23,Normal Activity,0,0.012694510631263256,0
3427,24,Normal Activity,0,0.016239456832408905,0
3428,24,Normal Activity,0,0.019816355779767036,0
3429,24,Normal Activity,0,0.019319633021950722,0
3430,24,Normal Activity,0,0.1434439867734909,0
3431,24,Normal Activity,0,0.03795253485441208,0
3432,24,Normal Activity,0,0.0813470110297203,0
3433,24,Normal Activity,0,0.01348877977579832,0
3434,24,Normal Activity,0,0.00456146290525794,0
3435,24,Normal Activity,0,0.009317444637417793,0
3436,24,Normal Activity,0,0.11804860830307007,0
3437,24,Normal Activity,0,0.010910208337008953,0
3438,24,Normal Activity,0,0.01459801010787487,0
3439,24,Normal Activity,0,0.026074038818478584,0
3440,24,Normal Activity,0,0.0107502993196249,0
3441,24,Normal Activity,0,0.006719233002513647,0
3442,24,Normal Activity,0,0.482625812292099,0
3443,24,Normal Activity,0,0.10991494357585907,0
3444,24,Normal Activity,0,0.2535529136657715,0
3967,29,Normal Activity,0,0.10775082558393478,0
3968,29,Normal Activity,0,0.41396278142929077,0
3969,29,Normal Activity,0,0.039746277034282684,0
3970,29,Normal Activity,0,0.06603197008371353,0
3971,29,Normal Activity,0,0.43150147795677185,0
3972,29,Normal Activity,0,0.3023609220981598,0
3973,29,Normal Activity,0,0.39965271949768066,0
3974,29,Normal Activity,0,0.32028666138648987,0
3975,29,Normal Activity,0,0.252627968788147,0
3976,29,Normal Activity,0,0.051648154854774475,0
3977,29,Normal Activity,0,0.013871016912162304,0
3978,29,Normal Activity,0,0.023735033348202705,0
3979,29,Normal Activity,0,0.529832124710083,1
3980,29,Normal Activity,0,0.10218624770641327,0
3981,29,Normal Activity,0,0.19382831454277039,0
3982,29,Normal Activity,0,0.5175284743309021,1
3983,29,Normal Activity,0,0.05042494833469391,0
3984,29,Normal Activity,0,0.03236642852425575,0
3985,29,Normal Activity,0,0.017320072278380394,0
3986,29,Normal Activity,0,0.2283048778772354,0
3987,29,Normal Activity,0,0.0761871263384819,0
3988,29,Normal Activity,0,0.008856416679918766,0
3989,29,Normal Activity,0,0.009653612971305847,0
3990,29,Normal Activity,0,0.029816556721925735,0
3991,30,Normal Activity,0,0.06770798563957214,0
3992,30,Normal Activity,0,0.017025141045451164,0
3993,30,Normal Activity,0,0.9675178527832031,1
3994,30,Normal Activity,0,0.6203277707099915,1
3995,30,Normal Activity,0,0.20189332962036133,0
3996,30,Normal Activity,0,0.13711445033550262,0
3997,30,Normal Activity,0,0.6813088655471802,1
3998,30,Normal Activity,0,0.6977563500404358,1
3999,30,Normal Activity,0,0.07878922671079636,0
4000,30,Normal Activity,0,0.4946756064891815,0
4001,30,Normal Activity,0,0.14988990128040314,0
4002,30,Normal Activity,0,0.03182462602853775,0
4003,30,Normal Activity,0,0.8994145393371582,1
4004,30,Normal Activity,0,0.8877434134483337,1
4005,30,Normal Activity,0,0.43310755491256714,0
4006,31,Normal Activity,0,0.011356278322637081,0
4007,31,Normal Activity,0,0.021791333332657814,0
4008,31,Normal Activity,0,0.09311806410551071,0
4009,31,Normal Activity,0,0.0655478909611702,0
4010,31,Normal Activity,0,0.1437375247478485,0
4011,31,Normal Activity,0,0.05517412722110748,0
4012,31,Normal Activity,0,0.35891467332839966,0
4013,31,Normal Activity,0,0.12665656208992004,0
4014,31,Normal Activity,0,0.049211401492357254,0
4015,31,Normal Activity,0,0.33966773748397827,0
4016,31,Normal Activity,0,0.07546086609363556,0
4017,31,Normal Activity,0,0.01254382822662592,0
4018,31,Normal Activity,0,0.5635524392127991,1
4019,31,Normal Activity,0,0.37119027972221375,0
4020,31,Normal Activity,0,0.21482938528060913,0
4021,32,Normal Activity,0,0.08039842545986176,0
4022,32,Normal Activity,0,0.08322978019714355,0
4023,32,Normal Activity,0,0.31907349824905396,0
4024,32,Normal Activity,0,0.5591664910316467,1
4025,32,Normal Activity,0,0.3024314045906067,0
4026,32,Normal Activity,0,0.1942119598388672,0
4027,32,Normal Activity,0,0.1599179059267044,0
4028,32,Normal Activity,0,0.18519701063632965,0
4029,32,Normal Activity,0,0.2031094878911972,0
4030,32,Normal Activity,0,0.1581544280052185,0
4031,32,Normal Activity,0,0.18563403189182281,0
4032,32,Normal Activity,0,0.030888888984918594,0
4033,32,Normal Activity,0,0.011701978743076324,0
4034,32,Normal Activity,0,0.048584893345832825,0
4035,32,Normal Activity,0,0.03511091321706772,0
4036,32,Normal Activity,0,0.09644600749015808,0
4037,32,Normal Activity,0,0.5946508049964905,1
4038,32,Normal Activity,0,0.40772396326065063,0
4039,32,Normal Activity,0,0.017912093549966812,0
4040,32,Normal Activity,0,0.04197748005390167,0
4041,32,Normal Activity,0,0.017876621335744858,0
4042,32,Normal Activity,0,0.39132311940193176,0
4043,32,Normal Activity,0,0.2739397883415222,0
4044,32,Normal Activity,0,0.36362501978874207,0
4045,32,Normal Activity,0,0.32952025532722473,0
4046,32,Normal Activity,0,0.024965381249785423,0
4047,32,Normal Activity,0,0.41516926884651184,0
4048,32,Normal Activity,0,0.05482250452041626,0
4049,32,Normal Activity,0,0.019898854196071625,0
4050,32,Normal Activity,0,0.054628659039735794,0
4063,34,Normal Activity,0,0.12603262066841125,0
4064,34,Normal Activity,0,0.10999282449483871,0
4065,34,Normal Activity,0,0.13788528740406036,0
4066,34,Normal Activity,0,0.7852775454521179,1
4067,34,Normal Activity,0,0.552047073841095,1
4068,34,Normal Activity,0,0.6433855891227722,1
4069,34,Normal Activity,0,0.6124520301818848,1
4070,34,Normal Activity,0,0.12532947957515717,0
4071,34,Normal Activity,0,0.010899314656853676,0
4072,34,Normal Activity,0,0.323022723197937,0
4073,34,Normal Activity,0,0.09267999231815338,0
4074,34,Normal Activity,0,0.0429852232336998,0
4075,34,Normal Activity,0,0.14824527502059937,0
4076,34,Normal Activity,0,0.06243445724248886,0
4077,34,Normal Activity,0,0.8838388919830322,1
4078,34,Normal Activity,0,0.43371498584747314,0
4079,34,Normal Activity,0,0.029093140736222267,0
4080,34,Normal Activity,0,0.03652998432517052,0
4081,34,Normal Activity,0,0.024276932701468468,0
4082,35,Normal Activity,0,0.5979422330856323,1
4083,35,Normal Activity,0,0.0076116593554615974,0
4084,35,Normal Activity,0,0.01541992463171482,0
4085,35,Normal Activity,0,0.030779603868722916,0
4086,35,Normal Activity,0,0.8065071702003479,1
4087,35,Normal Activity,0,0.7768731713294983,1
4088,35,Normal Activity,0,0.46317896246910095,0
4089,35,Normal Activity,0,0.27056795358657837,0
4090,35,Normal Activity,0,0.40494394302368164,0
4091,35,Normal Activity,0,0.36939752101898193,0
4092,35,Normal Activity,0,0.023525943979620934,0
4093,35,Normal Activity,0,0.009668503887951374,0
4094,35,Normal Activity,0,0.19434678554534912,0
4095,35,Normal Activity,0,0.03764418140053749,0
4096,35,Normal Activity,0,0.030914228409528732,0
4097,35,Normal Activity,0,0.06787504255771637,0
4098,35,Normal Activity,0,0.027183886617422104,0
4099,35,Normal Activity,0,0.008337844163179398,0
4100,35,Normal Activity,0,0.27204805612564087,0
4101,35,Normal Activity,0,0.01969020999968052,0
4102,35,Normal Activity,0,0.15439745783805847,0
4103,36,Normal Activity,0,0.6869568228721619,1
4104,36,Normal Activity,0,0.44685134291648865,0
4105,36,Normal Activity,0,0.18355952203273773,0
4106,36,Normal Activity,0,0.15005826950073242,0
4107,36,Normal Activity,0,0.04630739614367485,0
4108,36,Normal Activity,0,0.057212285697460175,0
4109,36,Normal Activity,0,0.05334150046110153,0
4110,36,Normal Activity,0,0.0495467446744442,0
4111,36,Normal Activity,0,0.1019367128610611,0
4112,36,Normal Activity,0,0.2456744760274887,0
4113,36,Normal Activity,0,0.31801435351371765,0
4114,36,Normal Activity,0,0.29084745049476624,0
4115,36,Normal Activity,0,0.06725314259529114,0
4116,36,Normal Activity,0,0.10479770600795746,0
4117,36,Normal Activity,0,0.08868502825498581,0
4118,36,Normal Activity,0,0.03330477699637413,0
4119,36,Normal Activity,0,0.015666531398892403,0
4120,36,Normal Activity,0,0.026752665638923645,0
4121,36,Normal Activity,0,0.12109238654375076,0
4122,36,Normal Activity,0,0.246147021651268,0
4123,36,Normal Activity,0,0.06640425324440002,0
4124,36,Normal Activity,0,0.2672591805458069,0
4125,36,Normal Activity,0,0.17390699684619904,0
4126,36,Normal Activity,0,0.03418107330799103,0
4127,36,Normal Activity,0,0.014331755228340626,0
4128,36,Normal Activity,0,0.044545091688632965,0
4129,36,Normal Activity,0,0.179683119058609,0
4130,36,Normal Activity,0,0.6414588093757629,1
4131,36,Normal Activity,0,0.336895614862442,0
4132,36,Normal Activity,0,0.06267501413822174,0
4133,36,Normal Activity,0,0.021016022190451622,0
4134,36,Normal Activity,0,0.02123298868536949,0
4135,36,Normal Activity,0,0.031835708767175674,0
4136,36,Normal Activity,0,0.03897051513195038,0
4137,36,Normal Activity,0,0.02165878191590309,0
4138,36,Normal Activity,0,0.8747199177742004,1
4139,36,Normal Activity,0,0.31650304794311523,0
4140,36,Normal Activity,0,0.06124912202358246,0
4141,36,Normal Activity,0,0.06765483319759369,0
4142,36,Normal Activity,0,0.19868113100528717,0
4143,36,Normal Activity,0,0.3008432984352112,0
4144,36,Normal Activity,0,0.21494117379188538,0
4269,38,Normal Activity,0,0.33084720373153687,0
4270,38,Normal Activity,0,0.13422569632530212,0
4271,38,Normal Activity,0,0.0772821307182312,0
4272,38,Normal Activity,0,0.046426787972450256,0
4273,38,Normal Activity,0,0.053637146949768066,0
4274,38,Normal Activity,0,0.9082475304603577,1
4275,38,Normal Activity,0,0.08872164040803909,0
4276,38,Normal Activity,0,0.01572023518383503,0
4277,38,Normal Activity,0,0.01765766739845276,0
4278,38,Normal Activity,0,0.05398524925112724,0
4279,38,Normal Activity,0,0.11162178963422775,0
4280,38,Normal Activity,0,0.7832408547401428,1
4281,38,Normal Activity,0,0.8153964877128601,1
4282,38,Normal Activity,0,0.6745612621307373,1
4283,38,Normal Activity,0,0.46513962745666504,0
4284,38,Normal Activity,0,0.40332460403442383,0
4285,38,Normal Activity,0,0.40006309747695923,0
4286,38,Normal Activity,0,0.7440770268440247,1
4287,38,Normal Activity,0,0.31006190180778503,0
4288,38,Normal Activity,0,0.40585094690322876,0
4289,38,Normal Activity,0,0.11091727763414383,0
4290,38,Normal Activity,0,0.1249372661113739,0
4291,38,Normal Activity,0,0.16415949165821075,0
4292,38,Normal Activity,0,0.061356328427791595,0
4293,38,Normal Activity,0,0.03296583890914917,0
4294,38,Normal Activity,0,0.015453670173883438,0
4295,38,Normal Activity,0,0.03328188136219978,0
4296,38,Normal Activity,0,0.15400449931621552,0
4297,38,Normal Activity,0,0.5043036937713623,1
4298,38,Normal Activity,0,0.7138794660568237,1
4299,38,Normal Activity,0,0.5005879402160645,1
4300,38,Normal Activity,0,0.024918995797634125,0
4301,38,Normal Activity,0,0.2121543437242508,0
4362,40,Normal Activity,0,0.8848956227302551,1
4363,40,Normal Activity,0,0.9337059855461121,1
4364,40,Normal Activity,0,0.31220316886901855,0
4365,40,Normal Activity,0,0.0897839218378067,0
4366,40,Normal Activity,0,0.04423614218831062,0
4367,40,Normal Activity,0,0.07015439867973328,0
4368,40,Normal Activity,0,0.2677297294139862,0
4369,40,Normal Activity,0,0.14336682856082916,0
4370,40,Normal Activity,0,0.04025350511074066,0
4371,40,Normal Activity,0,0.4495067596435547,0
4372,40,Normal Activity,0,0.9092859029769897,1
4373,40,Normal Activity,0,0.7275651097297668,1
4374,40,Normal Activity,0,0.6931173205375671,1
4375,40,Normal Activity,0,0.6925289630889893,1
4376,40,Normal Activity,0,0.25912904739379883,0
4377,40,Normal Activity,0,0.13364137709140778,0
4378,40,Normal Activity,0,0.10608495026826859,0
4379,40,Normal Activity,0,0.7095035910606384,1
4380,40,Normal Activity,0,0.7246913313865662,1
4381,40,Normal Activity,0,0.12534384429454803,0
4382,40,Normal Activity,0,0.030031058937311172,0
4383,40,Normal Activity,0,0.01020298432558775,0
4384,40,Normal Activity,0,0.024147501215338707,0
4385,40,Normal Activity,0,0.03003702685236931,0
4386,40,Normal Activity,0,0.02361341193318367,0
4387,40,Normal Activity,0,0.5843065977096558,1
4388,40,Normal Activity,0,0.39358586072921753,0
4389,40,Normal Activity,0,0.18658681213855743,0
4390,40,Normal Activity,0,0.0536862276494503,0
4391,40,Normal Activity,0,0.07259876281023026,0
4392,40,Normal Activity,0,0.6636582016944885,1
4393,40,Normal Activity,0,0.42610135674476624,0
4394,40,Normal Activity,0,0.16442209482192993,0
4395,40,Normal Activity,0,0.08573519438505173,0
4396,40,Normal Activity,0,0.07102631777524948,0
4397,40,Normal Activity,0,0.8754217624664307,1
4398,40,Normal Activity,0,0.153220072388649,0
4399,40,Normal Activity,0,0.026228390634059906,0
4400,40,Normal Activity,0,0.027639150619506836,0
4401,40,Normal Activity,0,0.013006574474275112,0
4501,2,Normal Activity,0,0.3565271496772766,0
4502,2,Normal Activity,0,0.3342094123363495,0
4503,2,Normal Activity,0,0.09061653167009354,0
4504,2,Normal Activity,0,0.16251245141029358,0
4505,2,Normal Activity,0,0.08695066720247269,0
4506,2,Normal Activity,0,0.14228597283363342,0
4507,2,Normal Activity,0,0.08541547507047653,0
4508,2,Normal Activity,0,0.026064321398735046,0
4509,2,Normal Activity,0,0.010813377797603607,0
4510,2,Normal Activity,0,0.4463178217411041,0
4511,2,Normal Activity,0,0.2757353186607361,0
4512,2,Normal Activity,0,0.02184949442744255,0
4513,2,Normal Activity,0,0.3572738468647003,0
4514,2,Normal Activity,0,0.06110347807407379,0
4515,2,Normal Activity,0,0.02773422934114933,0
4516,2,Normal Activity,0,0.7043362855911255,1
4517,2,Normal Activity,0,0.12219323962926865,0
4518,2,Normal Activity,0,0.005305579863488674,0
4519,2,Normal Activity,0,0.3803092837333679,0
4520,2,Normal Activity,0,0.22874972224235535,0
4521,2,Normal Activity,0,0.26860058307647705,0
4522,2,Normal Activity,0,0.36894258856773376,0
4523,2,Normal Activity,0,0.53712397813797,1
4524,2,Normal Activity,0,0.012729310430586338,0
4525,2,Normal Activity,0,0.00852063950151205,0
4526,2,Normal Activity,0,0.4920136332511902,0
4527,2,Normal Activity,0,0.0204083863645792,0
4528,2,Normal Activity,0,0.009000595659017563,0
4529,2,Normal Activity,0,0.007506089750677347,0
4530,2,Normal Activity,0,0.9196698665618896,1
4531,2,Normal Activity,0,0.8511888980865479,1
4532,2,Normal Activity,0,0.3148745596408844,0
4533,2,Normal Activity,0,0.2510806620121002,0
4534,2,Normal Activity,0,0.019848372787237167,0
4535,2,Normal Activity,0,0.013726018369197845,0
4536,2,Normal Activity,0,0.01894628442823887,0
4537,2,Normal Activity,0,0.01699438877403736,0
4538,2,Normal Activity,0,0.010677510872483253,0
4539,2,Normal Activity,0,0.0229139756411314,0
4540,2,Normal Activity,0,0.05771690979599953,0
4541,2,Normal Activity,0,0.03444664180278778,0
4542,2,Normal Activity,0,0.022056184709072113,0
4543,2,Normal Activity,0,0.014688360504806042,0
4544,2,Normal Activity,0,0.019748978316783905,0
4545,2,Normal Activity,0,0.007412828505039215,0
4546,2,Normal Activity,0,0.009641816839575768,0
4547,2,Normal Activity,0,0.33228734135627747,0
4548,2,Normal Activity,0,0.16447517275810242,0
4663,4,Normal Activity,0,0.9910222291946411,1
4664,4,Normal Activity,0,0.9215987324714661,1
4665,4,Normal Activity,0,0.7182681560516357,1
4666,4,Normal Activity,0,0.01855785958468914,0
4667,4,Normal Activity,0,0.9766051769256592,1
4668,4,Normal Activity,0,0.8312631249427795,1
4669,4,Normal Activity,0,0.6276814937591553,1
4670,4,Normal Activity,0,0.03424330800771713,0
4671,4,Normal Activity,0,0.9254531264305115,1
4672,4,Normal Activity,0,0.790785551071167,1
4673,4,Normal Activity,0,0.5099102854728699,1
4674,4,Normal Activity,0,0.01610800437629223,0
4675,4,Normal Activity,0,0.33906203508377075,0
4676,4,Normal Activity,0,0.03612204268574715,0
4677,4,Normal Activity,0,0.08065853267908096,0
4678,4,Normal Activity,0,0.7033877372741699,1
4679,4,Normal Activity,0,0.23897907137870789,0
4680,4,Normal Activity,0,0.07826216518878937,0
4681,4,Normal Activity,0,0.17615652084350586,0
4682,4,Normal Activity,0,0.015886742621660233,0
4683,4,Normal Activity,0,0.01617632806301117,0
4684,4,Normal Activity,0,0.7163394689559937,1
4685,4,Normal Activity,0,0.3779047727584839,0
4686,4,Normal Activity,0,0.19581113755702972,0
4687,4,Normal Activity,0,0.06868571788072586,0
4688,4,Normal Activity,0,0.8313047289848328,1
4689,4,Normal Activity,0,0.13609416782855988,0
4690,4,Normal Activity,0,0.015888607129454613,0
4691,4,Normal Activity,0,0.01976585015654564,0
4692,4,Normal Activity,0,0.33185920119285583,0
4693,4,Normal Activity,0,0.7818459272384644,1
4694,4,Normal Activity,0,0.5043294429779053,1
4695,4,Normal Activity,0,0.6032552719116211,1
4696,4,Normal Activity,0,0.04565262794494629,0
4697,4,Normal Activity,0,0.0364350788295269,0
4698,4,Normal Activity,0,0.018366793170571327,0
4699,4,Normal Activity,0,0.22952042520046234,0
4700,4,Normal Activity,0,0.023114435374736786,0
4701,4,Normal Activity,0,0.01024654135107994,0
4702,4,Normal Activity,0,0.11977509409189224,0
4703,4,Normal Activity,0,0.010311808437108994,0
4704,4,Normal Activity,0,0.08511488139629364,0
4705,5,Normal Activity,0,0.13899865746498108,0
4706,5,Normal Activity,0,0.03760669380426407,0
4707,5,Normal Activity,0,0.7513607740402222,1
4708,5,Normal Activity,0,0.04622117429971695,0
4709,5,Normal Activity,0,0.2660982608795166,0
4710,5,Normal Activity,0,0.0872209221124649,0
4711,5,Normal Activity,0,0.14978452026844025,0
4712,5,Normal Activity,0,0.09069790691137314,0
4713,5,Normal Activity,0,0.7979837656021118,1
4714,5,Normal Activity,0,0.4736337661743164,0
4715,6,Normal Activity,0,0.19609172642230988,0
4716,6,Normal Activity,0,0.023587865754961967,0
4717,6,Normal Activity,0,0.019320383667945862,0
4718,6,Normal Activity,0,0.27894285321235657,0
4719,6,Normal Activity,0,0.017610888928174973,0
4720,6,Normal Activity,0,0.006516739260405302,0
4721,6,Normal Activity,0,0.14806082844734192,0
4722,6,Normal Activity,0,0.1469648778438568,0
4723,6,Normal Activity,0,0.03295378014445305,0
4724,6,Normal Activity,0,0.04782532900571823,0
4725,6,Normal Activity,0,0.19024451076984406,0
4726,6,Normal Activity,0,0.012137863785028458,0
4727,6,Normal Activity,0,0.013026667758822441,0
4728,6,Normal Activity,0,0.09453005343675613,0
4729,7,Normal Activity,0,0.7330241799354553,1
4730,7,Normal Activity,0,0.17985843122005463,0
4731,7,Normal Activity,0,0.12644889950752258,0
4732,7,Normal Activity,0,0.035491105169057846,0
4733,7,Normal Activity,0,0.48903101682662964,0
4734,7,Normal Activity,0,0.8791000843048096,1
4735,7,Normal Activity,0,0.927620530128479,1
4736,7,Normal Activity,0,0.3480609357357025,0
4737,7,Normal Activity,0,0.1325480043888092,0
4738,7,Normal Activity,0,0.33934149146080017,0
4739,7,Normal Activity,0,0.6006328463554382,1
4740,7,Normal Activity,0,0.4878951609134674,0
4741,7,Normal Activity,0,0.018834847956895828,0
4742,7,Normal Activity,0,0.015919728204607964,0
4743,7,Normal Activity,0,0.06127360835671425,0
4744,7,Normal Activity,0,0.023871364071965218,0
4745,7,Normal Activity,0,0.10332072526216507,0
4746,7,Normal Activity,0,0.04663796350359917,0
4747,7,Normal Activity,0,0.3998962640762329,0
4748,7,Normal Activity,0,0.3555324971675873,0
4749,7,Normal Activity,0,0.050418395549058914,0
4750,7,Normal Activity,0,0.21692942082881927,0
4751,7,Normal Activity,0,0.041742559522390366,0
4752,7,Normal Activity,0,0.04435594007372856,0
4753,7,Normal Activity,0,0.07107963413000107,0
4754,7,Normal Activity,0,0.02016473188996315,0
4755,7,Normal Activity,0,0.06272099912166595,0
4756,7,Normal Activity,0,0.4889676570892334,0
4757,7,Normal Activity,0,0.18790221214294434,0
4758,7,Normal Activity,0,0.2331457883119583,0
4759,7,Normal Activity,0,0.31064119935035706,0
4760,7,Normal Activity,0,0.023024506866931915,0
4761,7,Normal Activity,0,0.07180380076169968,0
4762,7,Normal Activity,0,0.48153287172317505,0
4763,7,Normal Activity,0,0.013195865787565708,0
4764,7,Normal Activity,0,0.07742748409509659,0
4765,7,Normal Activity,0,0.8649116158485413,1
4766,7,Normal Activity,0,0.13758504390716553,0
4767,7,Normal Activity,0,0.09323269128799438,0
4768,7,Normal Activity,0,0.25498324632644653,0
4769,7,Normal Activity,0,0.02321518585085869,0
4770,7,Normal Activity,0,0.027683280408382416,0
4771,7,Normal Activity,0,0.07702524214982986,0
4772,7,Normal Activity,0,0.022580048069357872,0
4773,7,Normal Activity,0,0.1415424346923828,0
4774,7,Normal Activity,0,0.19197724759578705,0
4775,7,Normal Activity,0,0.04532632604241371,0
4776,7,Normal Activity,0,0.6291377544403076,1
4777,7,Normal Activity,0,0.6775676608085632,1
4778,7,Normal Activity,0,0.3003127872943878,0
4779,7,Normal Activity,0,0.08299001306295395,0
4780,7,Normal Activity,0,0.04764261469244957,0
4781,7,Normal Activity,0,0.04862378165125847,0
4782,7,Normal Activity,0,0.05795499309897423,0
4783,7,Normal Activity,0,0.0998854711651802,0
4784,7,Normal Activity,0,0.030253788456320763,0
4785,7,Normal Activity,0,0.08855631947517395,0
4786,7,Normal Activity,0,0.15738683938980103,0
4787,7,Normal Activity,0,0.15492352843284607,0
4788,7,Normal Activity,0,0.1351008117198944,0
4789,7,Normal Activity,0,0.057622089982032776,0
4790,7,Normal Activity,0,0.023509681224822998,0
4791,7,Normal Activity,0,0.024348529055714607,0
4792,7,Normal Activity,0,0.07293976098299026,0
4793,7,Normal Activity,0,0.04154102876782417,0
4794,7,Normal Activity,0,0.066102996468544,0
4795,7,Normal Activity,0,0.8335486054420471,1
4796,7,Normal Activity,0,0.6081478595733643,1
4797,7,Normal Activity,0,0.08102640509605408,0
4798,7,Normal Activity,0,0.07224554568529129,0
4799,7,Normal Activity,0,0.5950847268104553,1
4800,7,Normal Activity,0,0.3859787881374359,0
4801,7,Normal Activity,0,0.42506691813468933,0
4802,7,Normal Activity,0,0.05892351642251015,0
4803,7,Normal Activity,0,0.07909394800662994,0
4804,7,Normal Activity,0,0.19151508808135986,0
4805,7,Normal Activity,0,0.5496324300765991,1
4806,7,Normal Activity,0,0.6398014426231384,1
4807,7,Normal Activity,0,0.23611098527908325,0
4808,7,Normal Activity,0,0.012218929827213287,0
4809,7,Normal Activity,0,0.05946313589811325,0
4810,7,Normal Activity,0,0.38126176595687866,0
4811,7,Normal Activity,0,0.6777249574661255,1
4812,7,Normal Activity,0,0.5118553042411804,1
4813,7,Normal Activity,0,0.9094705581665039,1
4814,7,Normal Activity,0,0.05834979936480522,0
4815,7,Normal Activity,0,0.08197750896215439,0
4816,7,Normal Activity,0,0.1829586625099182,0
4817,7,Normal Activity,0,0.011606241576373577,0
4818,7,Normal Activity,0,0.00604475662112236,0
4819,7,Normal Activity,0,0.12528473138809204,0
4820,7,Normal Activity,0,0.04220785200595856,0
4821,7,Normal Activity,0,0.2852117121219635,0
4822,7,Normal Activity,0,0.09294293075799942,0
4823,7,Normal Activity,0,0.10666726529598236,0
4824,7,Normal Activity,0,0.5847167372703552,1
4825,7,Normal Activity,0,0.01769840717315674,0
4826,7,Normal Activity,0,0.006654923781752586,0
4827,7,Normal Activity,0,0.023400386795401573,0
4828,7,Normal Activity,0,0.11119291931390762,0
4829,7,Normal Activity,0,0.07420617341995239,0
4830,7,Normal Activity,0,0.020161539316177368,0
4831,7,Normal Activity,0,0.03043294884264469,0
4832,7,Normal Activity,0,0.2514318823814392,0
4833,7,Normal Activity,0,0.23887325823307037,0
4834,7,Normal Activity,0,0.06450961530208588,0
4835,7,Normal Activity,0,0.4461199641227722,0
4836,7,Normal Activity,0,0.06947983056306839,0
4837,7,Normal Activity,0,0.11991959810256958,0
4838,7,Normal Activity,0,0.010601308196783066,0
4839,7,Normal Activity,0,0.005364567972719669,0
4840,7,Normal Activity,0,0.051382649689912796,0
4841,7,Normal Activity,0,0.0509643629193306,0
4842,7,Normal Activity,0,0.21962031722068787,0
4843,7,Normal Activity,0,0.4192036986351013,0
4844,7,Normal Activity,0,0.7018594145774841,1
4845,7,Normal Activity,0,0.10226739943027496,0
4846,7,Normal Activity,0,0.04546137899160385,0
4847,7,Normal Activity,0,0.26871922612190247,0
4848,7,Normal Activity,0,0.42436355352401733,0
4849,7,Normal Activity,0,0.02579069696366787,0
4850,7,Normal Activity,0,0.009718975983560085,0
4851,7,Normal Activity,0,0.07355117797851562,0
4852,7,Normal Activity,0,0.2604828476905823,0
4853,7,Normal Activity,0,0.8644875884056091,1
4854,7,Normal Activity,0,0.9845313429832458,1
4855,7,Normal Activity,0,0.9761910438537598,1
4856,7,Normal Activity,0,0.3004917502403259,0
4857,7,Normal Activity,0,0.7614946365356445,1
4858,7,Normal Activity,0,0.28695791959762573,0
4859,7,Normal Activity,0,0.6874368190765381,1
4860,7,Normal Activity,0,0.5269431471824646,1
4861,7,Normal Activity,0,0.5832993984222412,1
4862,7,Normal Activity,0,0.6583282947540283,1
4863,7,Normal Activity,0,0.20310869812965393,0
4864,7,Normal Activity,0,0.04855474457144737,0
4865,7,Normal Activity,0,0.04770608991384506,0
4866,7,Normal Activity,0,0.32078906893730164,0
4867,7,Normal Activity,0,0.567010760307312,1
4868,7,Normal Activity,0,0.15884754061698914,0
4869,7,Normal Activity,0,0.11607373505830765,0
4870,7,Normal Activity,0,0.4286576807498932,0
4871,7,Normal Activity,0,0.40557125210762024,0
4872,7,Normal Activity,0,0.053810883313417435,0
4873,7,Normal Activity,0,0.020409641787409782,0
4874,7,Normal Activity,0,0.9254968166351318,1
4875,7,Normal Activity,0,0.8773756623268127,1
4876,7,Normal Activity,0,0.8532953262329102,1
4877,7,Normal Activity,0,0.03876405581831932,0
4878,7,Normal Activity,0,0.9361088275909424,1
4879,7,Normal Activity,0,0.850245475769043,1
4880,7,Normal Activity,0,0.8022457361221313,1
4881,7,Normal Activity,0,0.8748769760131836,1
4882,7,Normal Activity,0,0.9846389889717102,1
4883,7,Normal Activity,0,0.5945804119110107,1
4884,7,Normal Activity,0,0.45528995990753174,0
4885,7,Normal Activity,0,0.009976592846214771,0
4886,7,Normal Activity,0,0.8628106713294983,1
4887,7,Normal Activity,0,0.624904215335846,1
4888,7,Normal Activity,0,0.6862012147903442,1
4889,7,Normal Activity,0,0.16916272044181824,0
4890,7,Normal Activity,0,0.6044121384620667,1
4891,7,Normal Activity,0,0.9156627655029297,1
4892,7,Normal Activity,0,0.25141480565071106,0
4893,7,Normal Activity,0,0.3491862118244171,0
4894,7,Normal Activity,0,0.10397215187549591,0
4895,7,Normal Activity,0,0.8339617848396301,1
4896,7,Normal Activity,0,0.7975170612335205,1
4897,7,Normal Activity,0,0.4846634864807129,0
4898,7,Normal Activity,0,0.05830845609307289,0
4899,7,Normal Activity,0,0.25128915905952454,0
4900,7,Normal Activity,0,0.25768110156059265,0
4901,7,Normal Activity,0,0.0722162276506424,0
4902,7,Normal Activity,0,0.7673278450965881,1
4903,7,Normal Activity,0,0.8501835465431213,1
4904,7,Normal Activity,0,0.4461196959018707,0
4905,7,Normal Activity,0,0.1485782265663147,0
4906,7,Normal Activity,0,0.461947500705719,0
4907,7,Normal Activity,0,0.8399166464805603,1
4908,7,Normal Activity,0,0.36765411496162415,0
4909,7,Normal Activity,0,0.2920735478401184,0
4910,7,Normal Activity,0,0.5393390655517578,1
4911,7,Normal Activity,0,0.5858109593391418,1
4912,7,Normal Activity,0,0.43795090913772583,0
4913,7,Normal Activity,0,0.019461223855614662,0
4914,7,Normal Activity,0,0.6818501949310303,1
4915,7,Normal Activity,0,0.41970375180244446,0
4916,7,Normal Activity,0,0.8314816355705261,1
4917,7,Normal Activity,0,0.02654210291802883,0
4918,7,Normal Activity,0,0.7888036370277405,1
4919,7,Normal Activity,0,0.32031556963920593,0
4920,7,Normal Activity,0,0.7001920342445374,1
4921,7,Normal Activity,0,0.049591146409511566,0
4922,7,Normal Activity,0,0.6685655117034912,1
4923,7,Normal Activity,0,0.29619166254997253,0
4924,7,Normal Activity,0,0.062132298946380615,0
4925,7,Normal Activity,0,0.19841288030147552,0
4926,7,Normal Activity,0,0.2875157594680786,0
4927,7,Normal Activity,0,0.6178603172302246,1
4928,7,Normal Activity,0,0.6427462100982666,1
4929,7,Normal Activity,0,0.12232952564954758,0
4930,7,Normal Activity,0,0.10978035628795624,0
4931,7,Normal Activity,0,0.6324642896652222,1
4932,7,Normal Activity,0,0.5441506505012512,1
4933,7,Normal Activity,0,0.5107933878898621,1
4934,7,Normal Activity,0,0.12539201974868774,0
4935,7,Normal Activity,0,0.0788770392537117,0
4936,7,Normal Activity,0,0.7175281643867493,1
4937,7,Normal Activity,0,0.5169623494148254,1
4938,7,Normal Activity,0,0.0874500721693039,0
4939,7,Normal Activity,0,0.3972152769565582,0
4940,7,Normal Activity,0,0.45370569825172424,0
4941,7,Normal Activity,0,0.09607620537281036,0
4942,7,Normal Activity,0,0.9256478548049927,1
4943,7,Normal Activity,0,0.5580115914344788,1
4944,7,Normal Activity,0,0.7168718576431274,1
4945,7,Normal Activity,0,0.6851632595062256,1
4946,7,Normal Activity,0,0.19178681075572968,0
4947,7,Normal Activity,0,0.9772169589996338,1
4948,7,Normal Activity,0,0.913883626461029,1
4949,7,Normal Activity,0,0.8026973009109497,1
4950,7,Normal Activity,0,0.4221487045288086,0
4951,7,Normal Activity,0,0.38543543219566345,0
4952,7,Normal Activity,0,0.8665013909339905,1
4953,7,Normal Activity,0,0.8897234201431274,1
4954,7,Normal Activity,0,0.3712359666824341,0
4955,7,Normal Activity,0,0.10717863589525223,0
4956,7,Normal Activity,0,0.0734669640660286,0
4957,7,Normal Activity,0,0.9807121753692627,1
4958,7,Normal Activity,0,0.9300330281257629,1
4959,7,Normal Activity,0,0.5176923871040344,1
4960,7,Normal Activity,0,0.18135285377502441,0
4961,7,Normal Activity,0,0.084161177277565,0
4962,7,Normal Activity,0,0.7710789442062378,1
4963,7,Normal Activity,0,0.504111111164093,1
4964,7,Normal Activity,0,0.6651427149772644,1
4965,7,Normal Activity,0,0.46468856930732727,0
4966,7,Normal Activity,0,0.05035504698753357,0
4967,7,Normal Activity,0,0.06536374241113663,0
4968,7,Normal Activity,0,0.48225724697113037,0
4969,7,Normal Activity,0,0.8151773810386658,1
4970,7,Normal Activity,0,0.1871396154165268,0
4971,7,Normal Activity,0,0.23293618857860565,0
4972,7,Normal Activity,0,0.4383724331855774,0
4973,7,Normal Activity,0,0.07110029458999634,0
4974,7,Normal Activity,0,0.3415220379829407,0
4975,7,Normal Activity,0,0.4148312509059906,0
4976,7,Normal Activity,0,0.24013471603393555,0
4977,7,Normal Activity,0,0.19015993177890778,0
4978,7,Normal Activity,0,0.6228494048118591,1
4979,7,Normal Activity,0,0.1995105743408203,0
4980,7,Normal Activity,0,0.09735846519470215,0
4981,7,Normal Activity,0,0.3218284249305725,0
4982,7,Normal Activity,0,0.020944256335496902,0
4983,7,Normal Activity,0,0.045541804283857346,0
4984,7,Normal Activity,0,0.0940147340297699,0
4985,7,Normal Activity,0,0.19824889302253723,0
4986,7,Normal Activity,0,0.26342716813087463,0
4987,7,Normal Activity,0,0.21410341560840607,0
4988,7,Normal Activity,0,0.6473172903060913,1
4989,7,Normal Activity,0,0.25053685903549194,0
4990,7,Normal Activity,0,0.06706315279006958,0
4991,7,Normal Activity,0,0.07515276968479156,0
4992,7,Normal Activity,0,0.09350834786891937,0
4993,7,Normal Activity,0,0.5120776891708374,1
4994,7,Normal Activity,0,0.7300787568092346,1
4995,7,Normal Activity,0,0.24451997876167297,0
4996,7,Normal Activity,0,0.034432630985975266,0
4997,7,Normal Activity,0,0.018158137798309326,0
4998,7,Normal Activity,0,0.19076721370220184,0
4999,7,Normal Activity,0,0.5313331484794617,1
5000,7,Normal Activity,0,0.9598091244697571,1
5001,7,Normal Activity,0,0.7801724672317505,1
5002,7,Normal Activity,0,0.652215301990509,1
5003,7,Normal Activity,0,0.6673535108566284,1
5004,7,Normal Activity,0,0.8449957370758057,1
5005,7,Normal Activity,0,0.8708934187889099,1
5006,7,Normal Activity,0,0.5553413033485413,1
5007,7,Normal Activity,0,0.9182034134864807,1
5008,7,Normal Activity,0,0.7872788310050964,1
5009,7,Normal Activity,0,0.12972858548164368,0
5010,7,Normal Activity,0,0.1559024304151535,0
5011,7,Normal Activity,0,0.8646838068962097,1
5012,7,Normal Activity,0,0.8553954362869263,1
5013,7,Normal Activity,0,0.6291741728782654,1
5014,7,Normal Activity,0,0.1681646704673767,0
5015,7,Normal Activity,0,0.869181215763092,1
5016,7,Normal Activity,0,0.7324066162109375,1
5017,7,Normal Activity,0,0.7729607820510864,1
5018,7,Normal Activity,0,0.7241430282592773,1
5019,7,Normal Activity,0,0.7246376276016235,1
5020,7,Normal Activity,0,0.5697689652442932,1
5021,7,Normal Activity,0,0.5239529013633728,1
5022,7,Normal Activity,0,0.47577473521232605,0
5023,7,Normal Activity,0,0.42106595635414124,0
5024,7,Normal Activity,0,0.7472279667854309,1
5025,7,Normal Activity,0,0.9479120373725891,1
5026,7,Normal Activity,0,0.6996889114379883,1
5027,7,Normal Activity,0,0.8079120516777039,1
5028,7,Normal Activity,0,0.1784999966621399,0
5029,7,Normal Activity,0,0.0373406857252121,0
5030,7,Normal Activity,0,0.047416847199201584,0
5031,7,Normal Activity,0,0.6929582357406616,1
5032,7,Normal Activity,0,0.41575974225997925,0
5033,7,Normal Activity,0,0.11950019747018814,0
5034,7,Normal Activity,0,0.1296454519033432,0
5035,7,Normal Activity,0,0.7176095247268677,1
5036,7,Normal Activity,0,0.38290199637413025,0
5037,7,Normal Activity,0,0.15986168384552002,0
5038,7,Normal Activity,0,0.03306668624281883,0
5039,7,Normal Activity,0,0.6095412969589233,1
5040,7,Normal Activity,0,0.20747873187065125,0
5041,7,Normal Activity,0,0.11490724980831146,0
5042,7,Normal Activity,0,0.0877905786037445,0
5043,7,Normal Activity,0,0.5424514412879944,1
5044,7,Normal Activity,0,0.5961601138114929,1
5045,7,Normal Activity,0,0.047023337334394455,0
5046,7,Normal Activity,0,0.5281002521514893,1
5047,7,Normal Activity,0,0.1271170824766159,0
5048,7,Normal Activity,0,0.02814307250082493,0
5049,7,Normal Activity,0,0.7740312218666077,1
5050,7,Normal Activity,0,0.6122959852218628,1
5051,7,Normal Activity,0,0.8720044493675232,1
5052,7,Normal Activity,0,0.6628742218017578,1
5053,7,Normal Activity,0,0.774200439453125,1
5054,7,Normal Activity,0,0.19076496362686157,0
5055,7,Normal Activity,0,0.05407782644033432,0
5056,7,Normal Activity,0,0.09775358438491821,0
5057,7,Normal Activity,0,0.06855927407741547,0
5058,7,Normal Activity,0,0.20717301964759827,0
5059,7,Normal Activity,0,0.3490958511829376,0
5060,7,Normal Activity,0,0.4146801829338074,0
5061,7,Normal Activity,0,0.11568128317594528,0
5062,7,Normal Activity,0,0.5471274852752686,1
5063,7,Normal Activity,0,0.04623359069228172,0
5064,7,Normal Activity,0,0.08731020987033844,0
5065,7,Normal Activity,0,0.03509842976927757,0
5066,7,Normal Activity,0,0.7697803974151611,1
5067,7,Normal Activity,0,0.8916433453559875,1
5068,7,Normal Activity,0,0.041385333985090256,0
5069,7,Normal Activity,0,0.14589041471481323,0
5070,7,Normal Activity,0,0.3532022535800934,0
5071,7,Normal Activity,0,0.6823253631591797,1
5072,7,Normal Activity,0,0.033460892736911774,0
5073,7,Normal Activity,0,0.11485462635755539,0
5074,7,Normal Activity,0,0.1455855816602707,0
5075,7,Normal Activity,0,0.02314789593219757,0
5076,7,Normal Activity,0,0.1816333681344986,0
5077,7,Normal Activity,0,0.5075257420539856,1
5078,7,Normal Activity,0,0.36606910824775696,0
5079,7,Normal Activity,0,0.2676384449005127,0
5080,7,Normal Activity,0,0.8492496013641357,1
5081,7,Normal Activity,0,0.8558812737464905,1
5082,7,Normal Activity,0,0.6753206849098206,1
5083,7,Normal Activity,0,0.7821018695831299,1
5084,7,Normal Activity,0,0.9000961184501648,1
5085,7,Normal Activity,0,0.729042112827301,1
5086,7,Normal Activity,0,0.2138451486825943,0
5087,7,Normal Activity,0,0.19719932973384857,0
5088,7,Normal Activity,0,0.725274920463562,1
5089,7,Normal Activity,0,0.6398289799690247,1
5090,7,Normal Activity,0,0.532157301902771,1
5091,7,Normal Activity,0,0.5965386629104614,1
5092,7,Normal Activity,0,0.843664288520813,1
5093,7,Normal Activity,0,0.41822266578674316,0
5094,7,Normal Activity,0,0.6522015333175659,1
5095,7,Normal Activity,0,0.21360255777835846,0
5096,7,Normal Activity,0,0.38688117265701294,0
5097,7,Normal Activity,0,0.8163716197013855,1
5098,7,Normal Activity,0,0.2938423454761505,0
5099,8,Normal Activity,0,0.7734748721122742,1
5100,8,Normal Activity,0,0.8349713087081909,1
5101,8,Normal Activity,0,0.21639041602611542,0
5102,8,Normal Activity,0,0.11332264542579651,0
5103,8,Normal Activity,0,0.4238783121109009,0
5104,8,Normal Activity,0,0.7740930318832397,1
5105,8,Normal Activity,0,0.4993962049484253,0
5106,8,Normal Activity,0,0.201975017786026,0
5107,8,Normal Activity,0,0.7626751661300659,1
5108,8,Normal Activity,0,0.548201858997345,1
5109,8,Normal Activity,0,0.22141624987125397,0
5110,8,Normal Activity,0,0.18351037800312042,0
5111,8,Normal Activity,0,0.3168242573738098,0
5112,8,Normal Activity,0,0.6055666208267212,1
5113,8,Normal Activity,0,0.09264704585075378,0
5114,8,Normal Activity,0,0.08085465431213379,0
5115,8,Normal Activity,0,0.48200085759162903,0
5116,8,Normal Activity,0,0.6756154894828796,1
5117,8,Normal Activity,0,0.1348666548728943,0
5118,8,Normal Activity,0,0.024352584034204483,0
5119,8,Normal Activity,0,0.037977803498506546,0
5120,8,Normal Activity,0,0.5446059703826904,1
5121,8,Normal Activity,0,0.3706965446472168,0
5122,8,Normal Activity,0,0.09995127469301224,0
5123,8,Normal Activity,0,0.2944885790348053,0
5124,8,Normal Activity,0,0.14048317074775696,0
5125,8,Normal Activity,0,0.06123065948486328,0
5126,8,Normal Activity,0,0.5377351641654968,1
5127,8,Normal Activity,0,0.2112724930047989,0
5128,8,Normal Activity,0,0.16055595874786377,0
5129,8,Normal Activity,0,0.032535750418901443,0
5130,8,Normal Activity,0,0.36027991771698,0
5131,8,Normal Activity,0,0.709969162940979,1
5132,8,Normal Activity,0,0.2299952656030655,0
5133,8,Normal Activity,0,0.026195133104920387,0
5134,8,Normal Activity,0,0.7736343145370483,1
5135,8,Normal Activity,0,0.8689495921134949,1
5136,8,Normal Activity,0,0.8776783347129822,1
5137,8,Normal Activity,0,0.8497763276100159,1
5138,8,Normal Activity,0,0.6069916486740112,1
5139,8,Normal Activity,0,0.18745337426662445,0
5140,8,Normal Activity,0,0.13570062816143036,0
5141,8,Normal Activity,0,0.021564384922385216,0
5142,8,Normal Activity,0,0.22015392780303955,0
5143,8,Normal Activity,0,0.15894584357738495,0
5144,8,Normal Activity,0,0.1256108283996582,0
5145,8,Normal Activity,0,0.2222038060426712,0
5146,8,Normal Activity,0,0.3361321687698364,0
5147,8,Normal Activity,0,0.6790515780448914,1
5148,8,Normal Activity,0,0.6251266002655029,1
5149,8,Normal Activity,0,0.22444914281368256,0
5150,8,Normal Activity,0,0.23279882967472076,0
5151,8,Normal Activity,0,0.08925282210111618,0
5152,8,Normal Activity,0,0.7872565984725952,1
5153,8,Normal Activity,0,0.2909219264984131,0
5154,8,Normal Activity,0,0.0364118330180645,0
5155,8,Normal Activity,0,0.05472775548696518,0
5156,8,Normal Activity,0,0.17685024440288544,0
5157,8,Normal Activity,0,0.09301578253507614,0
5158,8,Normal Activity,0,0.07552316039800644,0
5159,8,Normal Activity,0,0.225687637925148,0
5160,8,Normal Activity,0,0.25271618366241455,0
5161,8,Normal Activity,0,0.0831160694360733,0
5162,8,Normal Activity,0,0.017781073227524757,0
5163,8,Normal Activity,0,0.024995816871523857,0
5164,8,Normal Activity,0,0.15153107047080994,0
5165,8,Normal Activity,0,0.33656468987464905,0
5166,8,Normal Activity,0,0.08843252062797546,0
5167,8,Normal Activity,0,0.17878061532974243,0
5168,8,Normal Activity,0,0.2035437971353531,0
5169,8,Normal Activity,0,0.24567487835884094,0
5170,8,Normal Activity,0,0.17657241225242615,0
5171,8,Normal Activity,0,0.09177373349666595,0
5172,8,Normal Activity,0,0.027491405606269836,0
5173,8,Normal Activity,0,0.41986578702926636,0
5174,8,Normal Activity,0,0.12915293872356415,0
5175,8,Normal Activity,0,0.18856610357761383,0
5176,8,Normal Activity,0,0.16292135417461395,0
5177,8,Normal Activity,0,0.0743277370929718,0
5178,8,Normal Activity,0,0.5650757551193237,1
5179,8,Normal Activity,0,0.24064120650291443,0
5180,8,Normal Activity,0,0.1526631861925125,0
5181,8,Normal Activity,0,0.06050695851445198,0
5182,8,Normal Activity,0,0.37031444907188416,0
5183,8,Normal Activity,0,0.2624094784259796,0
5184,8,Normal Activity,0,0.3036594092845917,0
5185,8,Normal Activity,0,0.5705019235610962,1
5186,8,Normal Activity,0,0.17567841708660126,0
5187,8,Normal Activity,0,0.036073196679353714,0
5188,8,Normal Activity,0,0.7090877890586853,1
5189,8,Normal Activity,0,0.378368079662323,0
5190,8,Normal Activity,0,0.03142911568284035,0
5191,8,Normal Activity,0,0.020814629271626472,0
5192,8,Normal Activity,0,0.759876012802124,1
5193,8,Normal Activity,0,0.3943491578102112,0
5194,8,Normal Activity,0,0.5856698155403137,1
5195,8,Normal Activity,0,0.08534904569387436,0
5196,8,Normal Activity,0,0.5408433079719543,1
5197,8,Normal Activity,0,0.29343459010124207,0
5198,8,Normal Activity,0,0.026296602562069893,0
5199,8,Normal Activity,0,0.03538111597299576,0
5200,8,Normal Activity,0,0.10840213298797607,0
5201,8,Normal Activity,0,0.02654474601149559,0
5202,8,Normal Activity,0,0.07635081559419632,0
5203,8,Normal Activity,0,0.02186017669737339,0
5204,8,Normal Activity,0,0.19837431609630585,0
5205,8,Normal Activity,0,0.10955750942230225,0
5206,8,Normal Activity,0,0.2604917287826538,0
5207,8,Normal Activity,0,0.35689041018486023,0
5208,8,Normal Activity,0,0.47509899735450745,0
5209,8,Normal Activity,0,0.03545885160565376,0
5210,8,Normal Activity,0,0.06098410114645958,0
5211,8,Normal Activity,0,0.5920690894126892,1
5212,8,Normal Activity,0,0.7943676114082336,1
5213,8,Normal Activity,0,0.44636332988739014,0
5214,8,Normal Activity,0,0.5922988653182983,1
5215,8,Normal Activity,0,0.49676546454429626,0
5216,8,Normal Activity,0,0.28662610054016113,0
5217,8,Normal Activity,0,0.42785531282424927,0
5218,8,Normal Activity,0,0.45676037669181824,0
5219,8,Normal Activity,0,0.05899358168244362,0
5220,8,Normal Activity,0,0.009876329451799393,0
5221,8,Normal Activity,0,0.4795702397823334,0
5222,8,Normal Activity,0,0.3695482611656189,0
5223,8,Normal Activity,0,0.020650187507271767,0
5224,8,Normal Activity,0,0.15868434309959412,0
5225,8,Normal Activity,0,0.20732103288173676,0
5226,8,Normal Activity,0,0.5340914726257324,1
5227,8,Normal Activity,0,0.2778739631175995,0
5228,8,Normal Activity,0,0.7170442938804626,1
5229,8,Normal Activity,0,0.2534315884113312,0
5230,8,Normal Activity,0,0.33462846279144287,0
5231,8,Normal Activity,0,0.17963770031929016,0
5232,8,Normal Activity,0,0.13903935253620148,0
5233,8,Normal Activity,0,0.5140047669410706,1
5234,8,Normal Activity,0,0.39366415143013,0
5235,8,Normal Activity,0,0.4009590446949005,0
5236,8,Normal Activity,0,0.23965318500995636,0
5237,8,Normal Activity,0,0.48586955666542053,0
5238,8,Normal Activity,0,0.5731490254402161,1
5239,8,Normal Activity,0,0.25706666707992554,0
5240,8,Normal Activity,0,0.6154842972755432,1
5241,8,Normal Activity,0,0.430488258600235,0
5242,8,Normal Activity,0,0.11212828755378723,0
5243,8,Normal Activity,0,0.1673598289489746,0
5244,8,Normal Activity,0,0.20783400535583496,0
5245,8,Normal Activity,0,0.21927635371685028,0
5246,8,Normal Activity,0,0.6291483044624329,1
5247,8,Normal Activity,0,0.13527911901474,0
5248,8,Normal Activity,0,0.014061002992093563,0
5249,8,Normal Activity,0,0.03159933164715767,0
5250,8,Normal Activity,0,0.16638416051864624,0
5251,8,Normal Activity,0,0.11406368017196655,0
5252,8,Normal Activity,0,0.033947475254535675,0
5253,8,Normal Activity,0,0.019640514627099037,0
5254,8,Normal Activity,0,0.4145527780056,0
5255,8,Normal Activity,0,0.18457749485969543,0
5256,8,Normal Activity,0,0.04110068827867508,0
5257,8,Normal Activity,0,0.7832580804824829,1
5258,8,Normal Activity,0,0.8201693296432495,1
5259,8,Normal Activity,0,0.3046512007713318,0
5260,8,Normal Activity,0,0.20073223114013672,0
5261,8,Normal Activity,0,0.4885513186454773,0
5262,8,Normal Activity,0,0.3757840692996979,0
5263,8,Normal Activity,0,0.45449239015579224,0
5264,8,Normal Activity,0,0.35451966524124146,0
5265,8,Normal Activity,0,0.28477194905281067,0
5266,8,Normal Activity,0,0.1872677206993103,0
5267,8,Normal Activity,0,0.5057688355445862,1
5268,8,Normal Activity,0,0.3938881754875183,0
5269,8,Normal Activity,0,0.6393680572509766,1
5270,8,Normal Activity,0,0.21427422761917114,0
5271,8,Normal Activity,0,0.07104752957820892,0
5272,8,Normal Activity,0,0.02603594772517681,0
5273,8,Normal Activity,0,0.012157096527516842,0
5274,8,Normal Activity,0,0.08108742535114288,0
5275,8,Normal Activity,0,0.023378144949674606,0
5276,8,Normal Activity,0,0.014045707881450653,0
5277,8,Normal Activity,0,0.17887301743030548,0
5278,8,Normal Activity,0,0.023201532661914825,0
5279,8,Normal Activity,0,0.0144945178180933,0
5280,8,Normal Activity,0,0.5348101258277893,1
5281,8,Normal Activity,0,0.2669512629508972,0
5282,8,Normal Activity,0,0.11184706538915634,0
5283,8,Normal Activity,0,0.13038454949855804,0
5284,8,Normal Activity,0,0.049349427223205566,0
5285,8,Normal Activity,0,0.09703502804040909,0
5286,8,Normal Activity,0,0.39727726578712463,0
5287,8,Normal Activity,0,0.028027577325701714,0
5288,8,Normal Activity,0,0.02255120500922203,0
5289,8,Normal Activity,0,0.27276691794395447,0
5290,8,Normal Activity,0,0.23401498794555664,0
5291,8,Normal Activity,0,0.021065033972263336,0
5292,8,Normal Activity,0,0.33596768975257874,0
5293,8,Normal Activity,0,0.05175609141588211,0
5294,8,Normal Activity,0,0.018179694190621376,0
5295,8,Normal Activity,0,0.4833734631538391,0
5296,8,Normal Activity,0,0.08918503671884537,0
5297,8,Normal Activity,0,0.029858481138944626,0
5298,8,Normal Activity,0,0.3956281542778015,0
5299,8,Normal Activity,0,0.571943998336792,1
5300,8,Normal Activity,0,0.41409945487976074,0
5301,8,Normal Activity,0,0.025024980306625366,0
5302,8,Normal Activity,0,0.5940043330192566,1
5303,8,Normal Activity,0,0.3949469327926636,0
5304,8,Normal Activity,0,0.023310916498303413,0
5305,8,Normal Activity,0,0.028070906177163124,0
5306,8,Normal Activity,0,0.3746793568134308,0
5307,8,Normal Activity,0,0.2553214430809021,0
5308,8,Normal Activity,0,0.26777732372283936,0
5309,8,Normal Activity,0,0.03586617484688759,0
5310,8,Normal Activity,0,0.2432766705751419,0
5311,8,Normal Activity,0,0.5474839806556702,1
5312,8,Normal Activity,0,0.13524580001831055,0
5313,8,Normal Activity,0,0.04491537809371948,0
5314,8,Normal Activity,0,0.11451700329780579,0
5315,8,Normal Activity,0,0.5976353287696838,1
5316,8,Normal Activity,0,0.09798264503479004,0
5317,8,Normal Activity,0,0.0909731537103653,0
5318,8,Normal Activity,0,0.3881370723247528,0
5319,8,Normal Activity,0,0.4949534833431244,0
5320,8,Normal Activity,0,0.7836858630180359,1
5321,8,Normal Activity,0,0.837968111038208,1
5322,8,Normal Activity,0,0.9088878035545349,1
5323,8,Normal Activity,0,0.849452555179596,1
5324,8,Normal Activity,0,0.13992087543010712,0
5325,8,Normal Activity,0,0.08837185055017471,0
5326,8,Normal Activity,0,0.422823041677475,0
5327,8,Normal Activity,0,0.8392601013183594,1
5328,8,Normal Activity,0,0.6175556182861328,1
5329,8,Normal Activity,0,0.41347789764404297,0
5330,8,Normal Activity,0,0.25094902515411377,0
5331,8,Normal Activity,0,0.36778339743614197,0
5332,8,Normal Activity,0,0.5525007843971252,1
5333,8,Normal Activity,0,0.6750695109367371,1
5334,8,Normal Activity,0,0.08710537850856781,0
5335,8,Normal Activity,0,0.21796771883964539,0
5336,8,Normal Activity,0,0.24517856538295746,0
5337,8,Normal Activity,0,0.16224567592144012,0
5338,8,Normal Activity,0,0.7242316603660583,1
5339,8,Normal Activity,0,0.6143113374710083,1
5340,8,Normal Activity,0,0.40394824743270874,0
5341,8,Normal Activity,0,0.15906958281993866,0
5342,8,Normal Activity,0,0.08515164256095886,0
5343,8,Normal Activity,0,0.29626479744911194,0
5344,8,Normal Activity,0,0.12172732502222061,0
5345,8,Normal Activity,0,0.048988401889801025,0
5346,8,Normal Activity,0,0.09230124950408936,0
5347,8,Normal Activity,0,0.7884796857833862,1
5348,8,Normal Activity,0,0.6589046716690063,1
5349,8,Normal Activity,0,0.19965820014476776,0
5350,8,Normal Activity,0,0.41331353783607483,0
5351,8,Normal Activity,0,0.13598693907260895,0
5352,8,Normal Activity,0,0.07531458139419556,0
5353,8,Normal Activity,0,0.022298511117696762,0
5354,8,Normal Activity,0,0.06703787297010422,0
5355,8,Normal Activity,0,0.18990346789360046,0
5356,8,Normal Activity,0,0.6417416930198669,1
5357,8,Normal Activity,0,0.5235775113105774,1
5358,8,Normal Activity,0,0.2760201096534729,0
5359,8,Normal Activity,0,0.08883528411388397,0
5360,8,Normal Activity,0,0.6605570316314697,1
5361,8,Normal Activity,0,0.791493833065033,1
5362,8,Normal Activity,0,0.5119107365608215,1
5363,8,Normal Activity,0,0.10726575553417206,0
5364,8,Normal Activity,0,0.08875488489866257,0
5365,8,Normal Activity,0,0.5646515488624573,1
5366,8,Normal Activity,0,0.23976822197437286,0
5367,8,Normal Activity,0,0.19131620228290558,0
5368,8,Normal Activity,0,0.13377724587917328,0
5369,8,Normal Activity,0,0.2133476585149765,0
5370,8,Normal Activity,0,0.12093622982501984,0
5371,8,Normal Activity,0,0.6117411255836487,1
5372,8,Normal Activity,0,0.7164729833602905,1
5373,8,Normal Activity,0,0.47331249713897705,0
5374,8,Normal Activity,0,0.3703407049179077,0
5375,8,Normal Activity,0,0.3589808940887451,0
5376,8,Normal Activity,0,0.1812562197446823,0
5377,8,Normal Activity,0,0.49765050411224365,0
5378,8,Normal Activity,0,0.6699075698852539,1
5379,8,Normal Activity,0,0.27856016159057617,0
5380,8,Normal Activity,0,0.5006411075592041,1
5381,8,Normal Activity,0,0.246110200881958,0
5382,8,Normal Activity,0,0.6228435039520264,1
5383,8,Normal Activity,0,0.15873728692531586,0
5384,8,Normal Activity,0,0.15741783380508423,0
5385,8,Normal Activity,0,0.09932789951562881,0
5386,8,Normal Activity,0,0.41035425662994385,0
5387,8,Normal Activity,0,0.5411020517349243,1
5388,8,Normal Activity,0,0.4718494415283203,0
5389,8,Normal Activity,0,0.7290078997612,1
5390,8,Normal Activity,0,0.3396998643875122,0
5391,8,Normal Activity,0,0.07787754386663437,0
5392,8,Normal Activity,0,0.8144490718841553,1
5393,8,Normal Activity,0,0.8796548843383789,1
5394,8,Normal Activity,0,0.644599437713623,1
5395,8,Normal Activity,0,0.8335556387901306,1
5396,8,Normal Activity,0,0.8991866707801819,1
5397,8,Normal Activity,0,0.8372805714607239,1
5398,8,Normal Activity,0,0.18424011766910553,0
5399,8,Normal Activity,0,0.23511600494384766,0
5400,8,Normal Activity,0,0.3915708065032959,0
5401,8,Normal Activity,0,0.24373859167099,0
5402,8,Normal Activity,0,0.47416388988494873,0
5403,8,Normal Activity,0,0.27031493186950684,0
5404,8,Normal Activity,0,0.47099757194519043,0
5405,8,Normal Activity,0,0.1775618940591812,0
5406,8,Normal Activity,0,0.5257853269577026,1
5407,8,Normal Activity,0,0.7523545026779175,1
5408,8,Normal Activity,0,0.7253708243370056,1
5409,8,Normal Activity,0,0.23913666605949402,0
5410,8,Normal Activity,0,0.5925389528274536,1
5411,8,Normal Activity,0,0.2727837562561035,0
5412,8,Normal Activity,0,0.24384470283985138,0
5413,8,Normal Activity,0,0.5222296118736267,1
5414,8,Normal Activity,0,0.6825462579727173,1
5415,8,Normal Activity,0,0.06029607355594635,0
5416,8,Normal Activity,0,0.6491807699203491,1
5417,8,Normal Activity,0,0.4503108263015747,0
5418,8,Normal Activity,0,0.81214439868927,1
5419,8,Normal Activity,0,0.25760841369628906,0
5420,8,Normal Activity,0,0.868264377117157,1
5421,8,Normal Activity,0,0.5371938943862915,1
5422,8,Normal Activity,0,0.2576133906841278,0
5423,8,Normal Activity,0,0.18691127002239227,0
5424,8,Normal Activity,0,0.350721538066864,0
5425,8,Normal Activity,0,0.055439069867134094,0
5426,8,Normal Activity,0,0.2824872136116028,0
5427,8,Normal Activity,0,0.15395380556583405,0
5428,8,Normal Activity,0,0.6108506321907043,1
5429,8,Normal Activity,0,0.8364347815513611,1
5430,8,Normal Activity,0,0.5955636501312256,1
5431,8,Normal Activity,0,0.19207337498664856,0
5432,8,Normal Activity,0,0.5838180184364319,1
5433,8,Normal Activity,0,0.3943907618522644,0
5434,8,Normal Activity,0,0.3195442259311676,0
5435,8,Normal Activity,0,0.10752489417791367,0
5436,8,Normal Activity,0,0.569934070110321,1
5437,8,Normal Activity,0,0.22815003991127014,0
5438,8,Normal Activity,0,0.41134196519851685,0
5439,8,Normal Activity,0,0.39662134647369385,0
5440,8,Normal Activity,0,0.7412781119346619,1
5441,8,Normal Activity,0,0.525948703289032,1
5442,8,Normal Activity,0,0.46781134605407715,0
5443,9,Normal Activity,0,0.9332191348075867,1
5444,9,Normal Activity,0,0.8519296646118164,1
5445,9,Normal Activity,0,0.8985950946807861,1
5446,9,Normal Activity,0,0.44189873337745667,0
5447,9,Normal Activity,0,0.12681934237480164,0
5448,9,Normal Activity,0,0.9792419075965881,1
5449,9,Normal Activity,0,0.5377511382102966,1
5450,9,Normal Activity,0,0.5283544063568115,1
5451,9,Normal Activity,0,0.07746423035860062,0
5452,9,Normal Activity,0,0.14875119924545288,0
5453,9,Normal Activity,0,0.9773998856544495,1
5454,9,Normal Activity,0,0.7579695582389832,1
5455,9,Normal Activity,0,0.7633680701255798,1
5456,9,Normal Activity,0,0.025574855506420135,0
5457,9,Normal Activity,0,0.017198964953422546,0
5458,9,Normal Activity,0,0.6778944730758667,1
5459,9,Normal Activity,0,0.2171822488307953,0
5460,9,Normal Activity,0,0.6723846793174744,1
5461,9,Normal Activity,0,0.17108850181102753,0
5462,9,Normal Activity,0,0.8294420838356018,1
5463,9,Normal Activity,0,0.7754202485084534,1
5464,9,Normal Activity,0,0.7232450246810913,1
5465,9,Normal Activity,0,0.5695267915725708,1
5466,9,Normal Activity,0,0.326293408870697,0
5467,9,Normal Activity,0,0.17462652921676636,0
5468,9,Normal Activity,0,0.645684540271759,1
5469,9,Normal Activity,0,0.6612828969955444,1
5470,9,Normal Activity,0,0.9784854650497437,1
5471,9,Normal Activity,0,0.8462799787521362,1
5472,9,Normal Activity,0,0.8388397693634033,1
5473,9,Normal Activity,0,0.07088020443916321,0
5474,9,Normal Activity,0,0.9680827260017395,1
5475,9,Normal Activity,0,0.6830676794052124,1
5476,9,Normal Activity,0,0.22488605976104736,0
5477,9,Normal Activity,0,0.012296772561967373,0
5478,9,Normal Activity,0,0.9605656266212463,1
5479,9,Normal Activity,0,0.8702039122581482,1
5480,9,Normal Activity,0,0.17487181723117828,0
5481,9,Normal Activity,0,0.05057479813694954,0
5482,9,Normal Activity,0,0.5129116177558899,1
5483,9,Normal Activity,0,0.8357042670249939,1
5484,9,Normal Activity,0,0.23382006585597992,0
5485,9,Normal Activity,0,0.23921428620815277,0
5486,9,Normal Activity,0,0.7505049109458923,1
5487,9,Normal Activity,0,0.7203474044799805,1
5488,9,Normal Activity,0,0.7173874378204346,1
5489,9,Normal Activity,0,0.07379885762929916,0
5490,9,Normal Activity,0,0.947363555431366,1
5491,9,Normal Activity,0,0.8879683017730713,1
5492,9,Normal Activity,0,0.6828228235244751,1
5493,9,Normal Activity,0,0.7168566584587097,1
5494,10,Normal Activity,0,0.872381329536438,1
5495,10,Normal Activity,0,0.03282908722758293,0
5496,10,Normal Activity,0,0.03048819862306118,0
5497,10,Normal Activity,0,0.04991253465414047,0
5498,10,Normal Activity,0,0.8512703776359558,1
5499,10,Normal Activity,0,0.06547532975673676,0
5500,10,Normal Activity,0,0.0867888331413269,0
5501,10,Normal Activity,0,0.04229492321610451,0
5502,10,Normal Activity,0,0.7699870467185974,1
5503,10,Normal Activity,0,0.4300878942012787,0
5504,10,Normal Activity,0,0.05859467014670372,0
5505,10,Normal Activity,0,0.03994470089673996,0
5506,10,Normal Activity,0,0.9528091549873352,1
5507,10,Normal Activity,0,0.4253566265106201,0
5508,10,Normal Activity,0,0.20589925348758698,0
5509,10,Normal Activity,0,0.1112220361828804,0
5510,10,Normal Activity,0,0.04131809622049332,0
5511,10,Normal Activity,0,0.04575503244996071,0
5512,10,Normal Activity,0,0.8366925120353699,1
5513,10,Normal Activity,0,0.719498336315155,1
5514,10,Normal Activity,0,0.8451680541038513,1
5515,10,Normal Activity,0,0.8372060060501099,1
5516,10,Normal Activity,0,0.7632572650909424,1
5517,10,Normal Activity,0,0.5612176060676575,1
5518,10,Normal Activity,0,0.9529664516448975,1
5519,10,Normal Activity,0,0.3381746709346771,0
5520,10,Normal Activity,0,0.22867247462272644,0
5521,10,Normal Activity,0,0.03173185884952545,0
5522,10,Normal Activity,0,0.02058294601738453,0
5523,10,Normal Activity,0,0.0955619364976883,0
5524,10,Normal Activity,0,0.07179592549800873,0
5525,10,Normal Activity,0,0.03571480140089989,0
5526,10,Normal Activity,0,0.015933629125356674,0
5527,10,Normal Activity,0,0.06672335416078568,0
5528,10,Normal Activity,0,0.014923318289220333,0
5529,10,Normal Activity,0,0.023882342502474785,0
5530,10,Normal Activity,0,0.49697500467300415,0
5531,10,Normal Activity,0,0.012801777571439743,0
5532,10,Normal Activity,0,0.008208237588405609,0
5533,10,Normal Activity,0,0.30669865012168884,0
5534,10,Normal Activity,0,0.04545634239912033,0
5535,10,Normal Activity,0,0.06638247519731522,0
5536,10,Normal Activity,0,0.3015848994255066,0
5537,10,Normal Activity,0,0.04495390132069588,0
5538,10,Normal Activity,0,0.025693144649267197,0
5539,10,Normal Activity,0,0.08694462478160858,0
5540,10,Normal Activity,0,0.0269684549421072,0
5541,10,Normal Activity,0,0.07699479907751083,0
5566,12,Normal Activity,0,0.7750768661499023,1
5567,12,Normal Activity,0,0.21135947108268738,0
5568,12,Normal Activity,0,0.1445332020521164,0
5569,12,Normal Activity,0,0.8201228976249695,1
5570,12,Normal Activity,0,0.6210935711860657,1
5571,12,Normal Activity,0,0.4562433063983917,0
5572,12,Normal Activity,0,0.8300904035568237,1
5573,12,Normal Activity,0,0.27027562260627747,0
5574,12,Normal Activity,0,0.03017798252403736,0
5575,12,Normal Activity,0,0.17314238846302032,0
5576,12,Normal Activity,0,0.01794550009071827,0
5577,12,Normal Activity,0,0.014977818354964256,0
5578,12,Normal Activity,0,0.16555799543857574,0
5579,12,Normal Activity,0,0.09770005196332932,0
5580,12,Normal Activity,0,0.02463703043758869,0
5581,12,Normal Activity,0,0.3031306266784668,0
5582,12,Normal Activity,0,0.08938603848218918,0
5583,12,Normal Activity,0,0.03337785229086876,0
5584,13,Normal Activity,0,0.6047080755233765,1
5585,13,Normal Activity,0,0.07667137682437897,0
5586,13,Normal Activity,0,0.039929721504449844,0
5587,13,Normal Activity,0,0.2701767683029175,0
5588,13,Normal Activity,0,0.1674412488937378,0
5589,13,Normal Activity,0,0.0618760921061039,0
5590,13,Normal Activity,0,0.7782598733901978,1
5591,13,Normal Activity,0,0.052332356572151184,0
5592,13,Normal Activity,0,0.029850492253899574,0
5593,13,Normal Activity,0,0.2546493411064148,0
5594,13,Normal Activity,0,0.026923013851046562,0
5595,13,Normal Activity,0,0.00834505446255207,0
5596,13,Normal Activity,0,0.6965632438659668,1
5597,13,Normal Activity,0,0.34772390127182007,0
5598,13,Normal Activity,0,0.026207949966192245,0
5599,13,Normal Activity,0,0.17265592515468597,0
5600,13,Normal Activity,0,0.06264697015285492,0
5601,13,Normal Activity,0,0.0372585728764534,0
5602,13,Normal Activity,0,0.010185548104345798,0
5603,13,Normal Activity,0,0.01548229344189167,0
5604,13,Normal Activity,0,0.10057083517313004,0
5605,13,Normal Activity,0,0.03751520439982414,0
5606,13,Normal Activity,0,0.01852533593773842,0
5607,13,Normal Activity,0,0.053064439445734024,0
5608,13,Normal Activity,0,0.2690100073814392,0
5609,13,Normal Activity,0,0.17976482212543488,0
5610,13,Normal Activity,0,0.050119854509830475,0
5611,13,Normal Activity,0,0.018868014216423035,0
5612,13,Normal Activity,0,0.7929250597953796,1
5613,13,Normal Activity,0,0.19079220294952393,0
5614,13,Normal Activity,0,0.0379624180495739,0
5615,13,Normal Activity,0,0.01965980976819992,0
5616,13,Normal Activity,0,0.18203572928905487,0
5617,13,Normal Activity,0,0.05469239130616188,0
5618,13,Normal Activity,0,0.032640911638736725,0
5619,13,Normal Activity,0,0.09280535578727722,0
5620,13,Normal Activity,0,0.0612141452729702,0
5621,13,Normal Activity,0,0.020307645201683044,0
5622,13,Normal Activity,0,0.05212138220667839,0
5623,13,Normal Activity,0,0.006492420565336943,0
5624,13,Normal Activity,0,0.11105833202600479,0
5625,13,Normal Activity,0,0.03280900418758392,0
5626,13,Normal Activity,0,0.2767852246761322,0
5627,13,Normal Activity,0,0.05720880255103111,0
5628,13,Normal Activity,0,0.03396744281053543,0
5629,13,Normal Activity,0,0.6770121455192566,1
5630,13,Normal Activity,0,0.2461085468530655,0
5631,13,Normal Activity,0,0.08481545001268387,0
5632,13,Normal Activity,0,0.6395828723907471,1
5633,13,Normal Activity,0,0.6063969731330872,1
5634,13,Normal Activity,0,0.6729651093482971,1
5635,14,Normal Activity,0,0.23374347388744354,0
5636,14,Normal Activity,0,0.19182926416397095,0
5637,14,Normal Activity,0,0.31826022267341614,0
5638,14,Normal Activity,0,0.0475943461060524,0
5639,14,Normal Activity,0,0.555683434009552,1
5640,14,Normal Activity,0,0.16647779941558838,0
5641,14,Normal Activity,0,0.11630065739154816,0
5642,14,Normal Activity,0,0.022540807723999023,0
5643,14,Normal Activity,0,0.29027071595191956,0
5644,14,Normal Activity,0,0.1767052710056305,0
5645,14,Normal Activity,0,0.4236411452293396,0
5646,14,Normal Activity,0,0.26160484552383423,0
5647,14,Normal Activity,0,0.23384709656238556,0
5648,14,Normal Activity,0,0.03191135823726654,0
5649,14,Normal Activity,0,0.012293824926018715,0
5650,14,Normal Activity,0,0.15299861133098602,0
5651,14,Normal Activity,0,0.03611339256167412,0
5652,14,Normal Activity,0,0.011064507998526096,0
5653,14,Normal Activity,0,0.4539075493812561,0
5654,14,Normal Activity,0,0.12854836881160736,0
5655,14,Normal Activity,0,0.0225007776170969,0
5656,15,Normal Activity,0,0.9215068817138672,1
5657,15,Normal Activity,0,0.9083379507064819,1
5658,15,Normal Activity,0,0.15102675557136536,0
5659,15,Normal Activity,0,0.016565943136811256,0
5660,15,Normal Activity,0,0.8399747610092163,1
5661,15,Normal Activity,0,0.5627130270004272,1
5662,15,Normal Activity,0,0.14755329489707947,0
5663,15,Normal Activity,0,0.021716613322496414,0
5664,15,Normal Activity,0,0.8104303479194641,1
5665,15,Normal Activity,0,0.7917285561561584,1
5666,15,Normal Activity,0,0.10206665843725204,0
5667,15,Normal Activity,0,0.02037321962416172,0
5668,15,Normal Activity,0,0.13834509253501892,0
5669,15,Normal Activity,0,0.028437664732336998,0
5670,15,Normal Activity,0,0.009945678524672985,0
5671,15,Normal Activity,0,0.1378673017024994,0
5672,15,Normal Activity,0,0.1192077025771141,0
5673,15,Normal Activity,0,0.10711437463760376,0
5674,15,Normal Activity,0,0.22883650660514832,0
5675,15,Normal Activity,0,0.12741675972938538,0
5676,15,Normal Activity,0,0.021480778232216835,0
5677,15,Normal Activity,0,0.330369770526886,0
5678,15,Normal Activity,0,0.8163062334060669,1
5679,15,Normal Activity,0,0.8205781579017639,1
5680,15,Normal Activity,0,0.3340616226196289,0
5681,15,Normal Activity,0,0.4875844717025757,0
5682,15,Normal Activity,0,0.20520105957984924,0
5683,15,Normal Activity,0,0.6956759691238403,1
5684,15,Normal Activity,0,0.6303479671478271,1
5685,15,Normal Activity,0,0.17337460815906525,0
5686,15,Normal Activity,0,0.47541821002960205,0
5687,15,Normal Activity,0,0.10569047182798386,0
5688,15,Normal Activity,0,0.08210759609937668,0
5689,15,Normal Activity,0,0.7634695768356323,1
5690,15,Normal Activity,0,0.1978696882724762,0
5691,15,Normal Activity,0,0.3562149703502655,0
5692,15,Normal Activity,0,0.3419615626335144,0
5693,15,Normal Activity,0,0.0601496584713459,0
5694,15,Normal Activity,0,0.036625105887651443,0
5695,15,Normal Activity,0,0.6369971632957458,1
5696,15,Normal Activity,0,0.02689947560429573,0
5697,15,Normal Activity,0,0.22441506385803223,0
5698,15,Normal Activity,0,0.15104298293590546,0
5699,15,Normal Activity,0,0.7039167881011963,1
5700,15,Normal Activity,0,0.5844011306762695,1
5701,15,Normal Activity,0,0.4305975139141083,0
5702,15,Normal Activity,0,0.34597453474998474,0
5703,15,Normal Activity,0,0.20371106266975403,0
5704,15,Normal Activity,0,0.7973986864089966,1
5705,15,Normal Activity,0,0.3509148955345154,0
5706,15,Normal Activity,0,0.3365204334259033,0
5707,15,Normal Activity,0,0.575125515460968,1
5708,15,Normal Activity,0,0.13018593192100525,0
5709,15,Normal Activity,0,0.08950327336788177,0
5710,15,Normal Activity,0,0.21315458416938782,0
5711,15,Normal Activity,0,0.0846114531159401,0
5712,15,Normal Activity,0,0.5031166672706604,1
5713,15,Normal Activity,0,0.062193311750888824,0
5714,15,Normal Activity,0,0.21179164946079254,0
5715,15,Normal Activity,0,0.05316320061683655,0
5716,15,Normal Activity,0,0.28764212131500244,0
5717,15,Normal Activity,0,0.2279318869113922,0
5718,15,Normal Activity,0,0.46323850750923157,0
5719,15,Normal Activity,0,0.5728083252906799,1
5720,15,Normal Activity,0,0.08440600335597992,0
5721,15,Normal Activity,0,0.27127140760421753,0
5722,15,Normal Activity,0,0.015781354159116745,0
5723,15,Normal Activity,0,0.0367111936211586,0
5724,15,Normal Activity,0,0.2369694858789444,0
5725,15,Normal Activity,0,0.24768498539924622,0
5726,15,Normal Activity,0,0.342806339263916,0
5727,15,Normal Activity,0,0.1631765514612198,0
5728,15,Normal Activity,0,0.22160908579826355,0
5729,15,Normal Activity,0,0.1496867835521698,0
5730,15,Normal Activity,0,0.16061928868293762,0
5731,15,Normal Activity,0,0.15345433354377747,0
5732,15,Normal Activity,0,0.054991669952869415,0
5733,15,Normal Activity,0,0.11424335092306137,0
5734,15,Normal Activity,0,0.23414260149002075,0
5735,15,Normal Activity,0,0.445494681596756,0
5736,15,Normal Activity,0,0.5515376925468445,1
5737,15,Normal Activity,0,0.16321370005607605,0
5738,15,Normal Activity,0,0.2415369153022766,0
5739,15,Normal Activity,0,0.04444040358066559,0
5740,15,Normal Activity,0,0.5007482767105103,1
5741,15,Normal Activity,0,0.8601400852203369,1
5742,15,Normal Activity,0,0.6275140643119812,1
5743,15,Normal Activity,0,0.7650296092033386,1
5744,15,Normal Activity,0,0.23466826975345612,0
5745,15,Normal Activity,0,0.2889988124370575,0
5746,15,Normal Activity,0,0.7346309423446655,1
5747,15,Normal Activity,0,0.06633748859167099,0
5748,15,Normal Activity,0,0.1384502500295639,0
5749,15,Normal Activity,0,0.742338240146637,1
5750,15,Normal Activity,0,0.5135008096694946,1
5751,15,Normal Activity,0,0.7043531537055969,1
5752,15,Normal Activity,0,0.8506937026977539,1
5753,15,Normal Activity,0,0.8947210907936096,1
5754,15,Normal Activity,0,0.12457407265901566,0
5755,15,Normal Activity,0,0.7005674242973328,1
5756,15,Normal Activity,0,0.8867403268814087,1
5757,15,Normal Activity,0,0.6813574433326721,1
5758,15,Normal Activity,0,0.9080952405929565,1
5759,15,Normal Activity,0,0.4561818838119507,0
5760,15,Normal Activity,0,0.5214746594429016,1
5761,15,Normal Activity,0,0.5476610064506531,1
5762,15,Normal Activity,0,0.884860098361969,1
5763,15,Normal Activity,0,0.062242913991212845,0
5764,15,Normal Activity,0,0.5732410550117493,1
5765,15,Normal Activity,0,0.15444175899028778,0
5766,15,Normal Activity,0,0.182944193482399,0
5767,15,Normal Activity,0,0.5710973739624023,1
5768,15,Normal Activity,0,0.03294309228658676,0
5769,15,Normal Activity,0,0.042699530720710754,0
5770,15,Normal Activity,0,0.7661113142967224,1
5771,15,Normal Activity,0,0.8592989444732666,1
5772,15,Normal Activity,0,0.6030220985412598,1
5773,15,Normal Activity,0,0.38612404465675354,0
5774,15,Normal Activity,0,0.02001165971159935,0
5775,15,Normal Activity,0,0.24051375687122345,0
5776,15,Normal Activity,0,0.06130585819482803,0
5777,15,Normal Activity,0,0.5804863572120667,1
5778,15,Normal Activity,0,0.5781746506690979,1
5779,15,Normal Activity,0,0.7690845131874084,1
5780,15,Normal Activity,0,0.9162042737007141,1
5781,15,Normal Activity,0,0.9524036049842834,1
5782,15,Normal Activity,0,0.17900878190994263,0
5783,15,Normal Activity,0,0.03731177747249603,0
5784,15,Normal Activity,0,0.02967875264585018,0
5785,15,Normal Activity,0,0.1413692682981491,0
5786,15,Normal Activity,0,0.045538127422332764,0
5787,15,Normal Activity,0,0.01910555735230446,0
5788,15,Normal Activity,0,0.4761212468147278,0
5789,15,Normal Activity,0,0.03736856207251549,0
5790,15,Normal Activity,0,0.11867285519838333,0
5791,15,Normal Activity,0,0.45136988162994385,0
5792,15,Normal Activity,0,0.16759833693504333,0
5793,15,Normal Activity,0,0.06831513345241547,0
5794,15,Normal Activity,0,0.5848579406738281,1
5795,15,Normal Activity,0,0.06015189364552498,0
5796,15,Normal Activity,0,0.019692184403538704,0
5797,15,Normal Activity,0,0.2108132392168045,0
5798,15,Normal Activity,0,0.017376316711306572,0
5799,15,Normal Activity,0,0.017448050901293755,0
5800,15,Normal Activity,0,0.19648638367652893,0
5801,15,Normal Activity,0,0.02633725479245186,0
5802,15,Normal Activity,0,0.008162164129316807,0
5803,15,Normal Activity,0,0.4328846335411072,0
5804,15,Normal Activity,0,0.06250102072954178,0
5805,15,Normal Activity,0,0.042605169117450714,0
5806,15,Normal Activity,0,0.1415461152791977,0
5807,15,Normal Activity,0,0.029116127640008926,0
5808,15,Normal Activity,0,0.045293502509593964,0
5809,15,Normal Activity,0,0.34070417284965515,0
5810,15,Normal Activity,0,0.007458356209099293,0
5811,15,Normal Activity,0,0.007470069918781519,0
5812,15,Normal Activity,0,0.404173880815506,0
5813,15,Normal Activity,0,0.015645528212189674,0
5814,15,Normal Activity,0,0.011261963285505772,0
5815,15,Normal Activity,0,0.4144705533981323,0
5816,15,Normal Activity,0,0.2389901876449585,0
5817,15,Normal Activity,0,0.0553402453660965,0
5818,15,Normal Activity,0,0.0934513732790947,0
5819,15,Normal Activity,0,0.3759230971336365,0
5820,15,Normal Activity,0,0.2205842286348343,0
5821,15,Normal Activity,0,0.13583888113498688,0
5822,15,Normal Activity,0,0.07898063957691193,0
5823,15,Normal Activity,0,0.18394288420677185,0
5824,15,Normal Activity,0,0.040630921721458435,0
5825,15,Normal Activity,0,0.8390050530433655,1
5826,15,Normal Activity,0,0.7616498470306396,1
5827,15,Normal Activity,0,0.06871859729290009,0
5828,15,Normal Activity,0,0.1670134961605072,0
5829,15,Normal Activity,0,0.5565207004547119,1
5830,15,Normal Activity,0,0.17273497581481934,0
5831,15,Normal Activity,0,0.3069762587547302,0
5832,15,Normal Activity,0,0.48477721214294434,0
5833,15,Normal Activity,0,0.2634977400302887,0
5834,15,Normal Activity,0,0.46740442514419556,0
5835,15,Normal Activity,0,0.15314847230911255,0
5836,15,Normal Activity,0,0.6469077467918396,1
5837,15,Normal Activity,0,0.08025410771369934,0
5838,15,Normal Activity,0,0.1091923862695694,0
5839,15,Normal Activity,0,0.07494446635246277,0
5840,15,Normal Activity,0,0.5341295599937439,1
5841,15,Normal Activity,0,0.148058220744133,0
5842,15,Normal Activity,0,0.7931724786758423,1
5843,15,Normal Activity,0,0.14992336928844452,0
5844,15,Normal Activity,0,0.744640588760376,1
5845,15,Normal Activity,0,0.522594690322876,1
5846,15,Normal Activity,0,0.025134194642305374,0
5847,15,Normal Activity,0,0.3257271349430084,0
5848,15,Normal Activity,0,0.7895452380180359,1
5849,15,Normal Activity,0,0.4852735698223114,0
5850,15,Normal Activity,0,0.12398111820220947,0
5851,15,Normal Activity,0,0.9097012281417847,1
5852,15,Normal Activity,0,0.8834707736968994,1
5853,15,Normal Activity,0,0.8719460964202881,1
5854,15,Normal Activity,0,0.9139691591262817,1
5855,15,Normal Activity,0,0.9405354261398315,1
5856,15,Normal Activity,0,0.4982936978340149,0
5857,15,Normal Activity,0,0.6759154200553894,1
5858,15,Normal Activity,0,0.021523725241422653,0
5859,15,Normal Activity,0,0.5433423519134521,1
5860,15,Normal Activity,0,0.2217227816581726,0
5861,15,Normal Activity,0,0.10587728023529053,0
5862,15,Normal Activity,0,0.21117381751537323,0
5863,16,Normal Activity,0,0.14427462220191956,0
5864,16,Normal Activity,0,0.03807888180017471,0
5865,16,Normal Activity,0,0.05533084645867348,0
5866,16,Normal Activity,0,0.6487182974815369,1
5867,16,Normal Activity,0,0.11211129277944565,0
5868,16,Normal Activity,0,0.15510036051273346,0
5869,16,Normal Activity,0,0.7021782994270325,1
5870,16,Normal Activity,0,0.035634979605674744,0
5871,16,Normal Activity,0,0.025269512087106705,0
5872,16,Normal Activity,0,0.7020729184150696,1
5873,16,Normal Activity,0,0.0826808512210846,0
5874,16,Normal Activity,0,0.03952725604176521,0
5875,16,Normal Activity,0,0.03513793647289276,0
5876,16,Normal Activity,0,0.45516273379325867,0
5877,16,Normal Activity,0,0.355047345161438,0
5878,16,Normal Activity,0,0.3761390447616577,0
5879,16,Normal Activity,0,0.06680765748023987,0
5880,16,Normal Activity,0,0.06738059967756271,0
5881,16,Normal Activity,0,0.06057216599583626,0
5882,16,Normal Activity,0,0.028667476028203964,0
5883,16,Normal Activity,0,0.2747957408428192,0
5884,16,Normal Activity,0,0.05340033769607544,0
5885,16,Normal Activity,0,0.5309047102928162,1
5886,16,Normal Activity,0,0.17254981398582458,0
5887,16,Normal Activity,0,0.6501623392105103,1
5888,16,Normal Activity,0,0.2707163393497467,0
5889,16,Normal Activity,0,0.2704022228717804,0
5890,16,Normal Activity,0,0.7733383774757385,1
5891,16,Normal Activity,0,0.1316078156232834,0
5892,16,Normal Activity,0,0.115594781935215,0
5893,16,Normal Activity,0,0.43061697483062744,0
5894,16,Normal Activity,0,0.5865345001220703,1
5895,16,Normal Activity,0,0.21416333317756653,0
5896,16,Normal Activity,0,0.44514501094818115,0
5897,16,Normal Activity,0,0.5299513936042786,1
5898,16,Normal Activity,0,0.46888402104377747,0
5899,16,Normal Activity,0,0.400361567735672,0
5900,16,Normal Activity,0,0.3305222988128662,0
5901,16,Normal Activity,0,0.6307907700538635,1
5902,16,Normal Activity,0,0.893711268901825,1
5903,16,Normal Activity,0,0.8715118169784546,1
5904,16,Normal Activity,0,0.16226312518119812,0
5905,16,Normal Activity,0,0.1089763194322586,0
5906,16,Normal Activity,0,0.8645700216293335,1
5907,16,Normal Activity,0,0.059642963111400604,0
5908,16,Normal Activity,0,0.036182865500450134,0
5909,16,Normal Activity,0,0.01604778692126274,0
5910,16,Normal Activity,0,0.8195550441741943,1
5911,16,Normal Activity,0,0.2571418285369873,0
5912,16,Normal Activity,0,0.024941975250840187,0
5913,16,Normal Activity,0,0.0477122962474823,0
5914,16,Normal Activity,0,0.9577421545982361,1
5915,16,Normal Activity,0,0.2713852822780609,0
5916,16,Normal Activity,0,0.07819098979234695,0
5917,16,Normal Activity,0,0.06793294847011566,0
5918,16,Normal Activity,0,0.931378960609436,1
5919,16,Normal Activity,0,0.07079560309648514,0
5920,16,Normal Activity,0,0.029012247920036316,0
5921,16,Normal Activity,0,0.8862686157226562,1
5922,16,Normal Activity,0,0.7921825647354126,1
5923,16,Normal Activity,0,0.14913129806518555,0
5924,16,Normal Activity,0,0.872221052646637,1
5925,16,Normal Activity,0,0.060041531920433044,0
5926,16,Normal Activity,0,0.01832781918346882,0
5927,16,Normal Activity,0,0.16539251804351807,0
5928,16,Normal Activity,0,0.1701953113079071,0
5929,16,Normal Activity,0,0.4860105812549591,0
5930,16,Normal Activity,0,0.8119156956672668,1
5931,16,Normal Activity,0,0.02829699032008648,0
5932,16,Normal Activity,0,0.021348001435399055,0
5933,16,Normal Activity,0,0.25195279717445374,0
5934,16,Normal Activity,0,0.027286505326628685,0
5935,16,Normal Activity,0,0.050391774624586105,0
5936,16,Normal Activity,0,0.20756642520427704,0
5937,16,Normal Activity,0,0.7725637555122375,1
5938,16,Normal Activity,0,0.056695904582738876,0
5939,16,Normal Activity,0,0.13256289064884186,0
5940,16,Normal Activity,0,0.14174267649650574,0
5941,16,Normal Activity,0,0.0312152449041605,0
5942,16,Normal Activity,0,0.02595873735845089,0
5943,16,Normal Activity,0,0.12498447299003601,0
5944,16,Normal Activity,0,0.24660177528858185,0
5945,16,Normal Activity,0,0.04496205970644951,0
5946,16,Normal Activity,0,0.9432156085968018,1
5947,16,Normal Activity,0,0.09964671730995178,0
5948,16,Normal Activity,0,0.4128950834274292,0
5949,16,Normal Activity,0,0.032302357256412506,0
5950,16,Normal Activity,0,0.4879296123981476,0
5951,16,Normal Activity,0,0.0756060853600502,0
5952,16,Normal Activity,0,0.8284494876861572,1
5953,16,Normal Activity,0,0.7447422742843628,1
5954,16,Normal Activity,0,0.2827007472515106,0
5955,16,Normal Activity,0,0.021779773756861687,0
5956,16,Normal Activity,0,0.5785576701164246,1
5957,16,Normal Activity,0,0.4307234585285187,0
5958,16,Normal Activity,0,0.24685393273830414,0
5959,16,Normal Activity,0,0.7031142115592957,1
5960,16,Normal Activity,0,0.7020479440689087,1
5961,16,Normal Activity,0,0.6451852321624756,1
5962,16,Normal Activity,0,0.7160654664039612,1
5963,16,Normal Activity,0,0.10965146124362946,0
5964,16,Normal Activity,0,0.05774432793259621,0
5965,16,Normal Activity,0,0.6337400674819946,1
5966,16,Normal Activity,0,0.5124565958976746,1
5967,16,Normal Activity,0,0.4770899713039398,0
5968,16,Normal Activity,0,0.4415438771247864,0
5969,16,Normal Activity,0,0.1477838009595871,0
5970,16,Normal Activity,0,0.03451228886842728,0
5971,16,Normal Activity,0,0.8852604627609253,1
5972,16,Normal Activity,0,0.8362656831741333,1
5973,16,Normal Activity,0,0.8274973630905151,1
5974,16,Normal Activity,0,0.1879422515630722,0
5975,16,Normal Activity,0,0.06605926156044006,0
5976,16,Normal Activity,0,0.013655448332428932,0
5977,16,Normal Activity,0,0.5272921323776245,1
5978,16,Normal Activity,0,0.830982506275177,1
5979,16,Normal Activity,0,0.7221735715866089,1
5980,16,Normal Activity,0,0.5533291101455688,1
5981,16,Normal Activity,0,0.49354204535484314,0
5982,16,Normal Activity,0,0.06821338087320328,0
5983,16,Normal Activity,0,0.26833659410476685,0
5984,16,Normal Activity,0,0.18098314106464386,0
5985,16,Normal Activity,0,0.06660435348749161,0
5986,16,Normal Activity,0,0.1399679034948349,0
5987,16,Normal Activity,0,0.07005184888839722,0
5988,16,Normal Activity,0,0.3216375708580017,0
5989,16,Normal Activity,0,0.19954846799373627,0
5990,16,Normal Activity,0,0.41764479875564575,0
5991,16,Normal Activity,0,0.4013347625732422,0
5992,16,Normal Activity,0,0.2358619123697281,0
5993,16,Normal Activity,0,0.7180469632148743,1
5994,16,Normal Activity,0,0.8207433819770813,1
5995,16,Normal Activity,0,0.6947802305221558,1
5996,16,Normal Activity,0,0.6293421387672424,1
5997,16,Normal Activity,0,0.69171142578125,1
5998,16,Normal Activity,0,0.9320959448814392,1
5999,16,Normal Activity,0,0.8466616868972778,1
6000,16,Normal Activity,0,0.38056614995002747,0
6001,16,Normal Activity,0,0.4492923319339752,0
6002,16,Normal Activity,0,0.7881999015808105,1
6003,16,Normal Activity,0,0.7142337560653687,1
6004,16,Normal Activity,0,0.6274254322052002,1
6005,16,Normal Activity,0,0.7506730556488037,1
6006,16,Normal Activity,0,0.10011330991983414,0
6007,16,Normal Activity,0,0.3606332540512085,0
6008,16,Normal Activity,0,0.43560847640037537,0
6009,16,Normal Activity,0,0.19774501025676727,0
6010,16,Normal Activity,0,0.1694667637348175,0
6011,16,Normal Activity,0,0.26550498604774475,0
6012,16,Normal Activity,0,0.23503181338310242,0
6013,16,Normal Activity,0,0.16031591594219208,0
6014,16,Normal Activity,0,0.3474905490875244,0
6015,16,Normal Activity,0,0.08570469915866852,0
6016,16,Normal Activity,0,0.050181444734334946,0
6017,16,Normal Activity,0,0.2973966598510742,0
6018,16,Normal Activity,0,0.10239055007696152,0
6019,16,Normal Activity,0,0.0739177018404007,0
6020,16,Normal Activity,0,0.031278278678655624,0
6021,16,Normal Activity,0,0.41319739818573,0
6022,16,Normal Activity,0,0.19505944848060608,0
6023,16,Normal Activity,0,0.1826324462890625,0
6024,16,Normal Activity,0,0.030922137200832367,0
6025,16,Normal Activity,0,0.1403367966413498,0
6026,16,Normal Activity,0,0.16212217509746552,0
6027,16,Normal Activity,0,0.037382375448942184,0
6028,16,Normal Activity,0,0.016404541209340096,0
6029,16,Normal Activity,0,0.014190218411386013,0
6030,16,Normal Activity,0,0.02319212257862091,0
6031,16,Normal Activity,0,0.013408824801445007,0
6032,16,Normal Activity,0,0.0113317109644413,0
6033,16,Normal Activity,0,0.07303209602832794,0
6034,16,Normal Activity,0,0.2397264540195465,0
6035,16,Normal Activity,0,0.3006228804588318,0
6036,16,Normal Activity,0,0.3547929525375366,0
6037,16,Normal Activity,0,0.04362006112933159,0
6038,16,Normal Activity,0,0.04094492644071579,0
6039,16,Normal Activity,0,0.08300761133432388,0
6040,16,Normal Activity,0,0.033137716352939606,0
6041,16,Normal Activity,0,0.052901741117239,0
6042,16,Normal Activity,0,0.03424839302897453,0
6043,16,Normal Activity,0,0.11390291154384613,0
6044,16,Normal Activity,0,0.6432377696037292,1
6045,16,Normal Activity,0,0.5980281233787537,1
6046,16,Normal Activity,0,0.8175262808799744,1
6047,16,Normal Activity,0,0.09799105674028397,0
6048,16,Normal Activity,0,0.12888048589229584,0
6049,16,Normal Activity,0,0.21997492015361786,0
6050,16,Normal Activity,0,0.06084069609642029,0
6051,16,Normal Activity,0,0.4545983076095581,0
6052,16,Normal Activity,0,0.12529359757900238,0
6053,16,Normal Activity,0,0.030572522431612015,0
6054,16,Normal Activity,0,0.008034130558371544,0
6055,16,Normal Activity,0,0.40268734097480774,0
6056,16,Normal Activity,0,0.20912522077560425,0
6057,16,Normal Activity,0,0.04999050498008728,0
6058,16,Normal Activity,0,0.011674657464027405,0
6059,16,Normal Activity,0,0.2597251236438751,0
6060,16,Normal Activity,0,0.08597461879253387,0
6061,16,Normal Activity,0,0.0348818339407444,0
6062,16,Normal Activity,0,0.15353602170944214,0
6063,16,Normal Activity,0,0.37287938594818115,0
6064,16,Normal Activity,0,0.04219776391983032,0
6065,16,Normal Activity,0,0.010608433745801449,0
6066,16,Normal Activity,0,0.8909621238708496,1
6067,16,Normal Activity,0,0.08042210340499878,0
6068,16,Normal Activity,0,0.020863356068730354,0
6069,16,Normal Activity,0,0.9012615084648132,1
6070,16,Normal Activity,0,0.328640878200531,0
6071,16,Normal Activity,0,0.49662652611732483,0
6072,16,Normal Activity,0,0.11162830144166946,0
6073,16,Normal Activity,0,0.03401581197977066,0
6074,16,Normal Activity,0,0.25658348202705383,0
6075,16,Normal Activity,0,0.20879167318344116,0
6076,16,Normal Activity,0,0.3976181149482727,0
6077,16,Normal Activity,0,0.6781725883483887,1
6078,16,Normal Activity,0,0.3327256143093109,0
6079,16,Normal Activity,0,0.4664779603481293,0
6080,16,Normal Activity,0,0.34208425879478455,0
6081,16,Normal Activity,0,0.4549833834171295,0
6082,16,Normal Activity,0,0.6712222695350647,1
6083,16,Normal Activity,0,0.03935454413294792,0
6084,17,Normal Activity,0,0.8268536329269409,1
6085,17,Normal Activity,0,0.9696493148803711,1
6086,17,Normal Activity,0,0.9133501648902893,1
6087,17,Normal Activity,0,0.5398898720741272,1
6088,17,Normal Activity,0,0.35585111379623413,0
6089,17,Normal Activity,0,0.8012890219688416,1
6090,17,Normal Activity,0,0.8808943629264832,1
6091,17,Normal Activity,0,0.2777996361255646,0
6092,17,Normal Activity,0,0.20036283135414124,0
6093,17,Normal Activity,0,0.06921741366386414,0
6094,17,Normal Activity,0,0.9433324337005615,1
6095,17,Normal Activity,0,0.7878543734550476,1
6096,17,Normal Activity,0,0.8716545104980469,1
6097,17,Normal Activity,0,0.02145741507411003,0
6098,17,Normal Activity,0,0.044078994542360306,0
6099,17,Normal Activity,0,0.6566795706748962,1
6100,17,Normal Activity,0,0.48244062066078186,0
6101,17,Normal Activity,0,0.09552662074565887,0
6102,17,Normal Activity,0,0.016448160633444786,0
6103,17,Normal Activity,0,0.64032381772995,1
6104,17,Normal Activity,0,0.6618611812591553,1
6105,17,Normal Activity,0,0.05157722905278206,0
6106,17,Normal Activity,0,0.08444664627313614,0
6107,17,Normal Activity,0,0.971501350402832,1
6108,17,Normal Activity,0,0.2825789451599121,0
6109,17,Normal Activity,0,0.0038277097046375275,0
6110,17,Normal Activity,0,0.04576408863067627,0
6111,17,Normal Activity,0,0.978708803653717,1
6112,17,Normal Activity,0,0.2745799720287323,0
6113,17,Normal Activity,0,0.11962578445672989,0
6114,17,Normal Activity,0,0.9286671876907349,1
6115,17,Normal Activity,0,0.6773227453231812,1
6116,17,Normal Activity,0,0.2281455248594284,0
6117,17,Normal Activity,0,0.961050271987915,1
6118,17,Normal Activity,0,0.053080059587955475,0
6119,17,Normal Activity,0,0.01738577149808407,0
6120,17,Normal Activity,0,0.8860973119735718,1
6121,17,Normal Activity,0,0.8320464491844177,1
6122,17,Normal Activity,0,0.6090039610862732,1
6123,17,Normal Activity,0,0.03572326898574829,0
6124,17,Normal Activity,0,0.9507420063018799,1
6125,17,Normal Activity,0,0.8611973524093628,1
6126,17,Normal Activity,0,0.5683910846710205,1
6127,17,Normal Activity,0,0.07562088221311569,0
6128,17,Normal Activity,0,0.9903676509857178,1
6129,17,Normal Activity,0,0.9622786045074463,1
6130,17,Normal Activity,0,0.3766498267650604,0
6131,17,Normal Activity,0,0.15207301080226898,0
6132,17,Normal Activity,0,0.9892656803131104,1
6133,17,Normal Activity,0,0.6207730770111084,1
6134,17,Normal Activity,0,0.10066764801740646,0
6135,17,Normal Activity,0,0.49607139825820923,0
6136,17,Normal Activity,0,0.9701836109161377,1
6137,17,Normal Activity,0,0.41751399636268616,0
6138,17,Normal Activity,0,0.43115702271461487,0
6139,17,Normal Activity,0,0.2788304090499878,0
6140,17,Normal Activity,0,0.9147726893424988,1
6141,17,Normal Activity,0,0.3784959614276886,0
6142,17,Normal Activity,0,0.029102206230163574,0
6143,17,Normal Activity,0,0.12199190258979797,0
6144,17,Normal Activity,0,0.9689987897872925,1
6145,17,Normal Activity,0,0.370719313621521,0
6146,17,Normal Activity,0,0.2616409957408905,0
6147,17,Normal Activity,0,0.21300871670246124,0
6148,17,Normal Activity,0,0.28294500708580017,0
6149,17,Normal Activity,0,0.8809582591056824,1
6150,17,Normal Activity,0,0.7655287981033325,1
6151,17,Normal Activity,0,0.24900902807712555,0
6152,17,Normal Activity,0,0.4947662949562073,0
6153,17,Normal Activity,0,0.4332623779773712,0
6154,17,Normal Activity,0,0.9636256694793701,1
6155,17,Normal Activity,0,0.9303362965583801,1
6156,17,Normal Activity,0,0.4698355197906494,0
6157,17,Normal Activity,0,0.07974431663751602,0
6158,17,Normal Activity,0,0.3763590455055237,0
6159,17,Normal Activity,0,0.7110196948051453,1
6160,17,Normal Activity,0,0.28666847944259644,0
6161,17,Normal Activity,0,0.16105252504348755,0
6162,17,Normal Activity,0,0.4025351107120514,0
6163,17,Normal Activity,0,0.6819701194763184,1
6164,17,Normal Activity,0,0.2069590836763382,0
6165,17,Normal Activity,0,0.09667130559682846,0
6166,17,Normal Activity,0,0.24067141115665436,0
6167,17,Normal Activity,0,0.6073958277702332,1
6168,17,Normal Activity,0,0.13279856741428375,0
6169,17,Normal Activity,0,0.2017066776752472,0
6170,17,Normal Activity,0,0.5423200726509094,1
6171,17,Normal Activity,0,0.9757999777793884,1
6172,17,Normal Activity,0,0.9709696769714355,1
6173,17,Normal Activity,0,0.34914571046829224,0
6174,17,Normal Activity,0,0.09878844022750854,0
6175,17,Normal Activity,0,0.7157708406448364,1
6176,17,Normal Activity,0,0.15748092532157898,0
6177,17,Normal Activity,0,0.0452796146273613,0
6178,17,Normal Activity,0,0.07610008865594864,0
6179,17,Normal Activity,0,0.4938355088233948,0
6180,17,Normal Activity,0,0.36968040466308594,0
6181,17,Normal Activity,0,0.7687749862670898,1
6182,17,Normal Activity,0,0.4665266275405884,0
6183,17,Normal Activity,0,0.8881920576095581,1
6184,17,Normal Activity,0,0.5207571983337402,1
6185,17,Normal Activity,0,0.11976419389247894,0
6186,17,Normal Activity,0,0.9574007987976074,1
6187,17,Normal Activity,0,0.34183549880981445,0
6188,17,Normal Activity,0,0.11129622161388397,0
6189,17,Normal Activity,0,0.9731133580207825,1
6190,17,Normal Activity,0,0.7795491218566895,1
6191,17,Normal Activity,0,0.10204380005598068,0
6192,17,Normal Activity,0,0.9381245970726013,1
6193,17,Normal Activity,0,0.9720619916915894,1
6194,17,Normal Activity,0,0.9512200355529785,1
6195,17,Normal Activity,0,0.8578061461448669,1
6196,17,Normal Activity,0,0.8121230006217957,1
6197,17,Normal Activity,0,0.9770447015762329,1
6198,17,Normal Activity,0,0.9828117489814758,1
6199,17,Normal Activity,0,0.538470983505249,1
6200,17,Normal Activity,0,0.9834365844726562,1
6201,17,Normal Activity,0,0.8573935031890869,1
6202,17,Normal Activity,0,0.5673755407333374,1
6203,17,Normal Activity,0,0.9112653136253357,1
6204,17,Normal Activity,0,0.9009456038475037,1
6205,17,Normal Activity,0,0.21792033314704895,0
6206,17,Normal Activity,0,0.9778996706008911,1
6207,17,Normal Activity,0,0.8528405427932739,1
6208,17,Normal Activity,0,0.6578811407089233,1
6209,17,Normal Activity,0,0.9340267181396484,1
6210,17,Normal Activity,0,0.9205310344696045,1
6211,17,Normal Activity,0,0.6042875051498413,1
6212,17,Normal Activity,0,0.265862375497818,0
6213,17,Normal Activity,0,0.8531031608581543,1
6214,17,Normal Activity,0,0.9569319486618042,1
6215,17,Normal Activity,0,0.9747647643089294,1
6216,17,Normal Activity,0,0.8494731187820435,1
6217,17,Normal Activity,0,0.5427757501602173,1
6218,17,Normal Activity,0,0.23602701723575592,0
6219,17,Normal Activity,0,0.26206332445144653,0
6220,17,Normal Activity,0,0.3691355288028717,0
6221,17,Normal Activity,0,0.116524837911129,0
6222,17,Normal Activity,0,0.1688949018716812,0
6223,17,Normal Activity,0,0.04654889181256294,0
6224,17,Normal Activity,0,0.20433290302753448,0
6225,17,Normal Activity,0,0.30774980783462524,0
6226,17,Normal Activity,0,0.21128028631210327,0
6227,17,Normal Activity,0,0.18422456085681915,0
6228,17,Normal Activity,0,0.23234407603740692,0
6229,17,Normal Activity,0,0.9828307628631592,1
6230,17,Normal Activity,0,0.3706337809562683,0
6231,17,Normal Activity,0,0.07931400835514069,0
6232,17,Normal Activity,0,0.21373963356018066,0
6233,17,Normal Activity,0,0.9936156272888184,1
6234,17,Normal Activity,0,0.07112853229045868,0
6235,17,Normal Activity,0,0.028281690552830696,0
6236,17,Normal Activity,0,0.13600701093673706,0
6237,17,Normal Activity,0,0.9159100651741028,1
6238,17,Normal Activity,0,0.9192426800727844,1
6239,17,Normal Activity,0,0.8124600052833557,1
6240,17,Normal Activity,0,0.5785492062568665,1
6241,17,Normal Activity,0,0.9928598999977112,1
6242,17,Normal Activity,0,0.4494578242301941,0
6243,17,Normal Activity,0,0.6112865805625916,1
6244,17,Normal Activity,0,0.3998144567012787,0
6245,17,Normal Activity,0,0.9896474480628967,1
6246,17,Normal Activity,0,0.8482454419136047,1
6247,17,Normal Activity,0,0.27985358238220215,0
6248,17,Normal Activity,0,0.26769402623176575,0
6249,17,Normal Activity,0,0.7491174936294556,1
6250,17,Normal Activity,0,0.557072639465332,1
6251,17,Normal Activity,0,0.7553240656852722,1
6252,17,Normal Activity,0,0.3285559117794037,0
6253,17,Normal Activity,0,0.984464704990387,1
6254,17,Normal Activity,0,0.24277953803539276,0
6255,17,Normal Activity,0,0.18471139669418335,0
6256,17,Normal Activity,0,0.23176151514053345,0
6257,17,Normal Activity,0,0.8702158331871033,1
6258,17,Normal Activity,0,0.16207799315452576,0
6259,17,Normal Activity,0,0.18843963742256165,0
6260,17,Normal Activity,0,0.07190244644880295,0
6261,17,Normal Activity,0,0.8521969318389893,1
6262,17,Normal Activity,0,0.6237028241157532,1
6263,17,Normal Activity,0,0.9401428699493408,1
6264,17,Normal Activity,0,0.8978525996208191,1
6265,17,Normal Activity,0,0.5649473071098328,1
6266,17,Normal Activity,0,0.16800588369369507,0
6267,17,Normal Activity,0,0.09419309347867966,0
6268,17,Normal Activity,0,0.5972087979316711,1
6269,17,Normal Activity,0,0.6187506914138794,1
6270,17,Normal Activity,0,0.6822075247764587,1
6271,17,Normal Activity,0,0.2595578134059906,0
6272,17,Normal Activity,0,0.06735119968652725,0
6273,17,Normal Activity,0,0.30427807569503784,0
6274,17,Normal Activity,0,0.4438842535018921,0
6275,17,Normal Activity,0,0.1627911478281021,0
6276,17,Normal Activity,0,0.8967700600624084,1
6277,17,Normal Activity,0,0.6430929899215698,1
6278,17,Normal Activity,0,0.7237665057182312,1
6279,17,Normal Activity,0,0.7558044195175171,1
6280,17,Normal Activity,0,0.740216851234436,1
6281,17,Normal Activity,0,0.839909017086029,1
6282,17,Normal Activity,0,0.0722656324505806,0
6283,17,Normal Activity,0,0.12331152707338333,0
6284,17,Normal Activity,0,0.34631210565567017,0
6285,17,Normal Activity,0,0.902426540851593,1
6286,17,Normal Activity,0,0.5229288935661316,1
6287,17,Normal Activity,0,0.32063591480255127,0
6288,17,Normal Activity,0,0.319721519947052,0
6289,17,Normal Activity,0,0.39920538663864136,0
6290,17,Normal Activity,0,0.7521856427192688,1
6291,17,Normal Activity,0,0.9554969668388367,1
6292,17,Normal Activity,0,0.549975574016571,1
6293,17,Normal Activity,0,0.31114643812179565,0
6294,17,Normal Activity,0,0.5002310276031494,1
6295,17,Normal Activity,0,0.7348395586013794,1
6296,17,Normal Activity,0,0.9029058814048767,1
6297,17,Normal Activity,0,0.04205748066306114,0
6298,17,Normal Activity,0,0.7262071967124939,1
6299,17,Normal Activity,0,0.8265540599822998,1
6300,17,Normal Activity,0,0.20987090468406677,0
6301,17,Normal Activity,0,0.007408156059682369,0
6302,17,Normal Activity,0,0.16876482963562012,0
6303,17,Normal Activity,0,0.3350381851196289,0
6304,17,Normal Activity,0,0.431857168674469,0
6305,17,Normal Activity,0,0.4919876456260681,0
6306,17,Normal Activity,0,0.4671598970890045,0
6307,17,Normal Activity,0,0.5403997302055359,1
6308,17,Normal Activity,0,0.45850878953933716,0
6309,17,Normal Activity,0,0.21181504428386688,0
6310,17,Normal Activity,0,0.08651798218488693,0
6311,17,Normal Activity,0,0.29506316781044006,0
6312,17,Normal Activity,0,0.975832462310791,1
6313,17,Normal Activity,0,0.9882015585899353,1
6314,17,Normal Activity,0,0.6218060851097107,1
6315,17,Normal Activity,0,0.5871258974075317,1
6316,17,Normal Activity,0,0.23811060190200806,0
6317,17,Normal Activity,0,0.4545931816101074,0
6318,17,Normal Activity,0,0.32668834924697876,0
6319,17,Normal Activity,0,0.07947668433189392,0
6320,17,Normal Activity,0,0.25355812907218933,0
6321,17,Normal Activity,0,0.5211126804351807,1
6322,17,Normal Activity,0,0.9871568083763123,1
6323,17,Normal Activity,0,0.9165414571762085,1
6324,17,Normal Activity,0,0.13639043271541595,0
6325,17,Normal Activity,0,0.9758712649345398,1
6326,17,Normal Activity,0,0.27479612827301025,0
6327,17,Normal Activity,0,0.13502007722854614,0
6328,17,Normal Activity,0,0.9787344932556152,1
6329,17,Normal Activity,0,0.490724116563797,0
6330,17,Normal Activity,0,0.4480421841144562,0
6331,17,Normal Activity,0,0.7719678282737732,1
6332,17,Normal Activity,0,0.5267054438591003,1
6333,17,Normal Activity,0,0.6188509464263916,1
6334,17,Normal Activity,0,0.25290408730506897,0
6335,17,Normal Activity,0,0.9060408473014832,1
6336,17,Normal Activity,0,0.7393777370452881,1
6337,17,Normal Activity,0,0.7689197063446045,1
6338,17,Normal Activity,0,0.44176459312438965,0
6339,17,Normal Activity,0,0.9488967657089233,1
6340,17,Normal Activity,0,0.2248639166355133,0
6341,17,Normal Activity,0,0.12182938307523727,0
6342,17,Normal Activity,0,0.026765001937747,0
6343,17,Normal Activity,0,0.9755706191062927,1
6344,17,Normal Activity,0,0.05724474787712097,0
6345,17,Normal Activity,0,0.06174122914671898,0
6346,17,Normal Activity,0,0.05340677872300148,0
6347,17,Normal Activity,0,0.9004085063934326,1
6348,17,Normal Activity,0,0.45023590326309204,0
6349,17,Normal Activity,0,0.5185018181800842,1
6350,17,Normal Activity,0,0.8550307154655457,1
6351,17,Normal Activity,0,0.22154024243354797,0
6352,17,Normal Activity,0,0.26133546233177185,0
6353,17,Normal Activity,0,0.9840669631958008,1
6354,17,Normal Activity,0,0.9871695041656494,1
6355,17,Normal Activity,0,0.7114912867546082,1
6356,17,Normal Activity,0,0.328479140996933,0
6472,19,Normal Activity,0,0.3239596486091614,0
6473,19,Normal Activity,0,0.24094748497009277,0
6474,19,Normal Activity,0,0.0199914388358593,0
6475,19,Normal Activity,0,0.021047042682766914,0
6476,19,Normal Activity,0,0.01946016028523445,0
6477,19,Normal Activity,0,0.6213598847389221,1
6478,19,Normal Activity,0,0.8331860303878784,1
6479,19,Normal Activity,0,0.4846506118774414,0
6480,19,Normal Activity,0,0.022016262635588646,0
6481,19,Normal Activity,0,0.020866218954324722,0
6482,19,Normal Activity,0,0.45274922251701355,0
6483,19,Normal Activity,0,0.15422774851322174,0
6484,19,Normal Activity,0,0.04270314797759056,0
6485,19,Normal Activity,0,0.019991807639598846,0
6486,19,Normal Activity,0,0.010701589286327362,0
6487,19,Normal Activity,0,0.19841408729553223,0
6488,19,Normal Activity,0,0.235137939453125,0
6489,19,Normal Activity,0,0.014313478022813797,0
6490,19,Normal Activity,0,0.02301909029483795,0
6491,19,Normal Activity,0,0.60671067237854,1
6492,19,Normal Activity,0,0.5743645429611206,1
6493,19,Normal Activity,0,0.0903063714504242,0
6494,19,Normal Activity,0,0.01748553104698658,0
6495,19,Normal Activity,0,0.25807949900627136,0
6496,19,Normal Activity,0,0.3122599124908447,0
6497,19,Normal Activity,0,0.013824009336531162,0
6498,19,Normal Activity,0,0.011032992042601109,0
6499,19,Normal Activity,0,0.43587997555732727,0
6500,19,Normal Activity,0,0.04402438923716545,0
6501,19,Normal Activity,0,0.05498450621962547,0
6502,19,Normal Activity,0,0.3696766495704651,0
6503,19,Normal Activity,0,0.5673445463180542,1
6504,19,Normal Activity,0,0.05788904428482056,0
6505,19,Normal Activity,0,0.1828155368566513,0
6506,19,Normal Activity,0,0.03675871714949608,0
6507,19,Normal Activity,0,0.014917662367224693,0
6508,19,Normal Activity,0,0.23933179676532745,0
6509,19,Normal Activity,0,0.40328922867774963,0
6510,19,Normal Activity,0,0.026491396129131317,0
6511,19,Normal Activity,0,0.010695054195821285,0
6512,19,Normal Activity,0,0.3889995217323303,0
6513,19,Normal Activity,0,0.5780919790267944,1
6514,19,Normal Activity,0,0.07473427802324295,0
6515,19,Normal Activity,0,0.01924884133040905,0
6516,19,Normal Activity,0,0.26270487904548645,0
6517,19,Normal Activity,0,0.11356084793806076,0
6518,19,Normal Activity,0,0.012742068618535995,0
6519,19,Normal Activity,0,0.013834883458912373,0
6520,19,Normal Activity,0,0.055388566106557846,0
6521,19,Normal Activity,0,0.02573312632739544,0
6522,19,Normal Activity,0,0.0233631432056427,0
6523,19,Normal Activity,0,0.5036763548851013,1
6524,19,Normal Activity,0,0.27686846256256104,0
6525,19,Normal Activity,0,0.10624108463525772,0
6526,19,Normal Activity,0,0.04286358132958412,0
6527,19,Normal Activity,0,0.1503223180770874,0
6528,19,Normal Activity,0,0.32111066579818726,0
6529,19,Normal Activity,0,0.4419254660606384,0
6530,19,Normal Activity,0,0.11353744566440582,0
6531,19,Normal Activity,0,0.06710793077945709,0
6532,19,Normal Activity,0,0.4798501431941986,0
6533,19,Normal Activity,0,0.4716198444366455,0
6534,19,Normal Activity,0,0.8898610472679138,1
6535,19,Normal Activity,0,0.6485031843185425,1
6536,19,Normal Activity,0,0.2042776197195053,0
6537,19,Normal Activity,0,0.29518622159957886,0
6538,19,Normal Activity,0,0.24402213096618652,0
6539,19,Normal Activity,0,0.011173308826982975,0
6540,19,Normal Activity,0,0.020040238276124,0
6541,19,Normal Activity,0,0.036679286509752274,0
6542,19,Normal Activity,0,0.03812016546726227,0
6543,19,Normal Activity,0,0.02951233834028244,0
6544,19,Normal Activity,0,0.646291196346283,1
6545,19,Normal Activity,0,0.07430864125490189,0
6546,19,Normal Activity,0,0.05631883069872856,0
6547,19,Normal Activity,0,0.05179382860660553,0
6548,19,Normal Activity,0,0.08385920524597168,0
6549,19,Normal Activity,0,0.0282561257481575,0
6550,19,Normal Activity,0,0.011209852062165737,0
6551,19,Normal Activity,0,0.01571328565478325,0
6552,19,Normal Activity,0,0.08499142527580261,0
6553,19,Normal Activity,0,0.1807614117860794,0
6554,19,Normal Activity,0,0.0708029493689537,0
6555,19,Normal Activity,0,0.040778666734695435,0
6556,19,Normal Activity,0,0.010536614805459976,0
6557,19,Normal Activity,0,0.6636452078819275,1
6558,19,Normal Activity,0,0.20541958510875702,0
6559,19,Normal Activity,0,0.0935107097029686,0
6560,19,Normal Activity,0,0.06905163079500198,0
6561,19,Normal Activity,0,0.2932512164115906,0
6562,19,Normal Activity,0,0.48288190364837646,0
6563,19,Normal Activity,0,0.21935345232486725,0
6564,19,Normal Activity,0,0.07760512828826904,0
6565,19,Normal Activity,0,0.022184770554304123,0
6566,19,Normal Activity,0,0.08374010026454926,0
6567,19,Normal Activity,0,0.4347805976867676,0
6568,19,Normal Activity,0,0.687802791595459,1
6569,19,Normal Activity,0,0.31300461292266846,0
6570,19,Normal Activity,0,0.7441104054450989,1
6571,19,Normal Activity,0,0.8193574547767639,1
6572,19,Normal Activity,0,0.3254956305027008,0
6573,19,Normal Activity,0,0.08421815931797028,0
6574,19,Normal Activity,0,0.2100968211889267,0
6575,19,Normal Activity,0,0.06092523783445358,0
6576,19,Normal Activity,0,0.2506980001926422,0
6577,19,Normal Activity,0,0.3887290954589844,0
6578,19,Normal Activity,0,0.1165577620267868,0
6579,19,Normal Activity,0,0.8000434637069702,1
6580,19,Normal Activity,0,0.8684543371200562,1
6581,19,Normal Activity,0,0.8142849206924438,1
6582,19,Normal Activity,0,0.10411786288022995,0
6583,19,Normal Activity,0,0.15285387635231018,0
6584,19,Normal Activity,0,0.02997181937098503,0
6585,19,Normal Activity,0,0.15889649093151093,0
6586,19,Normal Activity,0,0.06405697017908096,0
6587,19,Normal Activity,0,0.018022997304797173,0
6588,19,Normal Activity,0,0.012976174242794514,0
6589,19,Normal Activity,0,0.8521609902381897,1
6590,19,Normal Activity,0,0.6346877217292786,1
6591,19,Normal Activity,0,0.3136732876300812,0
6592,19,Normal Activity,0,0.24024651944637299,0
6593,19,Normal Activity,0,0.6037430763244629,1
6594,19,Normal Activity,0,0.46446192264556885,0
6595,19,Normal Activity,0,0.46704259514808655,0
6596,19,Normal Activity,0,0.554092288017273,1
6597,19,Normal Activity,0,0.8068252205848694,1
6598,19,Normal Activity,0,0.815593957901001,1
6599,19,Normal Activity,0,0.4864404499530792,0
6600,19,Normal Activity,0,0.11954759806394577,0
6601,19,Normal Activity,0,0.34998562932014465,0
6602,19,Normal Activity,0,0.3942679762840271,0
6603,19,Normal Activity,0,0.24172528088092804,0
6604,19,Normal Activity,0,0.11761095374822617,0
6605,19,Normal Activity,0,0.4060260057449341,0
6606,19,Normal Activity,0,0.14439478516578674,0
6607,19,Normal Activity,0,0.2744078040122986,0
6608,19,Normal Activity,0,0.29447323083877563,0
6609,19,Normal Activity,0,0.04622608795762062,0
6610,19,Normal Activity,0,0.577955961227417,1
6611,19,Normal Activity,0,0.11685585975646973,0
6612,19,Normal Activity,0,0.005406830459833145,0
6613,19,Normal Activity,0,0.16187825798988342,0
6614,19,Normal Activity,0,0.09930354356765747,0
6615,19,Normal Activity,0,0.018309306353330612,0
6616,19,Normal Activity,0,0.01179837342351675,0
6617,19,Normal Activity,0,0.7030386924743652,1
6618,19,Normal Activity,0,0.7391480803489685,1
6619,19,Normal Activity,0,0.05053938180208206,0
6620,19,Normal Activity,0,0.03928982466459274,0
6621,19,Normal Activity,0,0.13360872864723206,0
6622,19,Normal Activity,0,0.5218811631202698,1
6623,19,Normal Activity,0,0.1143798828125,0
6624,19,Normal Activity,0,0.045722439885139465,0
6625,19,Normal Activity,0,0.2629346549510956,0
6626,19,Normal Activity,0,0.34663236141204834,0
6627,19,Normal Activity,0,0.11841060221195221,0
6628,19,Normal Activity,0,0.014409845694899559,0
6629,19,Normal Activity,0,0.03255977854132652,0
6630,19,Normal Activity,0,0.011442871764302254,0
6631,19,Normal Activity,0,0.14791938662528992,0
6632,19,Normal Activity,0,0.3660986125469208,0
6633,19,Normal Activity,0,0.1147514060139656,0
6634,19,Normal Activity,0,0.0638434961438179,0
6635,19,Normal Activity,0,0.4779488444328308,0
6636,19,Normal Activity,0,0.3993275761604309,0
6637,19,Normal Activity,0,0.12962539494037628,0
6638,19,Normal Activity,0,0.08803175389766693,0
6639,19,Normal Activity,0,0.2084668129682541,0
6640,19,Normal Activity,0,0.01656845211982727,0
6641,19,Normal Activity,0,0.009369817562401295,0
6642,19,Normal Activity,0,0.4048290252685547,0
6643,19,Normal Activity,0,0.6171667575836182,1
6644,19,Normal Activity,0,0.33712854981422424,0
6645,19,Normal Activity,0,0.13269025087356567,0
6646,19,Normal Activity,0,0.3485809564590454,0
6647,19,Normal Activity,0,0.49457743763923645,0
6648,19,Normal Activity,0,0.25401607155799866,0
6649,19,Normal Activity,0,0.1383928507566452,0
6650,19,Normal Activity,0,0.30463796854019165,0
6651,19,Normal Activity,0,0.1593635231256485,0
6652,19,Normal Activity,0,0.07212230563163757,0
6653,19,Normal Activity,0,0.056616757065057755,0
6654,19,Normal Activity,0,0.10002177953720093,0
6655,19,Normal Activity,0,0.21277062594890594,0
6656,19,Normal Activity,0,0.5119833946228027,1
6657,19,Normal Activity,0,0.2968149781227112,0
6658,19,Normal Activity,0,0.06571661680936813,0
6659,19,Normal Activity,0,0.07081960886716843,0
6660,19,Normal Activity,0,0.6493638753890991,1
6661,19,Normal Activity,0,0.31478744745254517,0
6662,19,Normal Activity,0,0.056774359196424484,0
6663,19,Normal Activity,0,0.07100444287061691,0
6664,19,Normal Activity,0,0.5098475813865662,1
6665,19,Normal Activity,0,0.11519230902194977,0
6666,19,Normal Activity,0,0.01190601009875536,0
6667,19,Normal Activity,0,0.061752792447805405,0
6668,19,Normal Activity,0,0.738412618637085,1
6669,19,Normal Activity,0,0.47018763422966003,0
6670,19,Normal Activity,0,0.15973670780658722,0
6671,19,Normal Activity,0,0.22323986887931824,0
6672,19,Normal Activity,0,0.6707083582878113,1
6673,19,Normal Activity,0,0.13251134753227234,0
6674,19,Normal Activity,0,0.022837061434984207,0
6675,19,Normal Activity,0,0.015492050908505917,0
6676,19,Normal Activity,0,0.23814846575260162,0
6677,19,Normal Activity,0,0.10223928093910217,0
6678,19,Normal Activity,0,0.010943632572889328,0
6679,19,Normal Activity,0,0.011497684754431248,0
6680,19,Normal Activity,0,0.7157410383224487,1
6681,19,Normal Activity,0,0.7560279369354248,1
6682,19,Normal Activity,0,0.30969783663749695,0
6683,19,Normal Activity,0,0.18068642914295197,0
6684,19,Normal Activity,0,0.1949908584356308,0
6685,19,Normal Activity,0,0.0722532793879509,0
6686,19,Normal Activity,0,0.014383654110133648,0
6687,19,Normal Activity,0,0.1984909027814865,0
6688,19,Normal Activity,0,0.015984661877155304,0
6689,19,Normal Activity,0,0.007564865984022617,0
6690,19,Normal Activity,0,0.9171198010444641,1
6691,19,Normal Activity,0,0.24668286740779877,0
6692,19,Normal Activity,0,0.09489777684211731,0
6693,19,Normal Activity,0,0.4397885501384735,0
6694,19,Normal Activity,0,0.22177210450172424,0
6695,19,Normal Activity,0,0.2508332133293152,0
6696,19,Normal Activity,0,0.017713220790028572,0
6697,19,Normal Activity,0,0.16211697459220886,0
6698,19,Normal Activity,0,0.2088928371667862,0
6699,19,Normal Activity,0,0.03254621848464012,0
6700,19,Normal Activity,0,0.05187715217471123,0
6701,19,Normal Activity,0,0.6595708727836609,1
6702,19,Normal Activity,0,0.599176287651062,1
6703,19,Normal Activity,0,0.033759705722332,0
6704,19,Normal Activity,0,0.051027070730924606,0
6705,19,Normal Activity,0,0.6311010718345642,1
6706,19,Normal Activity,0,0.5252450704574585,1
6707,19,Normal Activity,0,0.09256570786237717,0
6708,19,Normal Activity,0,0.26353001594543457,0
6709,19,Normal Activity,0,0.23649637401103973,0
6710,19,Normal Activity,0,0.05157415568828583,0
6711,19,Normal Activity,0,0.6668568253517151,1
6712,19,Normal Activity,0,0.568599283695221,1
6713,19,Normal Activity,0,0.2748897075653076,0
6714,19,Normal Activity,0,0.31989482045173645,0
6715,19,Normal Activity,0,0.5383595824241638,1
6716,19,Normal Activity,0,0.06844042241573334,0
6717,19,Normal Activity,0,0.35898256301879883,0
6718,19,Normal Activity,0,0.12135270982980728,0
6719,19,Normal Activity,0,0.3538176715373993,0
6720,19,Normal Activity,0,0.3818870782852173,0
6721,19,Normal Activity,0,0.05926071107387543,0
6722,19,Normal Activity,0,0.10208499431610107,0
6723,19,Normal Activity,0,0.16722215712070465,0
6724,19,Normal Activity,0,0.3548910915851593,0
6725,19,Normal Activity,0,0.8167375326156616,1
6726,19,Normal Activity,0,0.16930639743804932,0
6727,19,Normal Activity,0,0.14945457875728607,0
6728,19,Normal Activity,0,0.09635275602340698,0
6729,19,Normal Activity,0,0.3011825978755951,0
6730,19,Normal Activity,0,0.5946648716926575,1
6731,19,Normal Activity,0,0.16121014952659607,0
6732,19,Normal Activity,0,0.045814353972673416,0
6733,19,Normal Activity,0,0.10101091116666794,0
6734,19,Normal Activity,0,0.19848193228244781,0
6735,19,Normal Activity,0,0.09649506956338882,0
6736,19,Normal Activity,0,0.05894576013088226,0
6737,19,Normal Activity,0,0.43878933787345886,0
6738,19,Normal Activity,0,0.8314688205718994,1
6739,19,Normal Activity,0,0.15950295329093933,0
6740,19,Normal Activity,0,0.13313156366348267,0
6741,19,Normal Activity,0,0.040820345282554626,0
6742,19,Normal Activity,0,0.3682368993759155,0
6743,19,Normal Activity,0,0.6543927192687988,1
6744,19,Normal Activity,0,0.30460041761398315,0
6745,19,Normal Activity,0,0.1617792546749115,0
6746,19,Normal Activity,0,0.3424375355243683,0
6747,19,Normal Activity,0,0.19086071848869324,0
6748,19,Normal Activity,0,0.11509524285793304,0
6749,19,Normal Activity,0,0.22651760280132294,0
6750,19,Normal Activity,0,0.6172206401824951,1
6751,19,Normal Activity,0,0.18065209686756134,0
6752,19,Normal Activity,0,0.30381685495376587,0
6753,20,Normal Activity,0,0.9635854959487915,1
6754,20,Normal Activity,0,0.81324702501297,1
6755,20,Normal Activity,0,0.396984338760376,0
6756,20,Normal Activity,0,0.07836119830608368,0
6757,20,Normal Activity,0,0.015238607302308083,0
6758,20,Normal Activity,0,0.8327165246009827,1
6759,20,Normal Activity,0,0.42798087000846863,0
6760,20,Normal Activity,0,0.11822246015071869,0
6761,20,Normal Activity,0,0.04959898814558983,0
6762,20,Normal Activity,0,0.05954628437757492,0
6763,20,Normal Activity,0,0.3482110798358917,0
6764,20,Normal Activity,0,0.2696102559566498,0
6765,20,Normal Activity,0,0.02951364777982235,0
6766,20,Normal Activity,0,0.03138194978237152,0
6767,20,Normal Activity,0,0.3039225935935974,0
6768,20,Normal Activity,0,0.8008307814598083,1
6769,20,Normal Activity,0,0.1842907965183258,0
6770,20,Normal Activity,0,0.8144207000732422,1
6771,20,Normal Activity,0,0.382252037525177,0
6772,20,Normal Activity,0,0.8668316602706909,1
6773,20,Normal Activity,0,0.5292483568191528,1
6774,20,Normal Activity,0,0.6680290699005127,1
6775,20,Normal Activity,0,0.2959798276424408,0
6776,20,Normal Activity,0,0.6665661334991455,1
6777,20,Normal Activity,0,0.17925579845905304,0
6778,20,Normal Activity,0,0.13697285950183868,0
6779,20,Normal Activity,0,0.12247071415185928,0
6780,20,Normal Activity,0,0.9289939403533936,1
6781,20,Normal Activity,0,0.8984972834587097,1
6782,20,Normal Activity,0,0.33741500973701477,0
6783,20,Normal Activity,0,0.17674194276332855,0
6784,20,Normal Activity,0,0.06998025625944138,0
6785,20,Normal Activity,0,0.8781563639640808,1
6786,20,Normal Activity,0,0.17834503948688507,0
6787,20,Normal Activity,0,0.04657965153455734,0
6788,20,Normal Activity,0,0.023722507059574127,0
6789,20,Normal Activity,0,0.09220617264509201,0
6790,20,Normal Activity,0,0.8479332327842712,1
6791,20,Normal Activity,0,0.24759501218795776,0
6792,20,Normal Activity,0,0.0877930149435997,0
6793,20,Normal Activity,0,0.013593596406280994,0
6794,20,Normal Activity,0,0.015757286921143532,0
6795,20,Normal Activity,0,0.21245519816875458,0
6796,20,Normal Activity,0,0.5964756608009338,1
6797,20,Normal Activity,0,0.2477211207151413,0
6798,20,Normal Activity,0,0.18074744939804077,0
6799,20,Normal Activity,0,0.22064276039600372,0
6800,20,Normal Activity,0,0.615624189376831,1
6801,20,Normal Activity,0,0.9028064012527466,1
6802,20,Normal Activity,0,0.5555994510650635,1
6803,20,Normal Activity,0,0.7350842356681824,1
6804,20,Normal Activity,0,0.7618167996406555,1
6805,20,Normal Activity,0,0.47636356949806213,0
6806,20,Normal Activity,0,0.1732284277677536,0
6882,22,Normal Activity,0,0.4080031216144562,0
6883,22,Normal Activity,0,0.32610341906547546,0
6884,22,Normal Activity,0,0.02135046385228634,0
6885,22,Normal Activity,0,0.13161736726760864,0
6886,22,Normal Activity,0,0.5574108362197876,1
6887,22,Normal Activity,0,0.5377478003501892,1
6888,22,Normal Activity,0,0.06229680776596069,0
6889,22,Normal Activity,0,0.03203757107257843,0
6890,22,Normal Activity,0,0.44666147232055664,0
6891,22,Normal Activity,0,0.12925225496292114,0
6892,22,Normal Activity,0,0.05334806069731712,0
6893,22,Normal Activity,0,0.059719689190387726,0
6894,22,Normal Activity,0,0.10732659697532654,0
6895,22,Normal Activity,0,0.016204901039600372,0
6896,22,Normal Activity,0,0.012661873362958431,0
6897,22,Normal Activity,0,0.31984779238700867,0
6898,22,Normal Activity,0,0.1747848093509674,0
6899,22,Normal Activity,0,0.04128018766641617,0
6900,22,Normal Activity,0,0.0982011929154396,0
6901,22,Normal Activity,0,0.019428445026278496,0
6902,22,Normal Activity,0,0.01825784146785736,0
6903,23,Normal Activity,0,0.11509750038385391,0
6904,23,Normal Activity,0,0.11458931863307953,0
6905,23,Normal Activity,0,0.030673282220959663,0
6906,23,Normal Activity,0,0.07607754319906235,0
6907,23,Normal Activity,0,0.46972203254699707,0
6908,23,Normal Activity,0,0.6412988305091858,1
6909,23,Normal Activity,0,0.7214192152023315,1
6910,23,Normal Activity,0,0.27384743094444275,0
6911,23,Normal Activity,0,0.20045508444309235,0
6912,23,Normal Activity,0,0.4785033166408539,0
6913,23,Normal Activity,0,0.06770958006381989,0
6914,23,Normal Activity,0,0.019908476620912552,0
6915,23,Normal Activity,0,0.12961535155773163,0
6916,23,Normal Activity,0,0.0411376990377903,0
6917,23,Normal Activity,0,0.7260664701461792,1
6918,23,Normal Activity,0,0.44819530844688416,0
6919,23,Normal Activity,0,0.5868788361549377,1
6920,23,Normal Activity,0,0.4748918414115906,0
6921,24,Normal Activity,0,0.5027969479560852,1
6922,24,Normal Activity,0,0.02102600783109665,0
6923,24,Normal Activity,0,0.07779470831155777,0
6924,24,Normal Activity,0,0.6337040662765503,1
6925,24,Normal Activity,0,0.34688639640808105,0
6926,24,Normal Activity,0,0.6336865425109863,1
6927,24,Normal Activity,0,0.1548653542995453,0
6928,24,Normal Activity,0,0.11465821415185928,0
6929,24,Normal Activity,0,0.2723473906517029,0
6930,24,Normal Activity,0,0.3073970675468445,0
6931,24,Normal Activity,0,0.6242465972900391,1
6932,24,Normal Activity,0,0.37074577808380127,0
6933,24,Normal Activity,0,0.1006208211183548,0
6934,24,Normal Activity,0,0.8029725551605225,1
6935,24,Normal Activity,0,0.1666218489408493,0
6936,24,Normal Activity,0,0.258494108915329,0
6937,24,Normal Activity,0,0.08524675667285919,0
6938,24,Normal Activity,0,0.9482182264328003,1
6939,24,Normal Activity,0,0.6461347937583923,1
6940,24,Normal Activity,0,0.5789295434951782,1
6941,24,Normal Activity,0,0.588287889957428,1
7347,29,Normal Activity,0,0.9068360328674316,1
7348,29,Normal Activity,0,0.417119562625885,0
7349,29,Normal Activity,0,0.10157125443220139,0
7350,29,Normal Activity,0,0.05651591345667839,0
7351,29,Normal Activity,0,0.6472687125205994,1
7352,29,Normal Activity,0,0.969795823097229,1
7353,29,Normal Activity,0,0.6044828295707703,1
7354,29,Normal Activity,0,0.19328978657722473,0
7355,29,Normal Activity,0,0.9771597981452942,1
7356,29,Normal Activity,0,0.7879149913787842,1
7357,29,Normal Activity,0,0.7665664553642273,1
7358,29,Normal Activity,0,0.7807772755622864,1
7359,29,Normal Activity,0,0.15447549521923065,0
7360,29,Normal Activity,0,0.6259321570396423,1
7361,29,Normal Activity,0,0.5720561742782593,1
7362,29,Normal Activity,0,0.011667413637042046,0
7363,29,Normal Activity,0,0.42586979269981384,0
7364,29,Normal Activity,0,0.3677552342414856,0
7365,29,Normal Activity,0,0.056547991931438446,0
7366,29,Normal Activity,0,0.058299943804740906,0
7367,29,Normal Activity,0,0.298054575920105,0
7368,29,Normal Activity,0,0.4659338593482971,0
7369,29,Normal Activity,0,0.3709997832775116,0
7370,29,Normal Activity,0,0.29292428493499756,0
7371,30,Normal Activity,0,0.07022035121917725,0
7372,30,Normal Activity,0,0.005788895767182112,0
7373,30,Normal Activity,0,0.003986788913607597,0
7374,30,Normal Activity,0,0.33532026410102844,0
7375,30,Normal Activity,0,0.5090705156326294,1
7376,30,Normal Activity,0,0.06560438126325607,0
7377,30,Normal Activity,0,0.1901494711637497,0
7378,30,Normal Activity,0,0.13962925970554352,0
7379,30,Normal Activity,0,0.05498100072145462,0
7380,30,Normal Activity,0,0.11721207946538925,0
7381,30,Normal Activity,0,0.09058284759521484,0
7382,30,Normal Activity,0,0.04568628594279289,0
7383,30,Normal Activity,0,0.1745613068342209,0
7384,30,Normal Activity,0,0.015976054593920708,0
7385,30,Normal Activity,0,0.02404959686100483,0
7386,30,Normal Activity,0,0.4649592936038971,0
7387,30,Normal Activity,0,0.15364576876163483,0
7388,30,Normal Activity,0,0.1012633815407753,0
7389,31,Normal Activity,0,0.4284103512763977,0
7390,31,Normal Activity,0,0.07369600981473923,0
7391,31,Normal Activity,0,0.053047798573970795,0
7392,31,Normal Activity,0,0.37960442900657654,0
7393,31,Normal Activity,0,0.7885201573371887,1
7394,31,Normal Activity,0,0.7336459755897522,1
7395,31,Normal Activity,0,0.8324779272079468,1
7396,31,Normal Activity,0,0.0578780360519886,0
7397,31,Normal Activity,0,0.032385893166065216,0
7398,31,Normal Activity,0,0.007338132243603468,0
7399,31,Normal Activity,0,0.30887290835380554,0
7400,31,Normal Activity,0,0.36788153648376465,0
7401,31,Normal Activity,0,0.09388729184865952,0
7402,31,Normal Activity,0,0.037359222769737244,0
7403,31,Normal Activity,0,0.08187249302864075,0
7404,31,Normal Activity,0,0.15877577662467957,0
7405,31,Normal Activity,0,0.13101422786712646,0
7406,31,Normal Activity,0,0.03102768398821354,0
7407,31,Normal Activity,0,0.19407524168491364,0
7408,31,Normal Activity,0,0.6777952313423157,1
7409,31,Normal Activity,0,0.7439401149749756,1
7410,31,Normal Activity,0,0.46091917157173157,0
7411,32,Normal Activity,0,0.4780268371105194,0
7412,32,Normal Activity,0,0.006153674330562353,0
7413,32,Normal Activity,0,0.02300894819200039,0
7414,32,Normal Activity,0,0.16619694232940674,0
7415,32,Normal Activity,0,0.09997199475765228,0
7416,32,Normal Activity,0,0.46948564052581787,0
7417,32,Normal Activity,0,0.08655111491680145,0
7418,32,Normal Activity,0,0.08504880964756012,0
7419,32,Normal Activity,0,0.2903825640678406,0
7420,32,Normal Activity,0,0.1060253456234932,0
7421,32,Normal Activity,0,0.16385819017887115,0
7422,32,Normal Activity,0,0.07736452668905258,0
7423,32,Normal Activity,0,0.8514400720596313,1
7424,32,Normal Activity,0,0.1624782532453537,0
7425,32,Normal Activity,0,0.02305503748357296,0
7426,32,Normal Activity,0,0.6525172591209412,1
7427,32,Normal Activity,0,0.054626885801553726,0
7428,32,Normal Activity,0,0.31882911920547485,0
7450,34,Normal Activity,0,0.21116645634174347,0
7451,34,Normal Activity,0,0.08824005722999573,0
7452,34,Normal Activity,0,0.4152461290359497,0
7453,34,Normal Activity,0,0.05514564365148544,0
7454,34,Normal Activity,0,0.018053948879241943,0
7455,34,Normal Activity,0,0.5345285534858704,1
7456,34,Normal Activity,0,0.6228991746902466,1
7457,34,Normal Activity,0,0.7709015607833862,1
7458,34,Normal Activity,0,0.32824158668518066,0
7459,34,Normal Activity,0,0.08726181089878082,0
7460,34,Normal Activity,0,0.6889545917510986,1
7461,34,Normal Activity,0,0.17497791349887848,0
7462,34,Normal Activity,0,0.1559845507144928,0
7463,34,Normal Activity,0,0.10473485291004181,0
7464,34,Normal Activity,0,0.06629783660173416,0
7465,34,Normal Activity,0,0.13986890017986298,0
7466,34,Normal Activity,0,0.042389631271362305,0
7467,34,Normal Activity,0,0.024496695026755333,0
7468,34,Normal Activity,0,0.6322165131568909,1
7469,34,Normal Activity,0,0.40459463000297546,0
7470,34,Normal Activity,0,0.036689698696136475,0
7471,34,Normal Activity,0,0.3064601719379425,0
7472,34,Normal Activity,0,0.8346685171127319,1
7473,34,Normal Activity,0,0.8978630900382996,1
7474,35,Normal Activity,0,0.06353972107172012,0
7475,35,Normal Activity,0,0.020537765696644783,0
7476,35,Normal Activity,0,0.013527325354516506,0
7477,35,Normal Activity,0,0.07880279421806335,0
7478,35,Normal Activity,0,0.38007375597953796,0
7479,35,Normal Activity,0,0.3560352921485901,0
7480,35,Normal Activity,0,0.1257164031267166,0
7481,35,Normal Activity,0,0.004993698094040155,0
7482,35,Normal Activity,0,0.11547115445137024,0
7483,35,Normal Activity,0,0.07327911257743835,0
7484,35,Normal Activity,0,0.038047779351472855,0
7485,35,Normal Activity,0,0.0233291108161211,0
7486,35,Normal Activity,0,0.3392290472984314,0
7487,35,Normal Activity,0,0.09316212683916092,0
7488,35,Normal Activity,0,0.05954153835773468,0
7489,35,Normal Activity,0,0.09851354360580444,0
7490,35,Normal Activity,0,0.14285928010940552,0
7491,35,Normal Activity,0,0.05741550400853157,0
7492,36,Normal Activity,0,0.34857866168022156,0
7493,36,Normal Activity,0,0.08947810530662537,0
7494,36,Normal Activity,0,0.03807471692562103,0
7495,36,Normal Activity,0,0.225257009267807,0
7496,36,Normal Activity,0,0.06546591222286224,0
7497,36,Normal Activity,0,0.07734475284814835,0
7498,36,Normal Activity,0,0.2999182641506195,0
7499,36,Normal Activity,0,0.0849619135260582,0
7500,36,Normal Activity,0,0.025135463103652,0
7501,36,Normal Activity,0,0.8086544871330261,1
7502,36,Normal Activity,0,0.686245858669281,1
7503,36,Normal Activity,0,0.43088698387145996,0
7504,36,Normal Activity,0,0.05353483930230141,0
7505,36,Normal Activity,0,0.6804516911506653,1
7506,36,Normal Activity,0,0.558745801448822,1
7507,36,Normal Activity,0,0.6457516551017761,1
7508,36,Normal Activity,0,0.3255004286766052,0
7509,36,Normal Activity,0,0.23082894086837769,0
7510,36,Normal Activity,0,0.12991464138031006,0
7511,36,Normal Activity,0,0.12787719070911407,0
7512,36,Normal Activity,0,0.09407654404640198,0
7597,38,Normal Activity,0,0.531538188457489,1
7598,38,Normal Activity,0,0.07989207655191422,0
7599,38,Normal Activity,0,0.043376896530389786,0
7600,38,Normal Activity,0,0.3175949454307556,0
7601,38,Normal Activity,0,0.6413020491600037,1
7602,38,Normal Activity,0,0.43148887157440186,0
7603,38,Normal Activity,0,0.11079929769039154,0
7604,38,Normal Activity,0,0.29048916697502136,0
7605,38,Normal Activity,0,0.07094374299049377,0
7606,38,Normal Activity,0,0.1362040638923645,0
7607,38,Normal Activity,0,0.6532434821128845,1
7608,38,Normal Activity,0,0.8238073587417603,1
7609,38,Normal Activity,0,0.8051822781562805,1
7610,38,Normal Activity,0,0.13188637793064117,0
7611,38,Normal Activity,0,0.07359842956066132,0
7612,38,Normal Activity,0,0.21823686361312866,0
7613,38,Normal Activity,0,0.7263944149017334,1
7614,38,Normal Activity,0,0.862598180770874,1
7615,38,Normal Activity,0,0.39317211508750916,0
7616,38,Normal Activity,0,0.2302524298429489,0
7617,38,Normal Activity,0,0.016035623848438263,0
7618,38,Normal Activity,0,0.09706982970237732,0
7619,38,Normal Activity,0,0.3336538076400757,0
7620,38,Normal Activity,0,0.5664040446281433,1
7621,38,Normal Activity,0,0.9026041626930237,1
7622,38,Normal Activity,0,0.6570019721984863,1
7623,38,Normal Activity,0,0.11334417760372162,0
7624,38,Normal Activity,0,0.2652911841869354,0
7667,40,Normal Activity,0,0.8842043280601501,1
7668,40,Normal Activity,0,0.6965178847312927,1
7669,40,Normal Activity,0,0.3943946361541748,0
7670,40,Normal Activity,0,0.13514848053455353,0
7671,40,Normal Activity,0,0.9567797780036926,1
7672,40,Normal Activity,0,0.6404085755348206,1
7673,40,Normal Activity,0,0.3764682114124298,0
7674,40,Normal Activity,0,0.059696026146411896,0
7675,40,Normal Activity,0,0.6275530457496643,1
7676,40,Normal Activity,0,0.6799867749214172,1
7677,40,Normal Activity,0,0.5106921195983887,1
7678,40,Normal Activity,0,0.23094533383846283,0
7679,40,Normal Activity,0,0.5260651707649231,1
7680,40,Normal Activity,0,0.6806154847145081,1
7681,40,Normal Activity,0,0.16468210518360138,0
7682,40,Normal Activity,0,0.7592028379440308,1
7683,40,Normal Activity,0,0.7335472106933594,1
7684,40,Normal Activity,0,0.4061930477619171,0
7685,40,Normal Activity,0,0.9014033079147339,1
7686,40,Normal Activity,0,0.5504594445228577,1
7687,40,Normal Activity,0,0.3564436137676239,0
7773,2,Normal Activity,0,0.1007470190525055,0
7774,2,Normal Activity,0,0.47313448786735535,0
7775,2,Normal Activity,0,0.0721484124660492,0
7776,2,Normal Activity,0,0.45370736718177795,0
7777,2,Normal Activity,0,0.10583603382110596,0
7778,2,Normal Activity,0,0.171845942735672,0
7779,2,Normal Activity,0,0.1318981647491455,0
7780,2,Normal Activity,0,0.13012683391571045,0
7781,2,Normal Activity,0,0.010385333560407162,0
7782,2,Normal Activity,0,0.019584452733397484,0
7783,2,Normal Activity,0,0.058844879269599915,0
7784,2,Normal Activity,0,0.11423040926456451,0
7785,2,Normal Activity,0,0.029509738087654114,0
7786,2,Normal Activity,0,0.006473072338849306,0
7787,2,Normal Activity,0,0.02525947242975235,0
7788,2,Normal Activity,0,0.018465017899870872,0
7789,2,Normal Activity,0,0.0053964476101100445,0
7790,2,Normal Activity,0,0.12553814053535461,0
7791,2,Normal Activity,0,0.6172824501991272,1
7792,2,Normal Activity,0,0.014784261584281921,0
7793,2,Normal Activity,0,0.006521294359117746,0
7794,2,Normal Activity,0,0.024589717388153076,0
7795,2,Normal Activity,0,0.020833749324083328,0
7796,2,Normal Activity,0,0.009798063896596432,0
7797,2,Normal Activity,0,0.1596541851758957,0
7798,2,Normal Activity,0,0.06260040402412415,0
7799,2,Normal Activity,0,0.02562129497528076,0
7800,2,Normal Activity,0,0.009285209700465202,0
7801,2,Normal Activity,0,0.2526284456253052,0
7802,2,Normal Activity,0,0.8088670372962952,1
7803,2,Normal Activity,0,0.013634655624628067,0
7804,2,Normal Activity,0,0.14366766810417175,0
7805,2,Normal Activity,0,0.02846541441977024,0
7806,2,Normal Activity,0,0.009197934530675411,0
7807,2,Normal Activity,0,0.061525434255599976,0
7808,2,Normal Activity,0,0.0329468809068203,0
7809,2,Normal Activity,0,0.007249985821545124,0
7810,2,Normal Activity,0,0.028120161965489388,0
7811,2,Normal Activity,0,0.01836126111447811,0
7812,2,Normal Activity,0,0.008227991871535778,0
7813,2,Normal Activity,0,0.012920515611767769,0
7814,2,Normal Activity,0,0.010432776063680649,0
7815,2,Normal Activity,0,0.01388594787567854,0
7816,2,Normal Activity,0,0.009899157099425793,0
7817,2,Normal Activity,0,0.011423163115978241,0
7818,2,Normal Activity,0,0.22103549540042877,0
7819,2,Normal Activity,0,0.108366459608078,0
7897,4,Normal Activity,0,0.18035513162612915,0
7898,4,Normal Activity,0,0.13180461525917053,0
7899,4,Normal Activity,0,0.08220594376325607,0
7900,4,Normal Activity,0,0.019130414351820946,0
7901,4,Normal Activity,0,0.0776328444480896,0
7902,4,Normal Activity,0,0.17861732840538025,0
7903,4,Normal Activity,0,0.041485343128442764,0
7904,4,Normal Activity,0,0.010224556550383568,0
7905,4,Normal Activity,0,0.1513916701078415,0
7906,4,Normal Activity,0,0.11807313561439514,0
7907,4,Normal Activity,0,0.03109859675168991,0
7908,4,Normal Activity,0,0.013028108514845371,0
7909,4,Normal Activity,0,0.14007297158241272,0
7910,4,Normal Activity,0,0.04555496945977211,0
7911,4,Normal Activity,0,0.01728467456996441,0
7912,4,Normal Activity,0,0.5332827568054199,1
7913,4,Normal Activity,0,0.058995429426431656,0
7914,4,Normal Activity,0,0.03795444220304489,0
7915,4,Normal Activity,0,0.06816896051168442,0
7916,4,Normal Activity,0,0.01880555786192417,0
7917,4,Normal Activity,0,0.012108705006539822,0
7918,4,Normal Activity,0,0.1658969521522522,0
7919,4,Normal Activity,0,0.07277193665504456,0
7920,4,Normal Activity,0,0.012317192740738392,0
7921,4,Normal Activity,0,0.12217779457569122,0
7922,4,Normal Activity,0,0.10557039827108383,0
7923,4,Normal Activity,0,0.061353616416454315,0
7924,4,Normal Activity,0,0.01169128529727459,0
7925,4,Normal Activity,0,0.01573338732123375,0
7926,4,Normal Activity,0,0.07865244895219803,0
7927,4,Normal Activity,0,0.01941276714205742,0
7928,4,Normal Activity,0,0.011864201165735722,0
7929,4,Normal Activity,0,0.00811802875250578,0
7930,4,Normal Activity,0,0.024897681549191475,0
7931,4,Normal Activity,0,0.009972303174436092,0
7932,4,Normal Activity,0,0.011356563307344913,0
7933,4,Normal Activity,0,0.02353721112012863,0
7934,4,Normal Activity,0,0.015082648023962975,0
7935,4,Normal Activity,0,0.01740836538374424,0
7936,5,Normal Activity,0,0.09137365221977234,0
7937,5,Normal Activity,0,0.02805883251130581,0
7938,5,Normal Activity,0,0.26424503326416016,0
7939,5,Normal Activity,0,0.4653821289539337,0
7940,5,Normal Activity,0,0.17624804377555847,0
7941,5,Normal Activity,0,0.007212887518107891,0
7942,5,Normal Activity,0,0.0444546677172184,0
7943,5,Normal Activity,0,0.016878612339496613,0
7944,5,Normal Activity,0,0.03498508036136627,0
7945,5,Normal Activity,0,0.012327597476541996,0
7946,5,Normal Activity,0,0.3005885183811188,0
7947,5,Normal Activity,0,0.08950982242822647,0
7948,6,Normal Activity,0,0.33966341614723206,0
7949,6,Normal Activity,0,0.029253730550408363,0
7950,6,Normal Activity,0,0.01689068228006363,0
7951,6,Normal Activity,0,0.23934081196784973,0
7952,6,Normal Activity,0,0.010327870026230812,0
7953,6,Normal Activity,0,0.0105052525177598,0
7954,6,Normal Activity,0,0.08801430463790894,0
7955,6,Normal Activity,0,0.03459272161126137,0
7956,6,Normal Activity,0,0.04427953064441681,0
7957,6,Normal Activity,0,0.2273341864347458,0
7958,6,Normal Activity,0,0.07319766283035278,0
7959,6,Normal Activity,0,0.012797915376722813,0
7960,6,Normal Activity,0,0.009630727581679821,0
7961,6,Normal Activity,0,0.2474929690361023,0
7962,6,Normal Activity,0,0.09740915894508362,0
7963,6,Normal Activity,0,0.027542797848582268,0
7964,6,Normal Activity,0,0.011371337808668613,0
7965,6,Normal Activity,0,0.05075358599424362,0
7966,6,Normal Activity,0,0.9193916916847229,1
7967,6,Normal Activity,0,0.43617379665374756,0
7968,6,Normal Activity,0,0.040870729833841324,0
7969,7,Normal Activity,0,0.13341349363327026,0
7970,7,Normal Activity,0,0.034785907715559006,0
7971,7,Normal Activity,0,0.10948388278484344,0
7972,7,Normal Activity,0,0.15062643587589264,0
7973,7,Normal Activity,0,0.047240741550922394,0
7974,7,Normal Activity,0,0.050390470772981644,0
7975,7,Normal Activity,0,0.11101460456848145,0
7976,7,Normal Activity,0,0.11252564936876297,0
7977,7,Normal Activity,0,0.022526012733578682,0
7978,7,Normal Activity,0,0.22254134714603424,0
7979,7,Normal Activity,0,0.3811827600002289,0
7980,7,Normal Activity,0,0.15040643513202667,0
7981,7,Normal Activity,0,0.0468645803630352,0
7982,7,Normal Activity,0,0.023498984053730965,0
7983,7,Normal Activity,0,0.006276201456785202,0
7984,7,Normal Activity,0,0.4059285521507263,0
7985,7,Normal Activity,0,0.29971209168434143,0
7986,7,Normal Activity,0,0.058895841240882874,0
7987,7,Normal Activity,0,0.4942214787006378,0
7988,7,Normal Activity,0,0.17940542101860046,0
7989,7,Normal Activity,0,0.17036452889442444,0
7990,7,Normal Activity,0,0.20592248439788818,0
7991,7,Normal Activity,0,0.2434491664171219,0
7992,7,Normal Activity,0,0.3583807945251465,0
7993,7,Normal Activity,0,0.19114069640636444,0
7994,7,Normal Activity,0,0.01790962740778923,0
7995,7,Normal Activity,0,0.5902104377746582,1
7996,7,Normal Activity,0,0.10647112876176834,0
7997,7,Normal Activity,0,0.004163107834756374,0
7998,7,Normal Activity,0,0.46954378485679626,0
7999,7,Normal Activity,0,0.1788579821586609,0
8000,7,Normal Activity,0,0.13101835548877716,0
8001,7,Normal Activity,0,0.006414142437279224,0
8002,7,Normal Activity,0,0.07207807153463364,0
8003,7,Normal Activity,0,0.017012162134051323,0
8004,7,Normal Activity,0,0.01449030265212059,0
8005,7,Normal Activity,0,0.4282557964324951,0
8006,7,Normal Activity,0,0.5355959534645081,1
8007,7,Normal Activity,0,0.33201509714126587,0
8008,7,Normal Activity,0,0.35983607172966003,0
8009,7,Normal Activity,0,0.8246060609817505,1
8010,7,Normal Activity,0,0.07135231792926788,0
8011,7,Normal Activity,0,0.044642943888902664,0
8012,7,Normal Activity,0,0.019878149032592773,0
8013,7,Normal Activity,0,0.5851166248321533,1
8014,7,Normal Activity,0,0.030354179441928864,0
8015,7,Normal Activity,0,0.015365500003099442,0
8016,7,Normal Activity,0,0.11172240227460861,0
8017,7,Normal Activity,0,0.4237140715122223,0
8018,7,Normal Activity,0,0.02483268454670906,0
8019,7,Normal Activity,0,0.03953982889652252,0
8020,7,Normal Activity,0,0.3884876072406769,0
8021,7,Normal Activity,0,0.05352082848548889,0
8022,7,Normal Activity,0,0.21418187022209167,0
8023,7,Normal Activity,0,0.01302727498114109,0
8024,7,Normal Activity,0,0.46668288111686707,0
8025,7,Normal Activity,0,0.3317919671535492,0
8026,7,Normal Activity,0,0.02587234601378441,0
8027,7,Normal Activity,0,0.20583213865756989,0
8028,7,Normal Activity,0,0.28808778524398804,0
8029,7,Normal Activity,0,0.055838361382484436,0
8030,7,Normal Activity,0,0.117099329829216,0
8031,7,Normal Activity,0,0.23604317009449005,0
8032,7,Normal Activity,0,0.39227113127708435,0
8033,7,Normal Activity,0,0.1803051233291626,0
8034,7,Normal Activity,0,0.17826126515865326,0
8035,7,Normal Activity,0,0.06897535920143127,0
8036,7,Normal Activity,0,0.06711272150278091,0
8037,7,Normal Activity,0,0.6823717951774597,1
8038,7,Normal Activity,0,0.5875497460365295,1
8039,7,Normal Activity,0,0.3767954111099243,0
8040,7,Normal Activity,0,0.4814528524875641,0
8041,7,Normal Activity,0,0.3959418535232544,0
8042,7,Normal Activity,0,0.08563153445720673,0
8043,7,Normal Activity,0,0.044415682554244995,0
8044,7,Normal Activity,0,0.054722871631383896,0
8045,7,Normal Activity,0,0.03576146811246872,0
8046,7,Normal Activity,0,0.024730613455176353,0
8047,7,Normal Activity,0,0.03847544267773628,0
8048,7,Normal Activity,0,0.02502671256661415,0
8049,7,Normal Activity,0,0.01050347276031971,0
8050,7,Normal Activity,0,0.017866075038909912,0
8051,7,Normal Activity,0,0.01082677487283945,0
8052,7,Normal Activity,0,0.09593099355697632,0
8053,7,Normal Activity,0,0.08758365362882614,0
8054,7,Normal Activity,0,0.011418699286878109,0
8055,7,Normal Activity,0,0.007888770662248135,0
8056,7,Normal Activity,0,0.0883062407374382,0
8057,7,Normal Activity,0,0.007669623009860516,0
8058,7,Normal Activity,0,0.5051473379135132,1
8059,7,Normal Activity,0,0.11649363487958908,0
8060,7,Normal Activity,0,0.056377388536930084,0
8061,7,Normal Activity,0,0.006272407248616219,0
8062,7,Normal Activity,0,0.1804201304912567,0
8063,7,Normal Activity,0,0.09315185993909836,0
8064,7,Normal Activity,0,0.17530860006809235,0
8065,7,Normal Activity,0,0.3676990568637848,0
8066,7,Normal Activity,0,0.31708043813705444,0
8067,7,Normal Activity,0,0.8990347981452942,1
8068,7,Normal Activity,0,0.7047494053840637,1
8069,7,Normal Activity,0,0.20522712171077728,0
8070,7,Normal Activity,0,0.2999587655067444,0
8071,7,Normal Activity,0,0.7120779752731323,1
8072,7,Normal Activity,0,0.3644213080406189,0
8073,7,Normal Activity,0,0.05516102537512779,0
8074,7,Normal Activity,0,0.6978941559791565,1
8075,7,Normal Activity,0,0.6695544719696045,1
8076,7,Normal Activity,0,0.5456430315971375,1
8077,7,Normal Activity,0,0.10398823767900467,0
8078,7,Normal Activity,0,0.3500211238861084,0
8079,7,Normal Activity,0,0.018726950511336327,0
8080,7,Normal Activity,0,0.0325157567858696,0
8081,7,Normal Activity,0,0.01438126154243946,0
8082,7,Normal Activity,0,0.8316438794136047,1
8083,7,Normal Activity,0,0.40703314542770386,0
8084,7,Normal Activity,0,0.05217780917882919,0
8085,7,Normal Activity,0,0.010632649064064026,0
8086,7,Normal Activity,0,0.32331645488739014,0
8087,7,Normal Activity,0,0.028053782880306244,0
8088,7,Normal Activity,0,0.9712201356887817,1
8089,7,Normal Activity,0,0.7350655794143677,1
8090,7,Normal Activity,0,0.2967487871646881,0
8091,7,Normal Activity,0,0.5123028755187988,1
8092,7,Normal Activity,0,0.0641329288482666,0
8093,7,Normal Activity,0,0.3895221948623657,0
8094,7,Normal Activity,0,0.04521390423178673,0
8095,7,Normal Activity,0,0.03609238564968109,0
8096,7,Normal Activity,0,0.02190566621720791,0
8097,7,Normal Activity,0,0.0237338338047266,0
8098,7,Normal Activity,0,0.07582516223192215,0
8099,7,Normal Activity,0,0.017704907804727554,0
8100,7,Normal Activity,0,0.009105497971177101,0
8101,7,Normal Activity,0,0.5904063582420349,1
8102,7,Normal Activity,0,0.41751858592033386,0
8103,7,Normal Activity,0,0.10451966524124146,0
8104,7,Normal Activity,0,0.7561765313148499,1
8105,7,Normal Activity,0,0.4362369477748871,0
8106,7,Normal Activity,0,0.03616204857826233,0
8107,7,Normal Activity,0,0.03680407628417015,0
8108,7,Normal Activity,0,0.9179064035415649,1
8109,7,Normal Activity,0,0.4245651662349701,0
8110,7,Normal Activity,0,0.03550909832119942,0
8111,7,Normal Activity,0,0.07714612782001495,0
8112,7,Normal Activity,0,0.6977138519287109,1
8113,7,Normal Activity,0,0.5054246783256531,1
8114,7,Normal Activity,0,0.23033195734024048,0
8115,7,Normal Activity,0,0.09780967980623245,0
8116,7,Normal Activity,0,0.4348696768283844,0
8117,7,Normal Activity,0,0.1877189576625824,0
8118,7,Normal Activity,0,0.24285387992858887,0
8119,7,Normal Activity,0,0.9403707385063171,1
8120,7,Normal Activity,0,0.6858603954315186,1
8121,7,Normal Activity,0,0.1633118838071823,0
8122,7,Normal Activity,0,0.6696502566337585,1
8123,7,Normal Activity,0,0.9296478033065796,1
8124,7,Normal Activity,0,0.9111679196357727,1
8125,7,Normal Activity,0,0.6657835841178894,1
8126,7,Normal Activity,0,0.879585862159729,1
8127,7,Normal Activity,0,0.26325470209121704,0
8128,7,Normal Activity,0,0.418222576379776,0
8129,7,Normal Activity,0,0.08781792223453522,0
8130,7,Normal Activity,0,0.3814864456653595,0
8131,7,Normal Activity,0,0.20041689276695251,0
8132,7,Normal Activity,0,0.6465291976928711,1
8133,7,Normal Activity,0,0.5479466319084167,1
8134,7,Normal Activity,0,0.560180127620697,1
8135,7,Normal Activity,0,0.03979974240064621,0
8136,7,Normal Activity,0,0.2482145130634308,0
8137,7,Normal Activity,0,0.3101460039615631,0
8138,7,Normal Activity,0,0.0199553444981575,0
8139,7,Normal Activity,0,0.0735832154750824,0
8140,7,Normal Activity,0,0.04541439935564995,0
8141,7,Normal Activity,0,0.10596619546413422,0
8142,7,Normal Activity,0,0.39746206998825073,0
8143,7,Normal Activity,0,0.15199048817157745,0
8144,7,Normal Activity,0,0.3547399640083313,0
8145,7,Normal Activity,0,0.040172427892684937,0
8146,7,Normal Activity,0,0.34074655175209045,0
8147,7,Normal Activity,0,0.11230011284351349,0
8148,7,Normal Activity,0,0.5199918150901794,1
8149,7,Normal Activity,0,0.011724362149834633,0
8150,7,Normal Activity,0,0.4043516516685486,0
8151,7,Normal Activity,0,0.015837734565138817,0
8152,7,Normal Activity,0,0.16197487711906433,0
8153,7,Normal Activity,0,0.1688753068447113,0
8154,7,Normal Activity,0,0.03332352638244629,0
8155,7,Normal Activity,0,0.44333726167678833,0
8156,7,Normal Activity,0,0.8325592279434204,1
8157,7,Normal Activity,0,0.2695247232913971,0
8158,7,Normal Activity,0,0.15581569075584412,0
8159,7,Normal Activity,0,0.12465595453977585,0
8160,7,Normal Activity,0,0.635308563709259,1
8161,7,Normal Activity,0,0.26447242498397827,0
8162,7,Normal Activity,0,0.30540400743484497,0
8163,7,Normal Activity,0,0.7967811226844788,1
8164,7,Normal Activity,0,0.5335460305213928,1
8165,7,Normal Activity,0,0.40954944491386414,0
8166,7,Normal Activity,0,0.007370045408606529,0
8167,7,Normal Activity,0,0.006022228859364986,0
8168,7,Normal Activity,0,0.4049566686153412,0
8169,7,Normal Activity,0,0.012562476098537445,0
8170,7,Normal Activity,0,0.011103327386081219,0
8171,7,Normal Activity,0,0.5364621877670288,1
8172,7,Normal Activity,0,0.11303049325942993,0
8173,7,Normal Activity,0,0.015460257418453693,0
8174,7,Normal Activity,0,0.16487787663936615,0
8175,7,Normal Activity,0,0.023858150467276573,0
8176,7,Normal Activity,0,0.0075734700076282024,0
8177,7,Normal Activity,0,0.04363979771733284,0
8178,7,Normal Activity,0,0.014988220296800137,0
8179,7,Normal Activity,0,0.4936893880367279,0
8180,7,Normal Activity,0,0.5546296238899231,1
8181,7,Normal Activity,0,0.2463277280330658,0
8182,7,Normal Activity,0,0.02776469476521015,0
8183,7,Normal Activity,0,0.009859412908554077,0
8184,7,Normal Activity,0,0.12365656346082687,0
8185,7,Normal Activity,0,0.006990479771047831,0
8186,7,Normal Activity,0,0.07772649079561234,0
8187,7,Normal Activity,0,0.20984657108783722,0
8188,7,Normal Activity,0,0.7020205855369568,1
8189,7,Normal Activity,0,0.41487064957618713,0
8190,7,Normal Activity,0,0.14218458533287048,0
8191,7,Normal Activity,0,0.022669222205877304,0
8192,7,Normal Activity,0,0.10792841017246246,0
8193,7,Normal Activity,0,0.10280702263116837,0
8194,7,Normal Activity,0,0.244353249669075,0
8195,7,Normal Activity,0,0.19788244366645813,0
8196,7,Normal Activity,0,0.18699103593826294,0
8197,7,Normal Activity,0,0.7648746967315674,1
8198,7,Normal Activity,0,0.8778216242790222,1
8199,7,Normal Activity,0,0.4503801167011261,0
8200,7,Normal Activity,0,0.20697474479675293,0
8201,7,Normal Activity,0,0.08530423790216446,0
8202,7,Normal Activity,0,0.20010189712047577,0
8203,7,Normal Activity,0,0.011020220816135406,0
8204,7,Normal Activity,0,0.018868129700422287,0
8205,7,Normal Activity,0,0.07470518350601196,0
8206,7,Normal Activity,0,0.1721821427345276,0
8207,7,Normal Activity,0,0.37184014916419983,0
8208,7,Normal Activity,0,0.21289587020874023,0
8209,7,Normal Activity,0,0.05198759213089943,0
8210,7,Normal Activity,0,0.9307702779769897,1
8211,7,Normal Activity,0,0.24682976305484772,0
8212,7,Normal Activity,0,0.8860697746276855,1
8213,7,Normal Activity,0,0.677126944065094,1
8214,7,Normal Activity,0,0.6045207381248474,1
8215,7,Normal Activity,0,0.15425589680671692,0
8216,7,Normal Activity,0,0.14474548399448395,0
8217,7,Normal Activity,0,0.029134627431631088,0
8218,7,Normal Activity,0,0.15345555543899536,0
8219,7,Normal Activity,0,0.1934494823217392,0
8220,7,Normal Activity,0,0.778641939163208,1
8221,7,Normal Activity,0,0.907641589641571,1
8222,7,Normal Activity,0,0.26667261123657227,0
8223,7,Normal Activity,0,0.168217733502388,0
8224,7,Normal Activity,0,0.1313101053237915,0
8225,7,Normal Activity,0,0.055287811905145645,0
8226,7,Normal Activity,0,0.6992486715316772,1
8227,7,Normal Activity,0,0.35344213247299194,0
8228,7,Normal Activity,0,0.12414869666099548,0
8229,7,Normal Activity,0,0.05689019709825516,0
8230,7,Normal Activity,0,0.03630470857024193,0
8231,7,Normal Activity,0,0.278703510761261,0
8232,7,Normal Activity,0,0.4029698967933655,0
8233,7,Normal Activity,0,0.7406680583953857,1
8234,8,Normal Activity,0,0.061211515218019485,0
8235,8,Normal Activity,0,0.16371026635169983,0
8236,8,Normal Activity,0,0.04265253618359566,0
8237,8,Normal Activity,0,0.41617244482040405,0
8238,8,Normal Activity,0,0.4151156544685364,0
8239,8,Normal Activity,0,0.40186598896980286,0
8240,8,Normal Activity,0,0.09045467525720596,0
8241,8,Normal Activity,0,0.3897024095058441,0
8242,8,Normal Activity,0,0.1489705741405487,0
8243,8,Normal Activity,0,0.5067873597145081,1
8244,8,Normal Activity,0,0.05979401245713234,0
8245,8,Normal Activity,0,0.038062240928411484,0
8246,8,Normal Activity,0,0.045733291655778885,0
8247,8,Normal Activity,0,0.20905296504497528,0
8248,8,Normal Activity,0,0.03286361321806908,0
8249,8,Normal Activity,0,0.20019425451755524,0
8250,8,Normal Activity,0,0.03261406347155571,0
8251,8,Normal Activity,0,0.03517835587263107,0
8252,8,Normal Activity,0,0.2103184312582016,0
8253,8,Normal Activity,0,0.04833625629544258,0
8254,8,Normal Activity,0,0.024949584156274796,0
8255,8,Normal Activity,0,0.10246334224939346,0
8256,8,Normal Activity,0,0.03137091547250748,0
8257,8,Normal Activity,0,0.05942840874195099,0
8258,8,Normal Activity,0,0.18951432406902313,0
8259,8,Normal Activity,0,0.03099195286631584,0
8260,8,Normal Activity,0,0.021925611421465874,0
8261,8,Normal Activity,0,0.49207520484924316,0
8262,8,Normal Activity,0,0.11485695093870163,0
8263,8,Normal Activity,0,0.07008077204227448,0
8264,8,Normal Activity,0,0.139479860663414,0
8265,8,Normal Activity,0,0.1397552639245987,0
8266,8,Normal Activity,0,0.30463147163391113,0
8267,8,Normal Activity,0,0.07828022539615631,0
8268,8,Normal Activity,0,0.15926827490329742,0
8269,8,Normal Activity,0,0.0715620294213295,0
8270,8,Normal Activity,0,0.15674200654029846,0
8271,8,Normal Activity,0,0.01942448504269123,0
8272,8,Normal Activity,0,0.01344442367553711,0
8273,8,Normal Activity,0,0.6737549901008606,1
8274,8,Normal Activity,0,0.406637042760849,0
8275,8,Normal Activity,0,0.8263713717460632,1
8276,8,Normal Activity,0,0.14457064867019653,0
8277,8,Normal Activity,0,0.042304281145334244,0
8278,8,Normal Activity,0,0.02194982022047043,0
8279,8,Normal Activity,0,0.2327927052974701,0
8280,8,Normal Activity,0,0.2134638875722885,0
8281,8,Normal Activity,0,0.13187091052532196,0
8282,8,Normal Activity,0,0.4139191210269928,0
8283,8,Normal Activity,0,0.047460395842790604,0
8284,8,Normal Activity,0,0.034052155911922455,0
8285,8,Normal Activity,0,0.1303049474954605,0
8286,8,Normal Activity,0,0.04836244136095047,0
8287,8,Normal Activity,0,0.10405424982309341,0
8288,8,Normal Activity,0,0.39174163341522217,0
8289,8,Normal Activity,0,0.477308452129364,0
8290,8,Normal Activity,0,0.2712292969226837,0
8291,8,Normal Activity,0,0.35896387696266174,0
8292,8,Normal Activity,0,0.26458486914634705,0
8293,8,Normal Activity,0,0.41218411922454834,0
8294,8,Normal Activity,0,0.032144345343112946,0
8295,8,Normal Activity,0,0.2874950170516968,0
8296,8,Normal Activity,0,0.6481838226318359,1
8297,8,Normal Activity,0,0.33747753500938416,0
8298,8,Normal Activity,0,0.07859369367361069,0
8299,8,Normal Activity,0,0.06784579157829285,0
8300,8,Normal Activity,0,0.01261816918849945,0
8301,8,Normal Activity,0,0.25861185789108276,0
8302,8,Normal Activity,0,0.48432567715644836,0
8303,8,Normal Activity,0,0.19331328570842743,0
8304,8,Normal Activity,0,0.517788290977478,1
8305,8,Normal Activity,0,0.15739373862743378,0
8306,8,Normal Activity,0,0.015123815275728703,0
8307,8,Normal Activity,0,0.2129065841436386,0
8308,8,Normal Activity,0,0.16347520053386688,0
8309,8,Normal Activity,0,0.10194055736064911,0
8310,8,Normal Activity,0,0.5132870078086853,1
8311,8,Normal Activity,0,0.24197547137737274,0
8312,8,Normal Activity,0,0.1804220974445343,0
8313,8,Normal Activity,0,0.07100930064916611,0
8314,8,Normal Activity,0,0.4551180303096771,0
8315,8,Normal Activity,0,0.2526105046272278,0
8316,8,Normal Activity,0,0.0960327759385109,0
8317,8,Normal Activity,0,0.4125824272632599,0
8318,8,Normal Activity,0,0.7553442716598511,1
8319,8,Normal Activity,0,0.5114007592201233,1
8320,8,Normal Activity,0,0.4498499631881714,0
8321,8,Normal Activity,0,0.9615697860717773,1
8322,8,Normal Activity,0,0.0466717928647995,0
8323,8,Normal Activity,0,0.1018296629190445,0
8324,8,Normal Activity,0,0.026746271178126335,0
8325,8,Normal Activity,0,0.41787272691726685,0
8326,8,Normal Activity,0,0.6817238330841064,1
8327,8,Normal Activity,0,0.836506724357605,1
8328,8,Normal Activity,0,0.3111189901828766,0
8329,8,Normal Activity,0,0.6679020524024963,1
8330,8,Normal Activity,0,0.07094360142946243,0
8331,8,Normal Activity,0,0.2599232494831085,0
8332,8,Normal Activity,0,0.3807898163795471,0
8333,8,Normal Activity,0,0.3809622824192047,0
8334,8,Normal Activity,0,0.9087024927139282,1
8335,8,Normal Activity,0,0.10021770000457764,0
8336,8,Normal Activity,0,0.5138283967971802,1
8337,8,Normal Activity,0,0.53933185338974,1
8338,8,Normal Activity,0,0.2013651579618454,0
8339,8,Normal Activity,0,0.2067175656557083,0
8340,8,Normal Activity,0,0.4543791115283966,0
8341,8,Normal Activity,0,0.3320355713367462,0
8342,8,Normal Activity,0,0.5284908413887024,1
8343,8,Normal Activity,0,0.0820196270942688,0
8344,8,Normal Activity,0,0.11506273597478867,0
8345,8,Normal Activity,0,0.1583060473203659,0
8346,8,Normal Activity,0,0.07232337445020676,0
8347,8,Normal Activity,0,0.38383984565734863,0
8348,8,Normal Activity,0,0.5879168510437012,1
8349,8,Normal Activity,0,0.24508728086948395,0
8350,8,Normal Activity,0,0.10675607621669769,0
8351,8,Normal Activity,0,0.6663530468940735,1
8352,8,Normal Activity,0,0.7677457332611084,1
8353,8,Normal Activity,0,0.24264004826545715,0
8354,8,Normal Activity,0,0.33634424209594727,0
8355,8,Normal Activity,0,0.10819218307733536,0
8356,8,Normal Activity,0,0.17255502939224243,0
8357,8,Normal Activity,0,0.49654456973075867,0
8358,8,Normal Activity,0,0.6582878232002258,1
8359,8,Normal Activity,0,0.26547181606292725,0
8360,8,Normal Activity,0,0.7206096649169922,1
8361,8,Normal Activity,0,0.4927882254123688,0
8362,8,Normal Activity,0,0.48699840903282166,0
8363,8,Normal Activity,0,0.4356650114059448,0
8364,8,Normal Activity,0,0.887603759765625,1
8365,8,Normal Activity,0,0.09585178643465042,0
8366,8,Normal Activity,0,0.6753490567207336,1
8367,8,Normal Activity,0,0.4515925645828247,0
8368,8,Normal Activity,0,0.01470224466174841,0
8369,8,Normal Activity,0,0.0064224801026284695,0
8370,8,Normal Activity,0,0.010967720299959183,0
8371,8,Normal Activity,0,0.010502110235393047,0
8372,8,Normal Activity,0,0.02857576310634613,0
8373,8,Normal Activity,0,0.35246238112449646,0
8374,8,Normal Activity,0,0.09956265985965729,0
8375,8,Normal Activity,0,0.01700104959309101,0
8376,8,Normal Activity,0,0.06766598671674728,0
8377,8,Normal Activity,0,0.03246422857046127,0
8378,8,Normal Activity,0,0.036912210285663605,0
8379,8,Normal Activity,0,0.02326311357319355,0
8380,8,Normal Activity,0,0.03356754034757614,0
8381,8,Normal Activity,0,0.012332998216152191,0
8382,8,Normal Activity,0,0.07508505135774612,0
8383,8,Normal Activity,0,0.06457959115505219,0
8384,8,Normal Activity,0,0.039101649075746536,0
8385,8,Normal Activity,0,0.11234975606203079,0
8386,8,Normal Activity,0,0.1666150987148285,0
8387,8,Normal Activity,0,0.3966686725616455,0
8388,8,Normal Activity,0,0.05880337208509445,0
8389,8,Normal Activity,0,0.1741451621055603,0
8390,8,Normal Activity,0,0.19223284721374512,0
8391,8,Normal Activity,0,0.030250340700149536,0
8392,8,Normal Activity,0,0.11445500701665878,0
8393,8,Normal Activity,0,0.3117407560348511,0
8394,8,Normal Activity,0,0.12850001454353333,0
8395,8,Normal Activity,0,0.05072736740112305,0
8396,8,Normal Activity,0,0.15800046920776367,0
8397,8,Normal Activity,0,0.1300283521413803,0
8398,8,Normal Activity,0,0.22677159309387207,0
8399,8,Normal Activity,0,0.18750160932540894,0
8400,8,Normal Activity,0,0.18419909477233887,0
8401,8,Normal Activity,0,0.09467966109514236,0
8402,8,Normal Activity,0,0.15208503603935242,0
8403,8,Normal Activity,0,0.8348320722579956,1
8404,8,Normal Activity,0,0.3266388475894928,0
8405,8,Normal Activity,0,0.1100008562207222,0
8406,8,Normal Activity,0,0.3730306029319763,0
8407,8,Normal Activity,0,0.07817324250936508,0
8408,8,Normal Activity,0,0.045279648154973984,0
8409,8,Normal Activity,0,0.4314610958099365,0
8410,8,Normal Activity,0,0.037170857191085815,0
8411,8,Normal Activity,0,0.030438696965575218,0
8412,8,Normal Activity,0,0.10276620835065842,0
8413,8,Normal Activity,0,0.04374796524643898,0
8414,8,Normal Activity,0,0.0744331032037735,0
8415,8,Normal Activity,0,0.2186105102300644,0
8416,8,Normal Activity,0,0.3759446442127228,0
8417,8,Normal Activity,0,0.26120877265930176,0
8418,8,Normal Activity,0,0.7360553741455078,1
8419,8,Normal Activity,0,0.18356703221797943,0
8420,8,Normal Activity,0,0.0907079353928566,0
8421,8,Normal Activity,0,0.04130227863788605,0
8422,8,Normal Activity,0,0.04131229221820831,0
8423,8,Normal Activity,0,0.17740654945373535,0
8424,8,Normal Activity,0,0.1465354710817337,0
8425,8,Normal Activity,0,0.05348442867398262,0
8426,8,Normal Activity,0,0.030604341998696327,0
8427,8,Normal Activity,0,0.3396594822406769,0
8428,8,Normal Activity,0,0.25321534276008606,0
8429,8,Normal Activity,0,0.13730251789093018,0
8430,8,Normal Activity,0,0.23209364712238312,0
8431,8,Normal Activity,0,0.5019897222518921,1
8432,8,Normal Activity,0,0.3720143437385559,0
8433,8,Normal Activity,0,0.6835286021232605,1
8434,8,Normal Activity,0,0.0693553239107132,0
8435,8,Normal Activity,0,0.02204742282629013,0
8436,8,Normal Activity,0,0.41706693172454834,0
8437,8,Normal Activity,0,0.06224731728434563,0
8438,8,Normal Activity,0,0.037650320678949356,0
8439,8,Normal Activity,0,0.09477110952138901,0
8440,8,Normal Activity,0,0.012762827798724174,0
8441,8,Normal Activity,0,0.07656825333833694,0
8442,8,Normal Activity,0,0.4938344657421112,0
8443,8,Normal Activity,0,0.08667663484811783,0
8444,8,Normal Activity,0,0.41029149293899536,0
8445,8,Normal Activity,0,0.32123908400535583,0
8446,8,Normal Activity,0,0.14052525162696838,0
8447,8,Normal Activity,0,0.8377785682678223,1
8448,8,Normal Activity,0,0.6596236228942871,1
8449,8,Normal Activity,0,0.8534623384475708,1
8450,8,Normal Activity,0,0.23400655388832092,0
8451,8,Normal Activity,0,0.2357899397611618,0
8452,8,Normal Activity,0,0.8414486646652222,1
8453,8,Normal Activity,0,0.14527545869350433,0
8454,8,Normal Activity,0,0.06400951743125916,0
8455,8,Normal Activity,0,0.9215087294578552,1
8456,8,Normal Activity,0,0.8997939229011536,1
8457,8,Normal Activity,0,0.33661195635795593,0
8458,8,Normal Activity,0,0.5407600402832031,1
8459,8,Normal Activity,0,0.3076827824115753,0
8460,8,Normal Activity,0,0.07324648648500443,0
8461,8,Normal Activity,0,0.7277697324752808,1
8462,8,Normal Activity,0,0.3146650791168213,0
8463,8,Normal Activity,0,0.2987423539161682,0
8464,8,Normal Activity,0,0.6258285045623779,1
8465,8,Normal Activity,0,0.5186629891395569,1
8466,8,Normal Activity,0,0.8170297741889954,1
8467,8,Normal Activity,0,0.724708616733551,1
8468,8,Normal Activity,0,0.9518424868583679,1
8469,8,Normal Activity,0,0.6317412853240967,1
8470,8,Normal Activity,0,0.6467279195785522,1
8471,8,Normal Activity,0,0.714431643486023,1
8472,8,Normal Activity,0,0.29207852482795715,0
8473,8,Normal Activity,0,0.2650536298751831,0
8474,8,Normal Activity,0,0.42475491762161255,0
8475,8,Normal Activity,0,0.4800751805305481,0
8476,8,Normal Activity,0,0.29955795407295227,0
8477,8,Normal Activity,0,0.7621882557868958,1
8478,8,Normal Activity,0,0.9442788362503052,1
8479,8,Normal Activity,0,0.1900247186422348,0
8480,8,Normal Activity,0,0.3281017541885376,0
8481,8,Normal Activity,0,0.0470237098634243,0
8482,8,Normal Activity,0,0.36719924211502075,0
8483,8,Normal Activity,0,0.42720118165016174,0
8484,8,Normal Activity,0,0.4285356104373932,0
8485,8,Normal Activity,0,0.9502332806587219,1
8486,8,Normal Activity,0,0.9451157450675964,1
8487,8,Normal Activity,0,0.458756685256958,0
8488,8,Normal Activity,0,0.1286270022392273,0
8489,8,Normal Activity,0,0.608345091342926,1
8490,8,Normal Activity,0,0.5387206673622131,1
8491,8,Normal Activity,0,0.29728659987449646,0
8492,8,Normal Activity,0,0.24498918652534485,0
8493,8,Normal Activity,0,0.3935786485671997,0
8494,8,Normal Activity,0,0.10459864884614944,0
8495,8,Normal Activity,0,0.44523224234580994,0
8496,8,Normal Activity,0,0.604611337184906,1
8497,9,Normal Activity,0,0.17282940447330475,0
8498,9,Normal Activity,0,0.030066970735788345,0
8499,9,Normal Activity,0,0.45384421944618225,0
8500,9,Normal Activity,0,0.9898461699485779,1
8501,9,Normal Activity,0,0.5476809144020081,1
8502,9,Normal Activity,0,0.019373755902051926,0
8503,9,Normal Activity,0,0.41365569829940796,0
8504,9,Normal Activity,0,0.9051641821861267,1
8505,9,Normal Activity,0,0.9922999143600464,1
8506,9,Normal Activity,0,0.15113869309425354,0
8507,9,Normal Activity,0,0.1110229566693306,0
8508,9,Normal Activity,0,0.7572226524353027,1
8509,9,Normal Activity,0,0.9872496724128723,1
8510,9,Normal Activity,0,0.9883848428726196,1
8511,9,Normal Activity,0,0.10158789902925491,0
8512,9,Normal Activity,0,0.7844060659408569,1
8513,9,Normal Activity,0,0.4282221794128418,0
8514,9,Normal Activity,0,0.8645634651184082,1
8515,9,Normal Activity,0,0.662280797958374,1
8516,9,Normal Activity,0,0.7690890431404114,1
8517,9,Normal Activity,0,0.1964416354894638,0
8518,9,Normal Activity,0,0.2604745030403137,0
8519,9,Normal Activity,0,0.42425358295440674,0
8520,9,Normal Activity,0,0.20702621340751648,0
8521,9,Normal Activity,0,0.11042260378599167,0
8522,9,Normal Activity,0,0.060022078454494476,0
8523,9,Normal Activity,0,0.9037339687347412,1
8524,9,Normal Activity,0,0.09718214720487595,0
8525,9,Normal Activity,0,0.016193412244319916,0
8526,9,Normal Activity,0,0.06156681850552559,0
8527,9,Normal Activity,0,0.8993014097213745,1
8528,9,Normal Activity,0,0.32751983404159546,0
8529,9,Normal Activity,0,0.29635849595069885,0
8530,9,Normal Activity,0,0.3938756287097931,0
8531,9,Normal Activity,0,0.9496059417724609,1
8532,9,Normal Activity,0,0.08704139292240143,0
8533,9,Normal Activity,0,0.2628077566623688,0
8534,9,Normal Activity,0,0.3436940312385559,0
8535,9,Normal Activity,0,0.22677263617515564,0
8536,9,Normal Activity,0,0.36205026507377625,0
8537,9,Normal Activity,0,0.5192386507987976,1
8538,10,Normal Activity,0,0.046326134353876114,0
8539,10,Normal Activity,0,0.011356867849826813,0
8540,10,Normal Activity,0,0.008856232278048992,0
8541,10,Normal Activity,0,0.11068301647901535,0
8542,10,Normal Activity,0,0.05095871165394783,0
8543,10,Normal Activity,0,0.052977804094552994,0
8544,10,Normal Activity,0,0.582751452922821,1
8545,10,Normal Activity,0,0.03995692729949951,0
8546,10,Normal Activity,0,0.049818504601716995,0
8547,10,Normal Activity,0,0.05039851740002632,0
8548,10,Normal Activity,0,0.02013303153216839,0
8549,10,Normal Activity,0,0.9585306644439697,1
8550,10,Normal Activity,0,0.8519907593727112,1
8551,10,Normal Activity,0,0.023806488141417503,0
8552,10,Normal Activity,0,0.019666722044348717,0
8553,10,Normal Activity,0,0.04664507880806923,0
8554,10,Normal Activity,0,0.013852140866219997,0
8555,10,Normal Activity,0,0.013162394985556602,0
8556,10,Normal Activity,0,0.04964403435587883,0
8557,10,Normal Activity,0,0.009715988300740719,0
8558,10,Normal Activity,0,0.013376905582845211,0
8559,10,Normal Activity,0,0.08672674000263214,0
8560,10,Normal Activity,0,0.7673704028129578,1
8561,10,Normal Activity,0,0.3273371160030365,0
8562,10,Normal Activity,0,0.1570265144109726,0
8563,10,Normal Activity,0,0.017328498885035515,0
8564,10,Normal Activity,0,0.0609046146273613,0
8565,10,Normal Activity,0,0.007863515056669712,0
8566,10,Normal Activity,0,0.017958959564566612,0
8567,10,Normal Activity,0,0.0403437502682209,0
8589,12,Normal Activity,0,0.8230446577072144,1
8590,12,Normal Activity,0,0.5935130715370178,1
8591,12,Normal Activity,0,0.06277929246425629,0
8592,12,Normal Activity,0,0.02967621386051178,0
8593,12,Normal Activity,0,0.7616644501686096,1
8594,12,Normal Activity,0,0.03912254422903061,0
8595,12,Normal Activity,0,0.01891910284757614,0
8596,12,Normal Activity,0,0.06706708669662476,0
8597,12,Normal Activity,0,0.6252484917640686,1
8598,12,Normal Activity,0,0.4190141558647156,0
8599,12,Normal Activity,0,0.008925963193178177,0
8600,12,Normal Activity,0,0.009147869423031807,0
8601,12,Normal Activity,0,0.03238930553197861,0
8602,12,Normal Activity,0,0.06204243749380112,0
8603,12,Normal Activity,0,0.01766909472644329,0
8604,12,Normal Activity,0,0.33053988218307495,0
8605,12,Normal Activity,0,0.18889671564102173,0
8606,12,Normal Activity,0,0.040292900055646896,0
8607,12,Normal Activity,0,0.055797211825847626,0
8608,12,Normal Activity,0,0.11623593419790268,0
8609,12,Normal Activity,0,0.04048914462327957,0
8610,13,Normal Activity,0,0.044957444071769714,0
8611,13,Normal Activity,0,0.006532279774546623,0
8612,13,Normal Activity,0,0.008052018471062183,0
8613,13,Normal Activity,0,0.07940211892127991,0
8614,13,Normal Activity,0,0.023106679320335388,0
8615,13,Normal Activity,0,0.03013542853295803,0
8616,13,Normal Activity,0,0.32208406925201416,0
8617,13,Normal Activity,0,0.023462820798158646,0
8618,13,Normal Activity,0,0.010790943168103695,0
8619,13,Normal Activity,0,0.02259775623679161,0
8620,13,Normal Activity,0,0.01913965679705143,0
8621,13,Normal Activity,0,0.008553565479815006,0
8622,13,Normal Activity,0,0.42791545391082764,0
8623,13,Normal Activity,0,0.1257237195968628,0
8624,13,Normal Activity,0,0.06778619438409805,0
8625,13,Normal Activity,0,0.1409178078174591,0
8626,13,Normal Activity,0,0.023800194263458252,0
8627,13,Normal Activity,0,0.00946790724992752,0
8628,13,Normal Activity,0,0.0283526498824358,0
8629,13,Normal Activity,0,0.009245150722563267,0
8630,13,Normal Activity,0,0.6172825694084167,1
8631,13,Normal Activity,0,0.1802247315645218,0
8632,13,Normal Activity,0,0.03812200203537941,0
8633,13,Normal Activity,0,0.017751209437847137,0
8634,13,Normal Activity,0,0.07465914636850357,0
8635,13,Normal Activity,0,0.060363586992025375,0
8636,13,Normal Activity,0,0.03166348114609718,0
8637,13,Normal Activity,0,0.012521320953965187,0
8638,13,Normal Activity,0,0.021817190572619438,0
8639,13,Normal Activity,0,0.029041465371847153,0
8640,13,Normal Activity,0,0.01963125728070736,0
8641,13,Normal Activity,0,0.01757282391190529,0
8642,13,Normal Activity,0,0.005267384462058544,0
8643,13,Normal Activity,0,0.02923269383609295,0
8644,13,Normal Activity,0,0.006204555276781321,0
8645,13,Normal Activity,0,0.37853631377220154,0
8646,13,Normal Activity,0,0.10482007265090942,0
8647,13,Normal Activity,0,0.0514831468462944,0
8648,13,Normal Activity,0,0.029553638771176338,0
8649,13,Normal Activity,0,0.0814254954457283,0
8650,13,Normal Activity,0,0.047348327934741974,0
8651,13,Normal Activity,0,0.21796593070030212,0
8652,13,Normal Activity,0,0.41434478759765625,0
8653,14,Normal Activity,0,0.06867997348308563,0
8654,14,Normal Activity,0,0.015227056108415127,0
8655,14,Normal Activity,0,0.025916608050465584,0
8656,14,Normal Activity,0,0.019293198361992836,0
8657,14,Normal Activity,0,0.00815699715167284,0
8658,14,Normal Activity,0,0.015766866505146027,0
8659,14,Normal Activity,0,0.03877726569771767,0
8660,14,Normal Activity,0,0.024931499734520912,0
8661,14,Normal Activity,0,0.022796006873250008,0
8662,14,Normal Activity,0,0.02607015147805214,0
8663,14,Normal Activity,0,0.012558525428175926,0
8664,14,Normal Activity,0,0.02464730478823185,0
8665,14,Normal Activity,0,0.02939789555966854,0
8666,14,Normal Activity,0,0.02954098954796791,0
8667,14,Normal Activity,0,0.03876844421029091,0
8668,14,Normal Activity,0,0.04127062112092972,0
8669,14,Normal Activity,0,0.009977237321436405,0
8670,14,Normal Activity,0,0.06142847612500191,0
8671,15,Normal Activity,0,0.1530224084854126,0
8672,15,Normal Activity,0,0.047258805483579636,0
8673,15,Normal Activity,0,0.03726549074053764,0
8674,15,Normal Activity,0,0.09225834161043167,0
8675,15,Normal Activity,0,0.10226442664861679,0
8676,15,Normal Activity,0,0.05849141255021095,0
8677,15,Normal Activity,0,0.12325756251811981,0
8678,15,Normal Activity,0,0.061468079686164856,0
8679,15,Normal Activity,0,0.04177675396203995,0
8680,15,Normal Activity,0,0.0797201618552208,0
8681,15,Normal Activity,0,0.02284523844718933,0
8682,15,Normal Activity,0,0.41336876153945923,0
8683,15,Normal Activity,0,0.2316003143787384,0
8684,15,Normal Activity,0,0.17708538472652435,0
8685,15,Normal Activity,0,0.03067517839372158,0
8686,15,Normal Activity,0,0.12886512279510498,0
8687,15,Normal Activity,0,0.05015033856034279,0
8688,15,Normal Activity,0,0.7304331064224243,1
8689,15,Normal Activity,0,0.26513001322746277,0
8690,15,Normal Activity,0,0.2312619984149933,0
8691,15,Normal Activity,0,0.6317113041877747,1
8692,15,Normal Activity,0,0.2263922542333603,0
8693,15,Normal Activity,0,0.03445768356323242,0
8694,15,Normal Activity,0,0.02679499052464962,0
8695,15,Normal Activity,0,0.06979747861623764,0
8696,15,Normal Activity,0,0.4417620003223419,0
8697,15,Normal Activity,0,0.1576407253742218,0
8698,15,Normal Activity,0,0.2232426255941391,0
8699,15,Normal Activity,0,0.11794943362474442,0
8700,15,Normal Activity,0,0.07554733753204346,0
8701,15,Normal Activity,0,0.1505836546421051,0
8702,15,Normal Activity,0,0.02154182456433773,0
8703,15,Normal Activity,0,0.011881117708981037,0
8704,15,Normal Activity,0,0.5826165080070496,1
8705,15,Normal Activity,0,0.020446963608264923,0
8706,15,Normal Activity,0,0.15541398525238037,0
8707,15,Normal Activity,0,0.1295715570449829,0
8708,15,Normal Activity,0,0.2964235842227936,0
8709,15,Normal Activity,0,0.06377770751714706,0
8710,15,Normal Activity,0,0.08977407962083817,0
8711,15,Normal Activity,0,0.6231284141540527,1
8712,15,Normal Activity,0,0.03557856008410454,0
8713,15,Normal Activity,0,0.1846386194229126,0
8714,15,Normal Activity,0,0.05183740332722664,0
8715,15,Normal Activity,0,0.07849561423063278,0
8716,15,Normal Activity,0,0.01914115622639656,0
8717,15,Normal Activity,0,0.07929522544145584,0
8718,15,Normal Activity,0,0.020024649798870087,0
8719,15,Normal Activity,0,0.021304838359355927,0
8720,15,Normal Activity,0,0.015094056725502014,0
8721,15,Normal Activity,0,0.02436489798128605,0
8722,15,Normal Activity,0,0.16009555757045746,0
8723,15,Normal Activity,0,0.5146586894989014,1
8724,15,Normal Activity,0,0.44069287180900574,0
8725,15,Normal Activity,0,0.017664369195699692,0
8726,15,Normal Activity,0,0.029376642778515816,0
8727,15,Normal Activity,0,0.11229110509157181,0
8728,15,Normal Activity,0,0.03631455451250076,0
8729,15,Normal Activity,0,0.5971917510032654,1
8730,15,Normal Activity,0,0.13624991476535797,0
8731,15,Normal Activity,0,0.278088241815567,0
8732,15,Normal Activity,0,0.9195181727409363,1
8733,15,Normal Activity,0,0.011367415077984333,0
8734,15,Normal Activity,0,0.047238174825906754,0
8735,15,Normal Activity,0,0.7092844247817993,1
8736,15,Normal Activity,0,0.0779089406132698,0
8737,15,Normal Activity,0,0.6012403964996338,1
8738,15,Normal Activity,0,0.05433179438114166,0
8739,15,Normal Activity,0,0.5223120450973511,1
8740,15,Normal Activity,0,0.8255013823509216,1
8741,15,Normal Activity,0,0.28104740381240845,0
8742,15,Normal Activity,0,0.254966139793396,0
8743,15,Normal Activity,0,0.2517901360988617,0
8744,15,Normal Activity,0,0.20210908353328705,0
8745,15,Normal Activity,0,0.1919018179178238,0
8746,15,Normal Activity,0,0.8711191415786743,1
8747,15,Normal Activity,0,0.4023931622505188,0
8748,15,Normal Activity,0,0.15344993770122528,0
8749,15,Normal Activity,0,0.10918392241001129,0
8750,15,Normal Activity,0,0.24529045820236206,0
8751,15,Normal Activity,0,0.649528980255127,1
8752,15,Normal Activity,0,0.8514165282249451,1
8753,15,Normal Activity,0,0.29980015754699707,0
8754,15,Normal Activity,0,0.3510780334472656,0
8755,15,Normal Activity,0,0.061425935477018356,0
8756,15,Normal Activity,0,0.5998791456222534,1
8757,15,Normal Activity,0,0.29961180686950684,0
8758,15,Normal Activity,0,0.12088632583618164,0
8759,15,Normal Activity,0,0.042614467442035675,0
8760,15,Normal Activity,0,0.1781703233718872,0
8761,15,Normal Activity,0,0.011028341017663479,0
8762,15,Normal Activity,0,0.009733254089951515,0
8763,15,Normal Activity,0,0.47357237339019775,0
8764,15,Normal Activity,0,0.022456729784607887,0
8765,15,Normal Activity,0,0.04684014618396759,0
8766,15,Normal Activity,0,0.5247515439987183,1
8767,15,Normal Activity,0,0.47343847155570984,0
8768,15,Normal Activity,0,0.8183174133300781,1
8769,15,Normal Activity,0,0.38039329648017883,0
8770,15,Normal Activity,0,0.05223684012889862,0
8771,15,Normal Activity,0,0.5797274112701416,1
8772,15,Normal Activity,0,0.06129496172070503,0
8773,15,Normal Activity,0,0.021250426769256592,0
8774,15,Normal Activity,0,0.2531796097755432,0
8775,15,Normal Activity,0,0.14318186044692993,0
8776,15,Normal Activity,0,0.4739367365837097,0
8777,15,Normal Activity,0,0.10474854707717896,0
8778,15,Normal Activity,0,0.22119615972042084,0
8779,15,Normal Activity,0,0.4505106806755066,0
8780,15,Normal Activity,0,0.4996468424797058,0
8781,15,Normal Activity,0,0.28605616092681885,0
8782,15,Normal Activity,0,0.4734020233154297,0
8783,15,Normal Activity,0,0.07879631966352463,0
8784,15,Normal Activity,0,0.034767381846904755,0
8785,15,Normal Activity,0,0.0717330127954483,0
8786,15,Normal Activity,0,0.037189412862062454,0
8787,15,Normal Activity,0,0.02551366202533245,0
8788,15,Normal Activity,0,0.0638713538646698,0
8789,15,Normal Activity,0,0.455112487077713,0
8790,15,Normal Activity,0,0.5918198823928833,1
8791,15,Normal Activity,0,0.07106513530015945,0
8792,15,Normal Activity,0,0.05133797228336334,0
8793,15,Normal Activity,0,0.066034235060215,0
8794,15,Normal Activity,0,0.013779868371784687,0
8795,15,Normal Activity,0,0.22821666300296783,0
8796,15,Normal Activity,0,0.1268143206834793,0
8797,15,Normal Activity,0,0.07958198338747025,0
8798,15,Normal Activity,0,0.0482470840215683,0
8799,15,Normal Activity,0,0.19991983473300934,0
8800,15,Normal Activity,0,0.43950486183166504,0
8801,15,Normal Activity,0,0.41642025113105774,0
8802,15,Normal Activity,0,0.09024592489004135,0
8803,15,Normal Activity,0,0.04371475800871849,0
8804,15,Normal Activity,0,0.010400567203760147,0
8805,15,Normal Activity,0,0.5607995390892029,1
8806,15,Normal Activity,0,0.3018264174461365,0
8807,15,Normal Activity,0,0.41691482067108154,0
8808,15,Normal Activity,0,0.014331289567053318,0
8809,15,Normal Activity,0,0.027385147288441658,0
8810,15,Normal Activity,0,0.6007772088050842,1
8811,15,Normal Activity,0,0.45505398511886597,0
8812,15,Normal Activity,0,0.6494923233985901,1
8813,15,Normal Activity,0,0.2371690571308136,0
8814,15,Normal Activity,0,0.02623027190566063,0
8815,15,Normal Activity,0,0.04728914052248001,0
8816,15,Normal Activity,0,0.19200026988983154,0
8817,15,Normal Activity,0,0.20104017853736877,0
8818,15,Normal Activity,0,0.6383856534957886,1
8819,15,Normal Activity,0,0.06474042683839798,0
8820,15,Normal Activity,0,0.2586744427680969,0
8821,15,Normal Activity,0,0.2777988910675049,0
8822,15,Normal Activity,0,0.18207406997680664,0
8823,15,Normal Activity,0,0.021369315683841705,0
8824,15,Normal Activity,0,0.15049366652965546,0
8825,15,Normal Activity,0,0.07430290430784225,0
8826,15,Normal Activity,0,0.01546455454081297,0
8827,15,Normal Activity,0,0.327992707490921,0
8828,15,Normal Activity,0,0.7344809174537659,1
8829,15,Normal Activity,0,0.5790849924087524,1
8830,15,Normal Activity,0,0.8972873091697693,1
8831,15,Normal Activity,0,0.649609386920929,1
8832,15,Normal Activity,0,0.6386492252349854,1
8833,15,Normal Activity,0,0.6116127967834473,1
8834,15,Normal Activity,0,0.6331086158752441,1
8835,15,Normal Activity,0,0.8121711015701294,1
8836,15,Normal Activity,0,0.3107743561267853,0
8837,15,Normal Activity,0,0.048078861087560654,0
8838,15,Normal Activity,0,0.3015664517879486,0
8839,16,Normal Activity,0,0.11599037051200867,0
8840,16,Normal Activity,0,0.13997997343540192,0
8841,16,Normal Activity,0,0.054754868149757385,0
8842,16,Normal Activity,0,0.38255852460861206,0
8843,16,Normal Activity,0,0.6430830359458923,1
8844,16,Normal Activity,0,0.3164660930633545,0
8845,16,Normal Activity,0,0.07433114945888519,0
8846,16,Normal Activity,0,0.00957516860216856,0
8847,16,Normal Activity,0,0.009948383085429668,0
8848,16,Normal Activity,0,0.07246040552854538,0
8849,16,Normal Activity,0,0.138408824801445,0
8850,16,Normal Activity,0,0.09499997645616531,0
8851,16,Normal Activity,0,0.048941295593976974,0
8852,16,Normal Activity,0,0.021905114874243736,0
8853,16,Normal Activity,0,0.09293091297149658,0
8854,16,Normal Activity,0,0.13064129650592804,0
8855,16,Normal Activity,0,0.22472156584262848,0
8856,16,Normal Activity,0,0.14674590528011322,0
8857,16,Normal Activity,0,0.14024582505226135,0
8858,16,Normal Activity,0,0.8953529000282288,1
8859,16,Normal Activity,0,0.08113449811935425,0
8860,16,Normal Activity,0,0.2596798837184906,0
8861,16,Normal Activity,0,0.6485245823860168,1
8862,16,Normal Activity,0,0.4240739345550537,0
8863,16,Normal Activity,0,0.982306182384491,1
8864,16,Normal Activity,0,0.06737130135297775,0
8865,16,Normal Activity,0,0.3679310977458954,0
8866,16,Normal Activity,0,0.1595553457736969,0
8867,16,Normal Activity,0,0.03436421975493431,0
8868,16,Normal Activity,0,0.758093535900116,1
8869,16,Normal Activity,0,0.054024677723646164,0
8870,16,Normal Activity,0,0.12155809998512268,0
8871,16,Normal Activity,0,0.16013368964195251,0
8872,16,Normal Activity,0,0.2393764853477478,0
8873,16,Normal Activity,0,0.1633414924144745,0
8874,16,Normal Activity,0,0.25865206122398376,0
8875,16,Normal Activity,0,0.22622372210025787,0
8876,16,Normal Activity,0,0.4681464731693268,0
8877,16,Normal Activity,0,0.4500389099121094,0
8878,16,Normal Activity,0,0.26480361819267273,0
8879,16,Normal Activity,0,0.0803205668926239,0
8880,16,Normal Activity,0,0.12618380784988403,0
8881,16,Normal Activity,0,0.13752639293670654,0
8882,16,Normal Activity,0,0.03830849751830101,0
8883,16,Normal Activity,0,0.42924296855926514,0
8884,16,Normal Activity,0,0.11946305632591248,0
8885,16,Normal Activity,0,0.02949613146483898,0
8886,16,Normal Activity,0,0.4586091935634613,0
8887,16,Normal Activity,0,0.11812598258256912,0
8888,16,Normal Activity,0,0.05206321179866791,0
8889,16,Normal Activity,0,0.3044988512992859,0
8890,16,Normal Activity,0,0.06849167495965958,0
8891,16,Normal Activity,0,0.4897240102291107,0
8892,16,Normal Activity,0,0.9402856230735779,1
8893,16,Normal Activity,0,0.03761705011129379,0
8894,16,Normal Activity,0,0.06847117841243744,0
8895,16,Normal Activity,0,0.4141111373901367,0
8896,16,Normal Activity,0,0.021087493747472763,0
8897,16,Normal Activity,0,0.01062712725251913,0
8898,16,Normal Activity,0,0.3931686282157898,0
8899,16,Normal Activity,0,0.3566536009311676,0
8900,16,Normal Activity,0,0.07612618803977966,0
8901,16,Normal Activity,0,0.026561804115772247,0
8902,16,Normal Activity,0,0.11469326913356781,0
8903,16,Normal Activity,0,0.041975464671850204,0
8904,16,Normal Activity,0,0.034441281110048294,0
8905,16,Normal Activity,0,0.47779083251953125,0
8906,16,Normal Activity,0,0.2791255712509155,0
8907,16,Normal Activity,0,0.19427457451820374,0
8908,16,Normal Activity,0,0.31203144788742065,0
8909,16,Normal Activity,0,0.4578065872192383,0
8910,16,Normal Activity,0,0.07363901287317276,0
8911,16,Normal Activity,0,0.017359811812639236,0
8912,16,Normal Activity,0,0.007051959168165922,0
8913,16,Normal Activity,0,0.5001983642578125,1
8914,16,Normal Activity,0,0.05933966487646103,0
8915,16,Normal Activity,0,0.021595409139990807,0
8916,16,Normal Activity,0,0.1425643265247345,0
8917,16,Normal Activity,0,0.05822889879345894,0
8918,16,Normal Activity,0,0.10379663109779358,0
8919,16,Normal Activity,0,0.019465778023004532,0
8920,16,Normal Activity,0,0.18169422447681427,0
8921,16,Normal Activity,0,0.03236941993236542,0
8922,16,Normal Activity,0,0.1858951598405838,0
8923,16,Normal Activity,0,0.23455798625946045,0
8924,16,Normal Activity,0,0.07851456850767136,0
8925,16,Normal Activity,0,0.022729288786649704,0
8926,16,Normal Activity,0,0.1127995103597641,0
8927,16,Normal Activity,0,0.16923753917217255,0
8928,16,Normal Activity,0,0.1322402060031891,0
8929,16,Normal Activity,0,0.23434127867221832,0
8930,16,Normal Activity,0,0.09080388396978378,0
8931,16,Normal Activity,0,0.040893781930208206,0
8932,16,Normal Activity,0,0.039029814302921295,0
8933,16,Normal Activity,0,0.015946973115205765,0
8934,16,Normal Activity,0,0.006005502305924892,0
8935,16,Normal Activity,0,0.10913567245006561,0
8936,16,Normal Activity,0,0.02736986242234707,0
8937,16,Normal Activity,0,0.01636401191353798,0
8938,16,Normal Activity,0,0.04654119163751602,0
8939,16,Normal Activity,0,0.034627996385097504,0
8940,16,Normal Activity,0,0.044103916734457016,0
8941,16,Normal Activity,0,0.03466024249792099,0
8942,16,Normal Activity,0,0.4584413170814514,0
8943,16,Normal Activity,0,0.19699516892433167,0
8944,16,Normal Activity,0,0.058699797838926315,0
8945,16,Normal Activity,0,0.26565423607826233,0
8946,16,Normal Activity,0,0.23277617990970612,0
8947,16,Normal Activity,0,0.054290059953927994,0
8948,16,Normal Activity,0,0.09637285023927689,0
8949,16,Normal Activity,0,0.1612391471862793,0
8950,16,Normal Activity,0,0.1730751097202301,0
8951,16,Normal Activity,0,0.08795797824859619,0
8952,16,Normal Activity,0,0.4130183458328247,0
8953,16,Normal Activity,0,0.1427060216665268,0
8954,16,Normal Activity,0,0.13120613992214203,0
8955,16,Normal Activity,0,0.10023047029972076,0
8956,16,Normal Activity,0,0.5704575777053833,1
8957,16,Normal Activity,0,0.44210097193717957,0
8958,16,Normal Activity,0,0.062381330877542496,0
8959,16,Normal Activity,0,0.2681126296520233,0
8960,16,Normal Activity,0,0.48168739676475525,0
8961,16,Normal Activity,0,0.09293300658464432,0
8962,16,Normal Activity,0,0.06481140106916428,0
8963,16,Normal Activity,0,0.3643903136253357,0
8964,16,Normal Activity,0,0.3892950713634491,0
8965,16,Normal Activity,0,0.2915843427181244,0
8966,16,Normal Activity,0,0.8750582933425903,1
8967,16,Normal Activity,0,0.7415191531181335,1
8968,16,Normal Activity,0,0.5420345067977905,1
8969,16,Normal Activity,0,0.6306288242340088,1
8970,16,Normal Activity,0,0.19554881751537323,0
8971,16,Normal Activity,0,0.12203449010848999,0
8972,16,Normal Activity,0,0.039990998804569244,0
8973,16,Normal Activity,0,0.0612168163061142,0
8974,16,Normal Activity,0,0.01684516668319702,0
8975,16,Normal Activity,0,0.012746550142765045,0
8976,16,Normal Activity,0,0.804709255695343,1
8977,16,Normal Activity,0,0.01391332596540451,0
8978,16,Normal Activity,0,0.015618431381881237,0
8979,16,Normal Activity,0,0.6581709384918213,1
8980,16,Normal Activity,0,0.11579775810241699,0
8981,16,Normal Activity,0,0.03822945058345795,0
8982,16,Normal Activity,0,0.8290913105010986,1
8983,16,Normal Activity,0,0.4868737459182739,0
8984,16,Normal Activity,0,0.30083316564559937,0
8985,16,Normal Activity,0,0.1492331475019455,0
8986,16,Normal Activity,0,0.3955506980419159,0
8987,16,Normal Activity,0,0.020835772156715393,0
8988,16,Normal Activity,0,0.014933330938220024,0
8989,16,Normal Activity,0,0.7263795137405396,1
8990,16,Normal Activity,0,0.665050745010376,1
8991,16,Normal Activity,0,0.3634662628173828,0
8992,16,Normal Activity,0,0.02171465754508972,0
8993,16,Normal Activity,0,0.034017495810985565,0
8994,16,Normal Activity,0,0.024210458621382713,0
8995,16,Normal Activity,0,0.0319756418466568,0
8996,16,Normal Activity,0,0.04073888808488846,0
8997,16,Normal Activity,0,0.011992374435067177,0
8998,16,Normal Activity,0,0.2719702124595642,0
8999,16,Normal Activity,0,0.19731520116329193,0
9000,16,Normal Activity,0,0.20107531547546387,0
9001,16,Normal Activity,0,0.07038962095975876,0
9002,16,Normal Activity,0,0.010819586925208569,0
9003,16,Normal Activity,0,0.19261658191680908,0
9004,16,Normal Activity,0,0.04330458492040634,0
9005,16,Normal Activity,0,0.04971609637141228,0
9006,16,Normal Activity,0,0.42672476172447205,0
9007,16,Normal Activity,0,0.08137299865484238,0
9008,16,Normal Activity,0,0.019730597734451294,0
9009,16,Normal Activity,0,0.08360734581947327,0
9010,16,Normal Activity,0,0.06850418448448181,0
9011,16,Normal Activity,0,0.2500731945037842,0
9012,16,Normal Activity,0,0.4315332770347595,0
9013,16,Normal Activity,0,0.0634949803352356,0
9014,16,Normal Activity,0,0.06122254207730293,0
9015,16,Normal Activity,0,0.08854079246520996,0
9016,16,Normal Activity,0,0.04595180228352547,0
9017,16,Normal Activity,0,0.3196587860584259,0
9018,16,Normal Activity,0,0.27135002613067627,0
9019,17,Normal Activity,0,0.4747283160686493,0
9020,17,Normal Activity,0,0.13901567459106445,0
9021,17,Normal Activity,0,0.6605840921401978,1
9022,17,Normal Activity,0,0.06211719289422035,0
9023,17,Normal Activity,0,0.030718885362148285,0
9024,17,Normal Activity,0,0.06761061400175095,0
9025,17,Normal Activity,0,0.09142953157424927,0
9026,17,Normal Activity,0,0.08080890029668808,0
9027,17,Normal Activity,0,0.7500657439231873,1
9028,17,Normal Activity,0,0.8570082187652588,1
9029,17,Normal Activity,0,0.08735732734203339,0
9030,17,Normal Activity,0,0.16000896692276,0
9031,17,Normal Activity,0,0.27158498764038086,0
9032,17,Normal Activity,0,0.047536883503198624,0
9033,17,Normal Activity,0,0.04236947372555733,0
9034,17,Normal Activity,0,0.8110437989234924,1
9035,17,Normal Activity,0,0.9048101305961609,1
9036,17,Normal Activity,0,0.14634999632835388,0
9037,17,Normal Activity,0,0.5446129441261292,1
9038,17,Normal Activity,0,0.5016763210296631,1
9039,17,Normal Activity,0,0.28500208258628845,0
9040,17,Normal Activity,0,0.5602009296417236,1
9041,17,Normal Activity,0,0.7161833643913269,1
9042,17,Normal Activity,0,0.9445104598999023,1
9043,17,Normal Activity,0,0.8917542099952698,1
9044,17,Normal Activity,0,0.10330841690301895,0
9045,17,Normal Activity,0,0.055800702422857285,0
9046,17,Normal Activity,0,0.7359938025474548,1
9047,17,Normal Activity,0,0.7811715006828308,1
9048,17,Normal Activity,0,0.13846006989479065,0
9049,17,Normal Activity,0,0.08118277043104172,0
9050,17,Normal Activity,0,0.3563386797904968,0
9051,17,Normal Activity,0,0.9117132425308228,1
9052,17,Normal Activity,0,0.5227470993995667,1
9053,17,Normal Activity,0,0.17859359085559845,0
9054,17,Normal Activity,0,0.41022181510925293,0
9055,17,Normal Activity,0,0.39577358961105347,0
9056,17,Normal Activity,0,0.09682811796665192,0
9057,17,Normal Activity,0,0.3105776309967041,0
9058,17,Normal Activity,0,0.9270815849304199,1
9059,17,Normal Activity,0,0.772578775882721,1
9060,17,Normal Activity,0,0.8775718808174133,1
9061,17,Normal Activity,0,0.17423082888126373,0
9062,17,Normal Activity,0,0.17584995925426483,0
9063,17,Normal Activity,0,0.4296162724494934,0
9064,17,Normal Activity,0,0.7540621161460876,1
9065,17,Normal Activity,0,0.6800051331520081,1
9066,17,Normal Activity,0,0.0934973955154419,0
9067,17,Normal Activity,0,0.6979217529296875,1
9068,17,Normal Activity,0,0.7179399728775024,1
9069,17,Normal Activity,0,0.2930609881877899,0
9070,17,Normal Activity,0,0.613449215888977,1
9071,17,Normal Activity,0,0.7544113993644714,1
9072,17,Normal Activity,0,0.34402742981910706,0
9073,17,Normal Activity,0,0.20072080194950104,0
9074,17,Normal Activity,0,0.4900057911872864,0
9075,17,Normal Activity,0,0.24179378151893616,0
9076,17,Normal Activity,0,0.1057121753692627,0
9077,17,Normal Activity,0,0.7481405138969421,1
9078,17,Normal Activity,0,0.1568366438150406,0
9079,17,Normal Activity,0,0.35373586416244507,0
9080,17,Normal Activity,0,0.579011082649231,1
9081,17,Normal Activity,0,0.39647796750068665,0
9082,17,Normal Activity,0,0.0456918366253376,0
9083,17,Normal Activity,0,0.10858096182346344,0
9084,17,Normal Activity,0,0.5060247182846069,1
9085,17,Normal Activity,0,0.6023359894752502,1
9086,17,Normal Activity,0,0.30021098256111145,0
9087,17,Normal Activity,0,0.15524207055568695,0
9088,17,Normal Activity,0,0.7341967225074768,1
9089,17,Normal Activity,0,0.858102023601532,1
9090,17,Normal Activity,0,0.28811630606651306,0
9091,17,Normal Activity,0,0.5389977693557739,1
9092,17,Normal Activity,0,0.659837007522583,1
9093,17,Normal Activity,0,0.12633216381072998,0
9094,17,Normal Activity,0,0.03224530816078186,0
9095,17,Normal Activity,0,0.2648095488548279,0
9096,17,Normal Activity,0,0.10155239701271057,0
9097,17,Normal Activity,0,0.2628403604030609,0
9098,17,Normal Activity,0,0.034133415669202805,0
9099,17,Normal Activity,0,0.7595133781433105,1
9100,17,Normal Activity,0,0.9257335066795349,1
9101,17,Normal Activity,0,0.7446793913841248,1
9102,17,Normal Activity,0,0.8270639777183533,1
9103,17,Normal Activity,0,0.10620000213384628,0
9104,17,Normal Activity,0,0.08007204532623291,0
9105,17,Normal Activity,0,0.4076058268547058,0
9106,17,Normal Activity,0,0.23841546475887299,0
9107,17,Normal Activity,0,0.49629533290863037,0
9108,17,Normal Activity,0,0.7650571465492249,1
9109,17,Normal Activity,0,0.47290125489234924,0
9110,17,Normal Activity,0,0.4521808624267578,0
9111,17,Normal Activity,0,0.3705803453922272,0
9112,17,Normal Activity,0,0.7262077331542969,1
9113,17,Normal Activity,0,0.43365830183029175,0
9114,17,Normal Activity,0,0.7837871313095093,1
9115,17,Normal Activity,0,0.15479566156864166,0
9116,17,Normal Activity,0,0.4434584975242615,0
9117,17,Normal Activity,0,0.5750256180763245,1
9118,17,Normal Activity,0,0.3518453538417816,0
9119,17,Normal Activity,0,0.45451977849006653,0
9120,17,Normal Activity,0,0.5724255442619324,1
9121,17,Normal Activity,0,0.32828208804130554,0
9122,17,Normal Activity,0,0.8769148588180542,1
9123,17,Normal Activity,0,0.7132074236869812,1
9124,17,Normal Activity,0,0.05950109288096428,0
9125,17,Normal Activity,0,0.010220672935247421,0
9126,17,Normal Activity,0,0.1048164889216423,0
9127,17,Normal Activity,0,0.12285920232534409,0
9128,17,Normal Activity,0,0.010962947271764278,0
9129,17,Normal Activity,0,0.6275160312652588,1
9130,17,Normal Activity,0,0.6541777849197388,1
9131,17,Normal Activity,0,0.29736295342445374,0
9132,17,Normal Activity,0,0.34804633259773254,0
9133,17,Normal Activity,0,0.14406567811965942,0
9134,17,Normal Activity,0,0.021269844844937325,0
9135,17,Normal Activity,0,0.18397556245326996,0
9136,17,Normal Activity,0,0.17368540167808533,0
9137,17,Normal Activity,0,0.06133434548974037,0
9138,17,Normal Activity,0,0.7862390875816345,1
9139,17,Normal Activity,0,0.8480796217918396,1
9140,17,Normal Activity,0,0.3661763668060303,0
9141,17,Normal Activity,0,0.45868903398513794,0
9142,17,Normal Activity,0,0.9154590964317322,1
9143,17,Normal Activity,0,0.3062998056411743,0
9144,17,Normal Activity,0,0.7652247548103333,1
9145,17,Normal Activity,0,0.8689799904823303,1
9146,17,Normal Activity,0,0.13411961495876312,0
9147,17,Normal Activity,0,0.9139543175697327,1
9148,17,Normal Activity,0,0.6954662799835205,1
9149,17,Normal Activity,0,0.5444464683532715,1
9150,17,Normal Activity,0,0.7429075837135315,1
9151,17,Normal Activity,0,0.10868383944034576,0
9152,17,Normal Activity,0,0.1749301254749298,0
9153,17,Normal Activity,0,0.8899308443069458,1
9154,17,Normal Activity,0,0.4657055139541626,0
9155,17,Normal Activity,0,0.7110010981559753,1
9156,17,Normal Activity,0,0.8827951550483704,1
9157,17,Normal Activity,0,0.17219850420951843,0
9158,17,Normal Activity,0,0.07963792234659195,0
9159,17,Normal Activity,0,0.06485851109027863,0
9160,17,Normal Activity,0,0.7194968461990356,1
9161,17,Normal Activity,0,0.17373283207416534,0
9162,17,Normal Activity,0,0.21061491966247559,0
9163,17,Normal Activity,0,0.8283286094665527,1
9164,17,Normal Activity,0,0.40291064977645874,0
9165,17,Normal Activity,0,0.3288218080997467,0
9166,17,Normal Activity,0,0.2887164354324341,0
9167,17,Normal Activity,0,0.078811414539814,0
9168,17,Normal Activity,0,0.14596714079380035,0
9169,17,Normal Activity,0,0.025839336216449738,0
9170,17,Normal Activity,0,0.09870161861181259,0
9171,17,Normal Activity,0,0.9675987362861633,1
9172,17,Normal Activity,0,0.03145584091544151,0
9173,17,Normal Activity,0,0.029926791787147522,0
9174,17,Normal Activity,0,0.9750942587852478,1
9175,17,Normal Activity,0,0.03853059187531471,0
9176,17,Normal Activity,0,0.15103192627429962,0
9177,17,Normal Activity,0,0.835211455821991,1
9178,17,Normal Activity,0,0.4451826214790344,0
9179,17,Normal Activity,0,0.7875879406929016,1
9180,17,Normal Activity,0,0.8154290914535522,1
9181,17,Normal Activity,0,0.9069854617118835,1
9182,17,Normal Activity,0,0.7942339181900024,1
9183,17,Normal Activity,0,0.8736324906349182,1
9184,17,Normal Activity,0,0.6711200475692749,1
9185,17,Normal Activity,0,0.8748365044593811,1
9186,17,Normal Activity,0,0.16940361261367798,0
9187,17,Normal Activity,0,0.2995317578315735,0
9188,17,Normal Activity,0,0.04681685194373131,0
9189,17,Normal Activity,0,0.13773801922798157,0
9190,17,Normal Activity,0,0.062179770320653915,0
9191,17,Normal Activity,0,0.2544681131839752,0
9192,17,Normal Activity,0,0.5425724387168884,1
9193,17,Normal Activity,0,0.541506826877594,1
9194,17,Normal Activity,0,0.6485602855682373,1
9195,17,Normal Activity,0,0.5812879204750061,1
9196,17,Normal Activity,0,0.8351322412490845,1
9197,17,Normal Activity,0,0.8184579014778137,1
9198,17,Normal Activity,0,0.5012677311897278,1
9199,17,Normal Activity,0,0.23529326915740967,0
9200,17,Normal Activity,0,0.0886179730296135,0
9201,17,Normal Activity,0,0.1911514401435852,0
9202,17,Normal Activity,0,0.1342373490333557,0
9203,17,Normal Activity,0,0.019207032397389412,0
9204,17,Normal Activity,0,0.009202206507325172,0
9205,17,Normal Activity,0,0.9071118235588074,1
9206,17,Normal Activity,0,0.6150984168052673,1
9207,17,Normal Activity,0,0.3649468421936035,0
9208,17,Normal Activity,0,0.4056510925292969,0
9209,17,Normal Activity,0,0.11275210976600647,0
9210,17,Normal Activity,0,0.8920914530754089,1
9211,17,Normal Activity,0,0.8843488097190857,1
9212,17,Normal Activity,0,0.6891698241233826,1
9213,17,Normal Activity,0,0.7207076549530029,1
9307,19,Normal Activity,0,0.1250375211238861,0
9308,19,Normal Activity,0,0.09406083822250366,0
9309,19,Normal Activity,0,0.008743218146264553,0
9310,19,Normal Activity,0,0.012870573438704014,0
9311,19,Normal Activity,0,0.16647200286388397,0
9312,19,Normal Activity,0,0.02850300632417202,0
9313,19,Normal Activity,0,0.018228011205792427,0
9314,19,Normal Activity,0,0.2947676181793213,0
9315,19,Normal Activity,0,0.09119269251823425,0
9316,19,Normal Activity,0,0.07091959565877914,0
9317,19,Normal Activity,0,0.006838904693722725,0
9318,19,Normal Activity,0,0.00492793507874012,0
9319,19,Normal Activity,0,0.1913987398147583,0
9320,19,Normal Activity,0,0.05929647758603096,0
9321,19,Normal Activity,0,0.024489203467965126,0
9322,19,Normal Activity,0,0.13887068629264832,0
9323,19,Normal Activity,0,0.39477890729904175,0
9324,19,Normal Activity,0,0.46200865507125854,0
9325,19,Normal Activity,0,0.08190065622329712,0
9326,19,Normal Activity,0,0.034536536782979965,0
9327,19,Normal Activity,0,0.04734482243657112,0
9328,19,Normal Activity,0,0.04608505219221115,0
9329,19,Normal Activity,0,0.01915089413523674,0
9330,19,Normal Activity,0,0.021417833864688873,0
9331,19,Normal Activity,0,0.3491939306259155,0
9332,19,Normal Activity,0,0.05700411647558212,0
9333,19,Normal Activity,0,0.08411338925361633,0
9334,19,Normal Activity,0,0.04033748060464859,0
9335,19,Normal Activity,0,0.012382688000798225,0
9336,19,Normal Activity,0,0.11040924489498138,0
9337,19,Normal Activity,0,0.3375173807144165,0
9338,19,Normal Activity,0,0.16673585772514343,0
9339,19,Normal Activity,0,0.0204396340996027,0
9340,19,Normal Activity,0,0.40708690881729126,0
9341,19,Normal Activity,0,0.3981057107448578,0
9342,19,Normal Activity,0,0.23813755810260773,0
9343,19,Normal Activity,0,0.27161458134651184,0
9344,19,Normal Activity,0,0.03008529730141163,0
9345,19,Normal Activity,0,0.010803350247442722,0
9346,19,Normal Activity,0,0.032950691878795624,0
9347,19,Normal Activity,0,0.013127787038683891,0
9348,19,Normal Activity,0,0.08292848616838455,0
9349,19,Normal Activity,0,0.2145429253578186,0
9350,19,Normal Activity,0,0.02347181923687458,0
9351,19,Normal Activity,0,0.022037509828805923,0
9352,19,Normal Activity,0,0.13715136051177979,0
9353,19,Normal Activity,0,0.009397045709192753,0
9354,19,Normal Activity,0,0.018346406519412994,0
9355,19,Normal Activity,0,0.2110808938741684,0
9356,19,Normal Activity,0,0.5836374163627625,1
9357,19,Normal Activity,0,0.16013917326927185,0
9358,19,Normal Activity,0,0.1390884518623352,0
9359,19,Normal Activity,0,0.04229048267006874,0
9360,19,Normal Activity,0,0.02092359960079193,0
9361,19,Normal Activity,0,0.08030469715595245,0
9362,19,Normal Activity,0,0.028461337089538574,0
9363,19,Normal Activity,0,0.015139754861593246,0
9364,19,Normal Activity,0,0.23508384823799133,0
9365,19,Normal Activity,0,0.035957545042037964,0
9366,19,Normal Activity,0,0.034108176827430725,0
9367,19,Normal Activity,0,0.029883217066526413,0
9368,19,Normal Activity,0,0.013711423613131046,0
9369,19,Normal Activity,0,0.05648345500230789,0
9370,19,Normal Activity,0,0.05027025565505028,0
9371,19,Normal Activity,0,0.062216781079769135,0
9372,19,Normal Activity,0,0.046519599854946136,0
9373,19,Normal Activity,0,0.03940729796886444,0
9374,19,Normal Activity,0,0.08158332854509354,0
9375,19,Normal Activity,0,0.08886133879423141,0
9376,19,Normal Activity,0,0.10352970659732819,0
9377,19,Normal Activity,0,0.05387882888317108,0
9378,19,Normal Activity,0,0.016636785119771957,0
9379,19,Normal Activity,0,0.09615719318389893,0
9380,19,Normal Activity,0,0.04034467041492462,0
9381,19,Normal Activity,0,0.0384766086935997,0
9382,19,Normal Activity,0,0.22739577293395996,0
9383,19,Normal Activity,0,0.5513074398040771,1
9384,19,Normal Activity,0,0.695967435836792,1
9385,19,Normal Activity,0,0.2317180335521698,0
9386,19,Normal Activity,0,0.049070779234170914,0
9387,19,Normal Activity,0,0.02280237525701523,0
9388,19,Normal Activity,0,0.09963811933994293,0
9389,19,Normal Activity,0,0.028494080528616905,0
9390,19,Normal Activity,0,0.10850536823272705,0
9391,19,Normal Activity,0,0.07439201325178146,0
9392,19,Normal Activity,0,0.04516664519906044,0
9393,19,Normal Activity,0,0.02910461276769638,0
9394,19,Normal Activity,0,0.03804320469498634,0
9395,19,Normal Activity,0,0.0688432827591896,0
9396,19,Normal Activity,0,0.021481934934854507,0
9397,19,Normal Activity,0,0.3370552659034729,0
9398,19,Normal Activity,0,0.44545668363571167,0
9399,19,Normal Activity,0,0.7781693339347839,1
9400,19,Normal Activity,0,0.7506517767906189,1
9401,19,Normal Activity,0,0.47498631477355957,0
9402,19,Normal Activity,0,0.3742276430130005,0
9403,19,Normal Activity,0,0.14519181847572327,0
9404,19,Normal Activity,0,0.16793929040431976,0
9405,19,Normal Activity,0,0.10876693576574326,0
9406,19,Normal Activity,0,0.23948802053928375,0
9407,19,Normal Activity,0,0.14336225390434265,0
9408,19,Normal Activity,0,0.03484174981713295,0
9409,19,Normal Activity,0,0.03474198654294014,0
9410,19,Normal Activity,0,0.012397578917443752,0
9411,19,Normal Activity,0,0.0058821141719818115,0
9412,19,Normal Activity,0,0.1348632574081421,0
9413,19,Normal Activity,0,0.03282201290130615,0
9414,19,Normal Activity,0,0.006995738483965397,0
9415,19,Normal Activity,0,0.2183084338903427,0
9416,19,Normal Activity,0,0.20228561758995056,0
9417,19,Normal Activity,0,0.024810178205370903,0
9418,19,Normal Activity,0,0.6484478712081909,1
9419,19,Normal Activity,0,0.4628065824508667,0
9420,19,Normal Activity,0,0.2896268367767334,0
9421,19,Normal Activity,0,0.03283620625734329,0
9422,19,Normal Activity,0,0.010469022206962109,0
9423,19,Normal Activity,0,0.024005811661481857,0
9424,19,Normal Activity,0,0.5542711019515991,1
9425,19,Normal Activity,0,0.06188476085662842,0
9426,19,Normal Activity,0,0.14533622562885284,0
9427,19,Normal Activity,0,0.09724188596010208,0
9428,19,Normal Activity,0,0.013471994549036026,0
9429,19,Normal Activity,0,0.059015363454818726,0
9430,19,Normal Activity,0,0.024615230038762093,0
9431,19,Normal Activity,0,0.6325456500053406,1
9432,19,Normal Activity,0,0.47380781173706055,0
9433,19,Normal Activity,0,0.04010229557752609,0
9434,19,Normal Activity,0,0.02112802304327488,0
9435,19,Normal Activity,0,0.06801389157772064,0
9436,19,Normal Activity,0,0.008911581709980965,0
9437,19,Normal Activity,0,0.17168138921260834,0
9438,19,Normal Activity,0,0.7682445049285889,1
9439,19,Normal Activity,0,0.29254433512687683,0
9440,19,Normal Activity,0,0.04301151633262634,0
9441,19,Normal Activity,0,0.03763942793011665,0
9442,19,Normal Activity,0,0.0867515578866005,0
9443,19,Normal Activity,0,0.01822427660226822,0
9444,19,Normal Activity,0,0.00855263601988554,0
9445,19,Normal Activity,0,0.29238131642341614,0
9446,19,Normal Activity,0,0.062416091561317444,0
9447,19,Normal Activity,0,0.028831493109464645,0
9448,19,Normal Activity,0,0.047697339206933975,0
9449,19,Normal Activity,0,0.023854902014136314,0
9450,19,Normal Activity,0,0.08470554649829865,0
9451,19,Normal Activity,0,0.01604389399290085,0
9452,19,Normal Activity,0,0.7598422169685364,1
9453,19,Normal Activity,0,0.7391818165779114,1
9454,19,Normal Activity,0,0.028114212676882744,0
9455,19,Normal Activity,0,0.02638241834938526,0
9456,19,Normal Activity,0,0.027567585930228233,0
9457,19,Normal Activity,0,0.8494566082954407,1
9458,19,Normal Activity,0,0.03288862109184265,0
9459,19,Normal Activity,0,0.02627340517938137,0
9460,19,Normal Activity,0,0.059033412486314774,0
9461,19,Normal Activity,0,0.897055983543396,1
9462,19,Normal Activity,0,0.6483204364776611,1
9463,19,Normal Activity,0,0.2774982452392578,0
9464,19,Normal Activity,0,0.7247937321662903,1
9465,19,Normal Activity,0,0.9430912733078003,1
9466,19,Normal Activity,0,0.05543343722820282,0
9467,19,Normal Activity,0,0.04766615480184555,0
9468,19,Normal Activity,0,0.021104292944073677,0
9469,19,Normal Activity,0,0.04480600729584694,0
9470,19,Normal Activity,0,0.20445960760116577,0
9471,19,Normal Activity,0,0.01219648215919733,0
9472,19,Normal Activity,0,0.398210734128952,0
9473,19,Normal Activity,0,0.23818622529506683,0
9474,19,Normal Activity,0,0.3053955137729645,0
9475,19,Normal Activity,0,0.14625202119350433,0
9476,19,Normal Activity,0,0.08614875376224518,0
9477,19,Normal Activity,0,0.021995747461915016,0
9478,19,Normal Activity,0,0.053228024393320084,0
9479,19,Normal Activity,0,0.06549158692359924,0
9480,19,Normal Activity,0,0.01386532373726368,0
9481,19,Normal Activity,0,0.09727238863706589,0
9482,19,Normal Activity,0,0.11358751356601715,0
9483,19,Normal Activity,0,0.03832554817199707,0
9484,19,Normal Activity,0,0.04006137698888779,0
9485,19,Normal Activity,0,0.024155529215931892,0
9486,19,Normal Activity,0,0.3114798069000244,0
9487,19,Normal Activity,0,0.13469776511192322,0
9488,19,Normal Activity,0,0.10559666901826859,0
9489,19,Normal Activity,0,0.179970383644104,0
9490,19,Normal Activity,0,0.08888522535562515,0
9491,19,Normal Activity,0,0.08316603302955627,0
9492,19,Normal Activity,0,0.030164606869220734,0
9493,19,Normal Activity,0,0.08660126477479935,0
9494,19,Normal Activity,0,0.03304167091846466,0
9495,19,Normal Activity,0,0.011156726628541946,0
9496,19,Normal Activity,0,0.44325339794158936,0
9497,19,Normal Activity,0,0.7360712885856628,1
9498,19,Normal Activity,0,0.27704954147338867,0
9499,19,Normal Activity,0,0.11631009727716446,0
9500,19,Normal Activity,0,0.11653168499469757,0
9501,19,Normal Activity,0,0.06506849080324173,0
9502,19,Normal Activity,0,0.13032107055187225,0
9503,19,Normal Activity,0,0.3087652027606964,0
9504,19,Normal Activity,0,0.6390413641929626,1
9505,20,Normal Activity,0,0.2034750133752823,0
9506,20,Normal Activity,0,0.015741579234600067,0
9507,20,Normal Activity,0,0.012437084689736366,0
9508,20,Normal Activity,0,0.2455420196056366,0
9509,20,Normal Activity,0,0.09721784293651581,0
9510,20,Normal Activity,0,0.05204828083515167,0
9511,20,Normal Activity,0,0.14626426994800568,0
9512,20,Normal Activity,0,0.8808310031890869,1
9513,20,Normal Activity,0,0.0865979790687561,0
9514,20,Normal Activity,0,0.053941287100315094,0
9515,20,Normal Activity,0,0.05787409096956253,0
9516,20,Normal Activity,0,0.12149135768413544,0
9517,20,Normal Activity,0,0.07709440588951111,0
9518,20,Normal Activity,0,0.12020928412675858,0
9519,20,Normal Activity,0,0.4044349491596222,0
9520,20,Normal Activity,0,0.03863002732396126,0
9521,20,Normal Activity,0,0.07987504452466965,0
9522,20,Normal Activity,0,0.05964520201086998,0
9523,20,Normal Activity,0,0.2864520251750946,0
9524,20,Normal Activity,0,0.023571457713842392,0
9525,20,Normal Activity,0,0.050637513399124146,0
9526,20,Normal Activity,0,0.4294522702693939,0
9527,20,Normal Activity,0,0.037454020231962204,0
9528,20,Normal Activity,0,0.03421080484986305,0
9529,20,Normal Activity,0,0.24206456542015076,0
9530,20,Normal Activity,0,0.05904783681035042,0
9531,20,Normal Activity,0,0.036709628999233246,0
9532,20,Normal Activity,0,0.10202187299728394,0
9533,20,Normal Activity,0,0.11040543019771576,0
9534,20,Normal Activity,0,0.09756557643413544,0
9535,20,Normal Activity,0,0.04449367895722389,0
9536,20,Normal Activity,0,0.30717340111732483,0
9537,20,Normal Activity,0,0.04450296610593796,0
9592,22,Normal Activity,0,0.17655780911445618,0
9593,22,Normal Activity,0,0.0719166249036789,0
9594,22,Normal Activity,0,0.018851498141884804,0
9595,22,Normal Activity,0,0.09500858187675476,0
9596,22,Normal Activity,0,0.5455185174942017,1
9597,22,Normal Activity,0,0.276060551404953,0
9598,22,Normal Activity,0,0.03373590111732483,0
9599,22,Normal Activity,0,0.4178454577922821,0
9600,22,Normal Activity,0,0.28440481424331665,0
9601,22,Normal Activity,0,0.041508935391902924,0
9602,22,Normal Activity,0,0.18568700551986694,0
9603,22,Normal Activity,0,0.17667999863624573,0
9604,22,Normal Activity,0,0.17702682316303253,0
9605,22,Normal Activity,0,0.1576344072818756,0
9606,22,Normal Activity,0,0.05531998351216316,0
9607,22,Normal Activity,0,0.3898986876010895,0
9608,22,Normal Activity,0,0.1108403205871582,0
9609,22,Normal Activity,0,0.23700720071792603,0
9610,22,Normal Activity,0,0.20638655126094818,0
9611,22,Normal Activity,0,0.035229504108428955,0
9612,22,Normal Activity,0,0.04097023978829384,0
9613,23,Normal Activity,0,0.27650022506713867,0
9614,23,Normal Activity,0,0.05831696465611458,0
9615,23,Normal Activity,0,0.03612377122044563,0
9616,23,Normal Activity,0,0.03988144174218178,0
9617,23,Normal Activity,0,0.46392056345939636,0
9618,23,Normal Activity,0,0.7275136709213257,1
9619,23,Normal Activity,0,0.4970070421695709,0
9620,23,Normal Activity,0,0.13694508373737335,0
9621,23,Normal Activity,0,0.1206214651465416,0
9622,23,Normal Activity,0,0.015186332166194916,0
9623,23,Normal Activity,0,0.13624635338783264,0
9624,23,Normal Activity,0,0.09251976013183594,0
9625,23,Normal Activity,0,0.12794546782970428,0
9626,23,Normal Activity,0,0.18995602428913116,0
9627,23,Normal Activity,0,0.034688763320446014,0
9628,23,Normal Activity,0,0.24395224452018738,0
9629,23,Normal Activity,0,0.09724301844835281,0
9630,23,Normal Activity,0,0.045597705990076065,0
9631,23,Normal Activity,0,0.2385294884443283,0
9632,23,Normal Activity,0,0.38052719831466675,0
9633,23,Normal Activity,0,0.12209536880254745,0
9634,24,Normal Activity,0,0.5990995764732361,1
9635,24,Normal Activity,0,0.37250226736068726,0
9636,24,Normal Activity,0,0.115558922290802,0
9637,24,Normal Activity,0,0.4625765383243561,0
9638,24,Normal Activity,0,0.17413818836212158,0
9639,24,Normal Activity,0,0.14462162554264069,0
9640,24,Normal Activity,0,0.38085806369781494,0
9641,24,Normal Activity,0,0.2733231484889984,0
9642,24,Normal Activity,0,0.2635372579097748,0
9643,24,Normal Activity,0,0.3842485845088959,0
9644,24,Normal Activity,0,0.29978424310684204,0
9645,24,Normal Activity,0,0.5420202016830444,1
9646,24,Normal Activity,0,0.08672559261322021,0
9647,24,Normal Activity,0,0.3543696701526642,0
9648,24,Normal Activity,0,0.2560943365097046,0
9649,24,Normal Activity,0,0.1678357720375061,0
9650,24,Normal Activity,0,0.14221055805683136,0
9651,24,Normal Activity,0,0.12798848748207092,0
9997,29,Normal Activity,0,0.07038197666406631,0
9998,29,Normal Activity,0,0.0854513943195343,0
9999,29,Normal Activity,0,0.3602946698665619,0
10000,29,Normal Activity,0,0.046399977058172226,0
10001,29,Normal Activity,0,0.3805927336215973,0
10002,29,Normal Activity,0,0.284707635641098,0
10003,29,Normal Activity,0,0.47639143466949463,0
10004,29,Normal Activity,0,0.07639855891466141,0
10005,29,Normal Activity,0,0.008065680041909218,0
10006,29,Normal Activity,0,0.026216043159365654,0
10007,29,Normal Activity,0,0.022298116236925125,0
10008,29,Normal Activity,0,0.005972220096737146,0
10009,29,Normal Activity,0,0.819000780582428,1
10010,29,Normal Activity,0,0.4893574118614197,0
10011,29,Normal Activity,0,0.04802358150482178,0
10012,30,Normal Activity,0,0.29923275113105774,0
10013,30,Normal Activity,0,0.12527437508106232,0
10014,30,Normal Activity,0,0.00860690139234066,0
10015,30,Normal Activity,0,0.1988769769668579,0
10016,30,Normal Activity,0,0.5470078587532043,1
10017,30,Normal Activity,0,0.5041608810424805,1
10018,30,Normal Activity,0,0.10589808970689774,0
10019,30,Normal Activity,0,0.06592518836259842,0
10020,30,Normal Activity,0,0.008709651418030262,0
10021,30,Normal Activity,0,0.20898112654685974,0
10022,30,Normal Activity,0,0.06610564142465591,0
10023,30,Normal Activity,0,0.006199547089636326,0
10024,30,Normal Activity,0,0.026004133746027946,0
10025,30,Normal Activity,0,0.024059109389781952,0
10026,30,Normal Activity,0,0.005924471653997898,0
10027,30,Normal Activity,0,0.08545313775539398,0
10028,30,Normal Activity,0,0.8466985821723938,1
10029,30,Normal Activity,0,0.2092391848564148,0
10030,31,Normal Activity,0,0.0760355070233345,0
10031,31,Normal Activity,0,0.02289583347737789,0
10032,31,Normal Activity,0,0.3117484152317047,0
10033,31,Normal Activity,0,0.05451535806059837,0
10034,31,Normal Activity,0,0.07992887496948242,0
10035,31,Normal Activity,0,0.012371608056128025,0
10036,31,Normal Activity,0,0.03451080992817879,0
10037,31,Normal Activity,0,0.02586383931338787,0
10038,31,Normal Activity,0,0.03987697884440422,0
10039,31,Normal Activity,0,0.018070874735713005,0
10040,31,Normal Activity,0,0.11714038997888565,0
10041,31,Normal Activity,0,0.06997747719287872,0
10042,32,Normal Activity,0,0.12232862412929535,0
10043,32,Normal Activity,0,0.24884173274040222,0
10044,32,Normal Activity,0,0.5998164415359497,1
10045,32,Normal Activity,0,0.7131969332695007,1
10046,32,Normal Activity,0,0.6095569133758545,1
10047,32,Normal Activity,0,0.15489554405212402,0
10048,32,Normal Activity,0,0.17003826797008514,0
10049,32,Normal Activity,0,0.845718502998352,1
10050,32,Normal Activity,0,0.4563753604888916,0
10051,32,Normal Activity,0,0.11853530257940292,0
10052,32,Normal Activity,0,0.1356523483991623,0
10053,32,Normal Activity,0,0.07395447045564651,0
10054,32,Normal Activity,0,0.014868012629449368,0
10055,32,Normal Activity,0,0.07790423929691315,0
10056,32,Normal Activity,0,0.08537527173757553,0
10057,32,Normal Activity,0,0.03973308205604553,0
10058,32,Normal Activity,0,0.030506333336234093,0
10059,32,Normal Activity,0,0.9005863666534424,1
10060,32,Normal Activity,0,0.7702011466026306,1
10061,32,Normal Activity,0,0.0808725655078888,0
10062,32,Normal Activity,0,0.014576940797269344,0
10079,34,Normal Activity,0,0.10203930735588074,0
10080,34,Normal Activity,0,0.05667607858777046,0
10081,34,Normal Activity,0,0.011545006185770035,0
10082,34,Normal Activity,0,0.05370291322469711,0
10083,34,Normal Activity,0,0.5852718949317932,1
10084,34,Normal Activity,0,0.05472208186984062,0
10085,34,Normal Activity,0,0.14215944707393646,0
10086,34,Normal Activity,0,0.039183761924505234,0
10087,34,Normal Activity,0,0.015691258013248444,0
10088,34,Normal Activity,0,0.06377317756414413,0
10089,34,Normal Activity,0,0.07469872385263443,0
10090,34,Normal Activity,0,0.11194755136966705,0
10091,34,Normal Activity,0,0.09429805725812912,0
10092,34,Normal Activity,0,0.709892749786377,1
10093,34,Normal Activity,0,0.5355471968650818,1
10094,35,Normal Activity,0,0.14297784864902496,0
10095,35,Normal Activity,0,0.03342217579483986,0
10096,35,Normal Activity,0,0.016527293249964714,0
10097,35,Normal Activity,0,0.13229723274707794,0
10098,35,Normal Activity,0,0.4282263517379761,0
10099,35,Normal Activity,0,0.23077797889709473,0
10100,35,Normal Activity,0,0.07157985121011734,0
10101,35,Normal Activity,0,0.14101842045783997,0
10102,35,Normal Activity,0,0.00594154791906476,0
10103,35,Normal Activity,0,0.08144422620534897,0
10104,35,Normal Activity,0,0.019825713708996773,0
10105,35,Normal Activity,0,0.024555396288633347,0
10106,35,Normal Activity,0,0.14980138838291168,0
10107,35,Normal Activity,0,0.02565234713256359,0
10108,35,Normal Activity,0,0.10655887424945831,0
10109,35,Normal Activity,0,0.18132437765598297,0
10110,35,Normal Activity,0,0.22052113711833954,0
10111,35,Normal Activity,0,0.3932434916496277,0
10112,36,Normal Activity,0,0.06624313443899155,0
10113,36,Normal Activity,0,0.045952022075653076,0
10114,36,Normal Activity,0,0.254467248916626,0
10115,36,Normal Activity,0,0.032725509256124496,0
10116,36,Normal Activity,0,0.038793522864580154,0
10117,36,Normal Activity,0,0.011383754201233387,0
10118,36,Normal Activity,0,0.165473073720932,0
10119,36,Normal Activity,0,0.015691492706537247,0
10120,36,Normal Activity,0,0.593619167804718,1
10121,36,Normal Activity,0,0.03377984091639519,0
10122,36,Normal Activity,0,0.3278617858886719,0
10123,36,Normal Activity,0,0.5477514266967773,1
10202,38,Normal Activity,0,0.08459754288196564,0
10203,38,Normal Activity,0,0.08848343044519424,0
10204,38,Normal Activity,0,0.21062268316745758,0
10205,38,Normal Activity,0,0.6107576489448547,1
10206,38,Normal Activity,0,0.508172869682312,1
10207,38,Normal Activity,0,0.8133962750434875,1
10208,38,Normal Activity,0,0.7437625527381897,1
10209,38,Normal Activity,0,0.41024893522262573,0
10210,38,Normal Activity,0,0.025765029713511467,0
10211,38,Normal Activity,0,0.023586837574839592,0
10212,38,Normal Activity,0,0.10297341644763947,0
10213,38,Normal Activity,0,0.7804839611053467,1
10214,38,Normal Activity,0,0.2673521637916565,0
10215,38,Normal Activity,0,0.0969206839799881,0
10216,38,Normal Activity,0,0.5147812962532043,1
10217,38,Normal Activity,0,0.013096354901790619,0
10218,38,Normal Activity,0,0.012585227377712727,0
10219,38,Normal Activity,0,0.47022104263305664,0
10220,38,Normal Activity,0,0.11814158409833908,0
10221,38,Normal Activity,0,0.1649760901927948,0
10222,38,Normal Activity,0,0.7551275491714478,1
10262,40,Normal Activity,0,0.08837467432022095,0
10263,40,Normal Activity,0,0.04855239763855934,0
10264,40,Normal Activity,0,0.18900753557682037,0
10265,40,Normal Activity,0,0.13737687468528748,0
10266,40,Normal Activity,0,0.049353256821632385,0
10267,40,Normal Activity,0,0.19061696529388428,0
10268,40,Normal Activity,0,0.17386113107204437,0
10269,40,Normal Activity,0,0.4878392219543457,0
10270,40,Normal Activity,0,0.0871366634964943,0
10271,40,Normal Activity,0,0.23376129567623138,0
10272,40,Normal Activity,0,0.2761233448982239,0
10273,40,Normal Activity,0,0.6719968318939209,1
10274,40,Normal Activity,0,0.5912058353424072,1
10485,2,Staggering/Unbalanced Movement,1,0.8582593202590942,1
10486,2,Staggering/Unbalanced Movement,1,0.9412708878517151,1
10487,2,Staggering/Unbalanced Movement,1,0.9311761260032654,1
10488,2,Staggering/Unbalanced Movement,1,0.9256063103675842,1
10489,2,Staggering/Unbalanced Movement,1,0.6936318278312683,1
10490,2,Staggering/Unbalanced Movement,1,0.801315426826477,1
10491,2,Staggering/Unbalanced Movement,1,0.7115350365638733,1
10492,2,Staggering/Unbalanced Movement,1,0.300808846950531,0
10493,2,Staggering/Unbalanced Movement,1,0.9676896333694458,1
10494,2,Staggering/Unbalanced Movement,1,0.9637949466705322,1
10495,2,Staggering/Unbalanced Movement,1,0.9624658823013306,1
10496,2,Staggering/Unbalanced Movement,1,0.9775356650352478,1
10497,2,Staggering/Unbalanced Movement,1,0.9302168488502502,1
10498,2,Staggering/Unbalanced Movement,1,0.9116876125335693,1
10499,2,Staggering/Unbalanced Movement,1,0.8436630368232727,1
10500,2,Staggering/Unbalanced Movement,1,0.9349431395530701,1
10501,2,Staggering/Unbalanced Movement,1,0.9509821534156799,1
10502,2,Staggering/Unbalanced Movement,1,0.9630616903305054,1
10503,2,Staggering/Unbalanced Movement,1,0.9737260341644287,1
10504,2,Staggering/Unbalanced Movement,1,0.27010849118232727,0
10505,2,Staggering/Unbalanced Movement,1,0.3179435133934021,0
10506,2,Staggering/Unbalanced Movement,1,0.8944703936576843,1
10507,2,Staggering/Unbalanced Movement,1,0.9332054257392883,1
10508,2,Staggering/Unbalanced Movement,1,0.944980263710022,1
10509,2,Staggering/Unbalanced Movement,1,0.904459536075592,1
10510,2,Staggering/Unbalanced Movement,1,0.9386950731277466,1
10511,2,Staggering/Unbalanced Movement,1,0.9836120009422302,1
10512,2,Staggering/Unbalanced Movement,1,0.608308732509613,1
10513,2,Staggering/Unbalanced Movement,1,0.9652650356292725,1
10514,2,Staggering/Unbalanced Movement,1,0.9793382287025452,1
10515,2,Staggering/Unbalanced Movement,1,0.9500196576118469,1
10516,2,Staggering/Unbalanced Movement,1,0.8935320973396301,1
10517,2,Staggering/Unbalanced Movement,1,0.9607183337211609,1
10518,2,Staggering/Unbalanced Movement,1,0.9572598934173584,1
10519,2,Staggering/Unbalanced Movement,1,0.9652186036109924,1
10520,2,Staggering/Unbalanced Movement,1,0.9343806505203247,1
10521,2,Staggering/Unbalanced Movement,1,0.9702492356300354,1
10522,2,Staggering/Unbalanced Movement,1,0.9762775301933289,1
10523,2,Staggering/Unbalanced Movement,1,0.9793891310691833,1
10524,2,Staggering/Unbalanced Movement,1,0.9723362326622009,1
10525,2,Staggering/Unbalanced Movement,1,0.9700044393539429,1
10526,2,Staggering/Unbalanced Movement,1,0.9740163683891296,1
10527,2,Staggering/Unbalanced Movement,1,0.9459523558616638,1
10528,2,Staggering/Unbalanced Movement,1,0.878093421459198,1
10529,2,Staggering/Unbalanced Movement,1,0.934598982334137,1
10530,2,Staggering/Unbalanced Movement,1,0.8770548105239868,1
10531,2,Staggering/Unbalanced Movement,1,0.9556643962860107,1
10532,2,Staggering/Unbalanced Movement,1,0.821945309638977,1
10533,2,Staggering/Unbalanced Movement,1,0.9239562749862671,1
10534,2,Staggering/Unbalanced Movement,1,0.6494717001914978,1
10535,2,Staggering/Unbalanced Movement,1,0.4822526276111603,0
10536,2,Staggering/Unbalanced Movement,1,0.6434695720672607,1
10537,2,Staggering/Unbalanced Movement,1,0.6145676970481873,1
10538,2,Staggering/Unbalanced Movement,1,0.8892820477485657,1
10539,2,Staggering/Unbalanced Movement,1,0.9592813849449158,1
10540,2,Staggering/Unbalanced Movement,1,0.8318682909011841,1
10541,2,Staggering/Unbalanced Movement,1,0.9352031946182251,1
10542,2,Staggering/Unbalanced Movement,1,0.9728986024856567,1
10543,2,Staggering/Unbalanced Movement,1,0.8843397498130798,1
10544,2,Staggering/Unbalanced Movement,1,0.9118714332580566,1
10545,2,Staggering/Unbalanced Movement,1,0.9713531732559204,1
10546,2,Staggering/Unbalanced Movement,1,0.9173062443733215,1
10547,2,Staggering/Unbalanced Movement,1,0.9821642637252808,1
10548,2,Staggering/Unbalanced Movement,1,0.558546781539917,1
10549,2,Staggering/Unbalanced Movement,1,0.4799281358718872,0
10550,2,Staggering/Unbalanced Movement,1,0.6646413207054138,1
10551,2,Staggering/Unbalanced Movement,1,0.7484048008918762,1
10552,2,Staggering/Unbalanced Movement,1,0.7792900800704956,1
10553,2,Staggering/Unbalanced Movement,1,0.97771817445755,1
10554,2,Staggering/Unbalanced Movement,1,0.9785837531089783,1
10555,2,Staggering/Unbalanced Movement,1,0.9626023769378662,1
10556,2,Staggering/Unbalanced Movement,1,0.982792854309082,1
10557,2,Staggering/Unbalanced Movement,1,0.9105973839759827,1
10558,2,Staggering/Unbalanced Movement,1,0.9869204759597778,1
10559,2,Staggering/Unbalanced Movement,1,0.9449235796928406,1
10560,2,Staggering/Unbalanced Movement,1,0.9132506251335144,1
10561,2,Staggering/Unbalanced Movement,1,0.9755510091781616,1
10562,2,Staggering/Unbalanced Movement,1,0.6926289200782776,1
10563,2,Staggering/Unbalanced Movement,1,0.9625047445297241,1
10564,2,Staggering/Unbalanced Movement,1,0.9049570560455322,1
10565,2,Staggering/Unbalanced Movement,1,0.8027186393737793,1
10566,2,Staggering/Unbalanced Movement,1,0.911517322063446,1
10567,2,Staggering/Unbalanced Movement,1,0.8042687177658081,1
10726,4,Staggering/Unbalanced Movement,1,0.8633092641830444,1
10727,4,Staggering/Unbalanced Movement,1,0.9611053466796875,1
10728,4,Staggering/Unbalanced Movement,1,0.9851330518722534,1
10729,4,Staggering/Unbalanced Movement,1,0.9803666472434998,1
10730,4,Staggering/Unbalanced Movement,1,0.9255070686340332,1
10731,4,Staggering/Unbalanced Movement,1,0.9868271350860596,1
10732,4,Staggering/Unbalanced Movement,1,0.3739377558231354,0
10733,4,Staggering/Unbalanced Movement,1,0.48517999053001404,0
10734,4,Staggering/Unbalanced Movement,1,0.9771605730056763,1
10735,4,Staggering/Unbalanced Movement,1,0.7393274307250977,1
10736,4,Staggering/Unbalanced Movement,1,0.6098892092704773,1
10737,4,Staggering/Unbalanced Movement,1,0.6717455387115479,1
10738,4,Staggering/Unbalanced Movement,1,0.9194743037223816,1
10739,4,Staggering/Unbalanced Movement,1,0.9765079021453857,1
10740,4,Staggering/Unbalanced Movement,1,0.944774866104126,1
10741,4,Staggering/Unbalanced Movement,1,0.9469391107559204,1
10742,4,Staggering/Unbalanced Movement,1,0.9109215140342712,1
10743,4,Staggering/Unbalanced Movement,1,0.9711126685142517,1
10744,4,Staggering/Unbalanced Movement,1,0.8414669036865234,1
10745,4,Staggering/Unbalanced Movement,1,0.9774651527404785,1
10746,4,Staggering/Unbalanced Movement,1,0.9750351905822754,1
10747,4,Staggering/Unbalanced Movement,1,0.582816481590271,1
10748,4,Staggering/Unbalanced Movement,1,0.8960054516792297,1
10749,4,Staggering/Unbalanced Movement,1,0.0979376882314682,0
10750,4,Staggering/Unbalanced Movement,1,0.7051883935928345,1
10751,4,Staggering/Unbalanced Movement,1,0.7022998332977295,1
10752,4,Staggering/Unbalanced Movement,1,0.18402162194252014,0
10753,4,Staggering/Unbalanced Movement,1,0.2359723150730133,0
10754,4,Staggering/Unbalanced Movement,1,0.669953465461731,1
10755,4,Staggering/Unbalanced Movement,1,0.8019077777862549,1
10756,4,Staggering/Unbalanced Movement,1,0.9821913838386536,1
10757,4,Staggering/Unbalanced Movement,1,0.9791182279586792,1
10758,4,Staggering/Unbalanced Movement,1,0.7037736773490906,1
10759,4,Staggering/Unbalanced Movement,1,0.9892035126686096,1
10760,4,Staggering/Unbalanced Movement,1,0.9813500642776489,1
10761,4,Staggering/Unbalanced Movement,1,0.8836610913276672,1
10762,4,Staggering/Unbalanced Movement,1,0.9207542538642883,1
10763,4,Staggering/Unbalanced Movement,1,0.9632017612457275,1
10764,4,Staggering/Unbalanced Movement,1,0.7708463072776794,1
10765,4,Staggering/Unbalanced Movement,1,0.9618498682975769,1
10766,4,Staggering/Unbalanced Movement,1,0.8589426875114441,1
10767,4,Staggering/Unbalanced Movement,1,0.9534711837768555,1
10768,4,Staggering/Unbalanced Movement,1,0.8814597129821777,1
10769,4,Staggering/Unbalanced Movement,1,0.9553759694099426,1
10770,4,Staggering/Unbalanced Movement,1,0.9594944715499878,1
10771,4,Staggering/Unbalanced Movement,1,0.829596996307373,1
10772,4,Staggering/Unbalanced Movement,1,0.5485326051712036,1
10773,4,Staggering/Unbalanced Movement,1,0.7179563641548157,1
10774,4,Staggering/Unbalanced Movement,1,0.9921196699142456,1
10775,4,Staggering/Unbalanced Movement,1,0.12632368505001068,0
10776,4,Staggering/Unbalanced Movement,1,0.39453813433647156,0
10777,4,Staggering/Unbalanced Movement,1,0.925355851650238,1
10778,4,Staggering/Unbalanced Movement,1,0.8023712038993835,1
10779,4,Staggering/Unbalanced Movement,1,0.9244970679283142,1
10780,4,Staggering/Unbalanced Movement,1,0.8416897058486938,1
10781,4,Staggering/Unbalanced Movement,1,0.8747571706771851,1
10782,4,Staggering/Unbalanced Movement,1,0.8524331450462341,1
10783,4,Staggering/Unbalanced Movement,1,0.9819548726081848,1
10784,4,Staggering/Unbalanced Movement,1,0.8130520582199097,1
10785,4,Staggering/Unbalanced Movement,1,0.9174054861068726,1
10786,4,Staggering/Unbalanced Movement,1,0.9504243731498718,1
10787,4,Staggering/Unbalanced Movement,1,0.9193295240402222,1
10788,4,Staggering/Unbalanced Movement,1,0.9599894881248474,1
10789,4,Staggering/Unbalanced Movement,1,0.9338979721069336,1
10790,4,Staggering/Unbalanced Movement,1,0.8084434270858765,1
10791,4,Staggering/Unbalanced Movement,1,0.9244967699050903,1
10792,4,Staggering/Unbalanced Movement,1,0.3243183195590973,0
10793,4,Staggering/Unbalanced Movement,1,0.8742689490318298,1
10794,4,Staggering/Unbalanced Movement,1,0.6132438778877258,1
10795,4,Staggering/Unbalanced Movement,1,0.6812791228294373,1
10796,4,Staggering/Unbalanced Movement,1,0.26542648673057556,0
10797,5,Staggering/Unbalanced Movement,1,0.9694995880126953,1
10798,5,Staggering/Unbalanced Movement,1,0.9812877774238586,1
10799,5,Staggering/Unbalanced Movement,1,0.9623575210571289,1
10800,5,Staggering/Unbalanced Movement,1,0.9622851014137268,1
10801,5,Staggering/Unbalanced Movement,1,0.9767357707023621,1
10802,5,Staggering/Unbalanced Movement,1,0.9634824395179749,1
10803,5,Staggering/Unbalanced Movement,1,0.99241042137146,1
10804,5,Staggering/Unbalanced Movement,1,0.8818401098251343,1
10805,5,Staggering/Unbalanced Movement,1,0.9512038826942444,1
10806,5,Staggering/Unbalanced Movement,1,0.8790307641029358,1
10807,5,Staggering/Unbalanced Movement,1,0.9629856944084167,1
10808,5,Staggering/Unbalanced Movement,1,0.9713684916496277,1
10809,5,Staggering/Unbalanced Movement,1,0.9743611216545105,1
10810,5,Staggering/Unbalanced Movement,1,0.9524294137954712,1
10811,5,Staggering/Unbalanced Movement,1,0.9869757294654846,1
10812,5,Staggering/Unbalanced Movement,1,0.9888566136360168,1
10813,5,Staggering/Unbalanced Movement,1,0.7817003726959229,1
10814,5,Staggering/Unbalanced Movement,1,0.6686927676200867,1
10815,5,Staggering/Unbalanced Movement,1,0.6367198824882507,1
10816,5,Staggering/Unbalanced Movement,1,0.7015058994293213,1
10817,5,Staggering/Unbalanced Movement,1,0.9510823488235474,1
10818,5,Staggering/Unbalanced Movement,1,0.8201970458030701,1
10819,5,Staggering/Unbalanced Movement,1,0.8841067552566528,1
10820,5,Staggering/Unbalanced Movement,1,0.9193761944770813,1
10821,5,Staggering/Unbalanced Movement,1,0.9146523475646973,1
10822,5,Staggering/Unbalanced Movement,1,0.855620265007019,1
10823,5,Staggering/Unbalanced Movement,1,0.6883755326271057,1
10824,5,Staggering/Unbalanced Movement,1,0.7070983052253723,1
10825,5,Staggering/Unbalanced Movement,1,0.9521479606628418,1
10826,5,Staggering/Unbalanced Movement,1,0.9633311629295349,1
10827,6,Staggering/Unbalanced Movement,1,0.9867720007896423,1
10828,6,Staggering/Unbalanced Movement,1,0.9857335090637207,1
10829,6,Staggering/Unbalanced Movement,1,0.9865853786468506,1
10830,6,Staggering/Unbalanced Movement,1,0.9579509496688843,1
10831,6,Staggering/Unbalanced Movement,1,0.928263247013092,1
10832,6,Staggering/Unbalanced Movement,1,0.7417330145835876,1
10833,6,Staggering/Unbalanced Movement,1,0.928865373134613,1
10834,6,Staggering/Unbalanced Movement,1,0.949834942817688,1
10835,6,Staggering/Unbalanced Movement,1,0.9938241243362427,1
10836,6,Staggering/Unbalanced Movement,1,0.925384521484375,1
10837,6,Staggering/Unbalanced Movement,1,0.9811975359916687,1
10838,6,Staggering/Unbalanced Movement,1,0.9784021973609924,1
10839,6,Staggering/Unbalanced Movement,1,0.900618851184845,1
10840,6,Staggering/Unbalanced Movement,1,0.9741601347923279,1
10841,6,Staggering/Unbalanced Movement,1,0.9834798574447632,1
10842,6,Staggering/Unbalanced Movement,1,0.8605042099952698,1
10843,6,Staggering/Unbalanced Movement,1,0.9736018180847168,1
10844,6,Staggering/Unbalanced Movement,1,0.9687719345092773,1
10845,7,Staggering/Unbalanced Movement,1,0.9137756824493408,1
10846,7,Staggering/Unbalanced Movement,1,0.9662851095199585,1
10847,7,Staggering/Unbalanced Movement,1,0.9780358076095581,1
10848,7,Staggering/Unbalanced Movement,1,0.3957321345806122,0
10849,7,Staggering/Unbalanced Movement,1,0.662744402885437,1
10850,7,Staggering/Unbalanced Movement,1,0.7174028158187866,1
10851,7,Staggering/Unbalanced Movement,1,0.9294517636299133,1
10852,7,Staggering/Unbalanced Movement,1,0.9629186987876892,1
10853,7,Staggering/Unbalanced Movement,1,0.828684389591217,1
10854,7,Staggering/Unbalanced Movement,1,0.8010300993919373,1
10855,7,Staggering/Unbalanced Movement,1,0.6642729043960571,1
10856,7,Staggering/Unbalanced Movement,1,0.9413952231407166,1
10857,7,Staggering/Unbalanced Movement,1,0.9882583022117615,1
10858,7,Staggering/Unbalanced Movement,1,0.6575932502746582,1
10859,7,Staggering/Unbalanced Movement,1,0.4779724180698395,0
10860,7,Staggering/Unbalanced Movement,1,0.756342887878418,1
10861,7,Staggering/Unbalanced Movement,1,0.9168915748596191,1
10862,7,Staggering/Unbalanced Movement,1,0.8619186878204346,1
10863,7,Staggering/Unbalanced Movement,1,0.9678818583488464,1
10864,7,Staggering/Unbalanced Movement,1,0.5343513488769531,1
10865,7,Staggering/Unbalanced Movement,1,0.7504103779792786,1
10866,7,Staggering/Unbalanced Movement,1,0.7484907507896423,1
10867,7,Staggering/Unbalanced Movement,1,0.8229047060012817,1
10868,7,Staggering/Unbalanced Movement,1,0.8652873635292053,1
10869,7,Staggering/Unbalanced Movement,1,0.9216341376304626,1
10870,7,Staggering/Unbalanced Movement,1,0.9388940334320068,1
10871,7,Staggering/Unbalanced Movement,1,0.22964423894882202,0
10872,7,Staggering/Unbalanced Movement,1,0.8963144421577454,1
10873,7,Staggering/Unbalanced Movement,1,0.7011066675186157,1
10874,7,Staggering/Unbalanced Movement,1,0.9697442650794983,1
10875,7,Staggering/Unbalanced Movement,1,0.9655279517173767,1
10876,7,Staggering/Unbalanced Movement,1,0.7985401749610901,1
10877,7,Staggering/Unbalanced Movement,1,0.8247318267822266,1
10878,7,Staggering/Unbalanced Movement,1,0.47828367352485657,0
10879,7,Staggering/Unbalanced Movement,1,0.887128472328186,1
10880,7,Staggering/Unbalanced Movement,1,0.6630158424377441,1
10881,7,Staggering/Unbalanced Movement,1,0.8877546787261963,1
10882,7,Staggering/Unbalanced Movement,1,0.9340006113052368,1
10883,7,Staggering/Unbalanced Movement,1,0.9768004417419434,1
10884,7,Staggering/Unbalanced Movement,1,0.8318774104118347,1
10885,7,Staggering/Unbalanced Movement,1,0.7258062362670898,1
10886,7,Staggering/Unbalanced Movement,1,0.9510936737060547,1
10887,7,Staggering/Unbalanced Movement,1,0.9333965182304382,1
10888,7,Staggering/Unbalanced Movement,1,0.7102127075195312,1
10889,7,Staggering/Unbalanced Movement,1,0.8926401138305664,1
10890,7,Staggering/Unbalanced Movement,1,0.9557924270629883,1
10891,7,Staggering/Unbalanced Movement,1,0.9618711471557617,1
10892,7,Staggering/Unbalanced Movement,1,0.8997597098350525,1
10893,7,Staggering/Unbalanced Movement,1,0.32565784454345703,0
10894,7,Staggering/Unbalanced Movement,1,0.7745543718338013,1
10895,7,Staggering/Unbalanced Movement,1,0.4856942594051361,0
10896,7,Staggering/Unbalanced Movement,1,0.8779242038726807,1
10897,7,Staggering/Unbalanced Movement,1,0.8156918287277222,1
10898,7,Staggering/Unbalanced Movement,1,0.714505136013031,1
10899,7,Staggering/Unbalanced Movement,1,0.8184480667114258,1
10900,7,Staggering/Unbalanced Movement,1,0.9677203297615051,1
10901,7,Staggering/Unbalanced Movement,1,0.9785869717597961,1
10902,7,Staggering/Unbalanced Movement,1,0.5264511108398438,1
10903,7,Staggering/Unbalanced Movement,1,0.9470950365066528,1
10904,7,Staggering/Unbalanced Movement,1,0.9129191040992737,1
10905,7,Staggering/Unbalanced Movement,1,0.882468581199646,1
10906,7,Staggering/Unbalanced Movement,1,0.8479106426239014,1
10907,7,Staggering/Unbalanced Movement,1,0.7224878072738647,1
10908,7,Staggering/Unbalanced Movement,1,0.5664821863174438,1
10909,7,Staggering/Unbalanced Movement,1,0.7427036166191101,1
10910,7,Staggering/Unbalanced Movement,1,0.9030667543411255,1
10911,7,Staggering/Unbalanced Movement,1,0.9833782911300659,1
10912,7,Staggering/Unbalanced Movement,1,0.4560491442680359,0
10913,7,Staggering/Unbalanced Movement,1,0.705413281917572,1
10914,7,Staggering/Unbalanced Movement,1,0.7924579381942749,1
10915,7,Staggering/Unbalanced Movement,1,0.4423007071018219,0
10916,7,Staggering/Unbalanced Movement,1,0.6096134781837463,1
10917,7,Staggering/Unbalanced Movement,1,0.5127947926521301,1
10918,7,Staggering/Unbalanced Movement,1,0.19381794333457947,0
10919,7,Staggering/Unbalanced Movement,1,0.6939504146575928,1
10920,7,Staggering/Unbalanced Movement,1,0.5767951011657715,1
10921,7,Staggering/Unbalanced Movement,1,0.47343578934669495,0
10922,7,Staggering/Unbalanced Movement,1,0.8757354021072388,1
10923,7,Staggering/Unbalanced Movement,1,0.41740715503692627,0
10924,7,Staggering/Unbalanced Movement,1,0.7475102543830872,1
10925,7,Staggering/Unbalanced Movement,1,0.12389709055423737,0
10926,7,Staggering/Unbalanced Movement,1,0.8170310258865356,1
10927,7,Staggering/Unbalanced Movement,1,0.9682754874229431,1
10928,7,Staggering/Unbalanced Movement,1,0.9409782886505127,1
10929,7,Staggering/Unbalanced Movement,1,0.8288477659225464,1
10930,7,Staggering/Unbalanced Movement,1,0.15942862629890442,0
10931,7,Staggering/Unbalanced Movement,1,0.5717514157295227,1
10932,7,Staggering/Unbalanced Movement,1,0.25633808970451355,0
10933,7,Staggering/Unbalanced Movement,1,0.9443191289901733,1
10934,7,Staggering/Unbalanced Movement,1,0.8300454616546631,1
10935,7,Staggering/Unbalanced Movement,1,0.8184349536895752,1
10936,7,Staggering/Unbalanced Movement,1,0.7092869877815247,1
10937,7,Staggering/Unbalanced Movement,1,0.910090982913971,1
10938,7,Staggering/Unbalanced Movement,1,0.21312594413757324,0
10939,7,Staggering/Unbalanced Movement,1,0.5363203287124634,1
10940,7,Staggering/Unbalanced Movement,1,0.3635915517807007,0
10941,7,Staggering/Unbalanced Movement,1,0.8354876041412354,1
10942,7,Staggering/Unbalanced Movement,1,0.9483852386474609,1
10943,7,Staggering/Unbalanced Movement,1,0.9772287607192993,1
10944,7,Staggering/Unbalanced Movement,1,0.9903324246406555,1
10945,7,Staggering/Unbalanced Movement,1,0.9927733540534973,1
10946,7,Staggering/Unbalanced Movement,1,0.9422377347946167,1
10947,7,Staggering/Unbalanced Movement,1,0.7623735666275024,1
10948,7,Staggering/Unbalanced Movement,1,0.7874618172645569,1
10949,7,Staggering/Unbalanced Movement,1,0.4670519530773163,0
10950,7,Staggering/Unbalanced Movement,1,0.4692981243133545,0
10951,7,Staggering/Unbalanced Movement,1,0.9370743632316589,1
10952,7,Staggering/Unbalanced Movement,1,0.9258496761322021,1
10953,7,Staggering/Unbalanced Movement,1,0.9120621681213379,1
10954,7,Staggering/Unbalanced Movement,1,0.9837906956672668,1
10955,7,Staggering/Unbalanced Movement,1,0.9865689277648926,1
10956,7,Staggering/Unbalanced Movement,1,0.8898599147796631,1
10957,7,Staggering/Unbalanced Movement,1,0.8905377984046936,1
10958,7,Staggering/Unbalanced Movement,1,0.8554536700248718,1
10959,7,Staggering/Unbalanced Movement,1,0.9206991791725159,1
10960,7,Staggering/Unbalanced Movement,1,0.7440770864486694,1
10961,7,Staggering/Unbalanced Movement,1,0.8859607577323914,1
10962,7,Staggering/Unbalanced Movement,1,0.9339390397071838,1
10963,7,Staggering/Unbalanced Movement,1,0.9566062092781067,1
10964,7,Staggering/Unbalanced Movement,1,0.9819526076316833,1
10965,7,Staggering/Unbalanced Movement,1,0.9807881116867065,1
10966,7,Staggering/Unbalanced Movement,1,0.9753789305686951,1
10967,7,Staggering/Unbalanced Movement,1,0.9038384556770325,1
10968,7,Staggering/Unbalanced Movement,1,0.6932779550552368,1
10969,7,Staggering/Unbalanced Movement,1,0.9035780429840088,1
10970,7,Staggering/Unbalanced Movement,1,0.6402118802070618,1
10971,7,Staggering/Unbalanced Movement,1,0.47231525182724,0
10972,7,Staggering/Unbalanced Movement,1,0.47403132915496826,0
10973,7,Staggering/Unbalanced Movement,1,0.47039321064949036,0
10974,7,Staggering/Unbalanced Movement,1,0.9842903017997742,1
10975,7,Staggering/Unbalanced Movement,1,0.8410943150520325,1
10976,7,Staggering/Unbalanced Movement,1,0.6565725803375244,1
10977,7,Staggering/Unbalanced Movement,1,0.10959865152835846,0
10978,7,Staggering/Unbalanced Movement,1,0.8811480402946472,1
10979,7,Staggering/Unbalanced Movement,1,0.973086416721344,1
10980,7,Staggering/Unbalanced Movement,1,0.762646496295929,1
10981,7,Staggering/Unbalanced Movement,1,0.93532395362854,1
10982,7,Staggering/Unbalanced Movement,1,0.6658048033714294,1
10983,7,Staggering/Unbalanced Movement,1,0.9309513568878174,1
10984,7,Staggering/Unbalanced Movement,1,0.9240472316741943,1
10985,7,Staggering/Unbalanced Movement,1,0.8431685566902161,1
10986,7,Staggering/Unbalanced Movement,1,0.9104357957839966,1
10987,7,Staggering/Unbalanced Movement,1,0.8851898908615112,1
10988,7,Staggering/Unbalanced Movement,1,0.9501070380210876,1
10989,7,Staggering/Unbalanced Movement,1,0.9255837202072144,1
10990,7,Staggering/Unbalanced Movement,1,0.5342332124710083,1
10991,7,Staggering/Unbalanced Movement,1,0.06208660826086998,0
10992,7,Staggering/Unbalanced Movement,1,0.691993772983551,1
10993,7,Staggering/Unbalanced Movement,1,0.6350866556167603,1
10994,7,Staggering/Unbalanced Movement,1,0.3359946608543396,0
10995,7,Staggering/Unbalanced Movement,1,0.7262560725212097,1
10996,7,Staggering/Unbalanced Movement,1,0.4152694046497345,0
10997,7,Staggering/Unbalanced Movement,1,0.7899805903434753,1
10998,7,Staggering/Unbalanced Movement,1,0.3381820321083069,0
10999,7,Staggering/Unbalanced Movement,1,0.8875790238380432,1
11000,7,Staggering/Unbalanced Movement,1,0.6426228284835815,1
11001,7,Staggering/Unbalanced Movement,1,0.3320107161998749,0
11002,7,Staggering/Unbalanced Movement,1,0.8715407848358154,1
11003,7,Staggering/Unbalanced Movement,1,0.9426038861274719,1
11004,7,Staggering/Unbalanced Movement,1,0.45347556471824646,0
11005,7,Staggering/Unbalanced Movement,1,0.153694286942482,0
11006,7,Staggering/Unbalanced Movement,1,0.5127812027931213,1
11007,7,Staggering/Unbalanced Movement,1,0.6224117875099182,1
11008,7,Staggering/Unbalanced Movement,1,0.4030263423919678,0
11009,7,Staggering/Unbalanced Movement,1,0.7659574151039124,1
11010,7,Staggering/Unbalanced Movement,1,0.6056904196739197,1
11011,7,Staggering/Unbalanced Movement,1,0.5414308905601501,1
11012,7,Staggering/Unbalanced Movement,1,0.45407652854919434,0
11013,7,Staggering/Unbalanced Movement,1,0.9386704564094543,1
11014,7,Staggering/Unbalanced Movement,1,0.9860377907752991,1
11015,7,Staggering/Unbalanced Movement,1,0.6364955902099609,1
11016,7,Staggering/Unbalanced Movement,1,0.9310781359672546,1
11017,7,Staggering/Unbalanced Movement,1,0.8562247157096863,1
11018,7,Staggering/Unbalanced Movement,1,0.953332245349884,1
11019,7,Staggering/Unbalanced Movement,1,0.9176535606384277,1
11020,7,Staggering/Unbalanced Movement,1,0.9615160226821899,1
11021,7,Staggering/Unbalanced Movement,1,0.9707118272781372,1
11022,7,Staggering/Unbalanced Movement,1,0.6285170912742615,1
11023,7,Staggering/Unbalanced Movement,1,0.7228628993034363,1
11024,7,Staggering/Unbalanced Movement,1,0.9413673281669617,1
11025,7,Staggering/Unbalanced Movement,1,0.9654903411865234,1
11026,7,Staggering/Unbalanced Movement,1,0.7412222027778625,1
11027,7,Staggering/Unbalanced Movement,1,0.8274040818214417,1
11028,7,Staggering/Unbalanced Movement,1,0.7797267436981201,1
11029,7,Staggering/Unbalanced Movement,1,0.26558002829551697,0
11030,7,Staggering/Unbalanced Movement,1,0.25959309935569763,0
11031,7,Staggering/Unbalanced Movement,1,0.690366804599762,1
11032,7,Staggering/Unbalanced Movement,1,0.8975028991699219,1
11033,7,Staggering/Unbalanced Movement,1,0.9916913509368896,1
11034,7,Staggering/Unbalanced Movement,1,0.9335280060768127,1
11035,7,Staggering/Unbalanced Movement,1,0.11853078752756119,0
11036,7,Staggering/Unbalanced Movement,1,0.2938106060028076,0
11037,7,Staggering/Unbalanced Movement,1,0.5172856450080872,1
11038,7,Staggering/Unbalanced Movement,1,0.7943084239959717,1
11039,7,Staggering/Unbalanced Movement,1,0.8565689921379089,1
11040,7,Staggering/Unbalanced Movement,1,0.9396157264709473,1
11041,7,Staggering/Unbalanced Movement,1,0.3296421766281128,0
11042,7,Staggering/Unbalanced Movement,1,0.7744136452674866,1
11043,7,Staggering/Unbalanced Movement,1,0.4452686607837677,0
11044,7,Staggering/Unbalanced Movement,1,0.9873138070106506,1
11045,7,Staggering/Unbalanced Movement,1,0.9464283585548401,1
11046,7,Staggering/Unbalanced Movement,1,0.5295071005821228,1
11047,7,Staggering/Unbalanced Movement,1,0.3645953834056854,0
11048,7,Staggering/Unbalanced Movement,1,0.3578473627567291,0
11049,7,Staggering/Unbalanced Movement,1,0.24499571323394775,0
11050,7,Staggering/Unbalanced Movement,1,0.9473605751991272,1
11051,7,Staggering/Unbalanced Movement,1,0.6864256262779236,1
11052,7,Staggering/Unbalanced Movement,1,0.6451224088668823,1
11053,7,Staggering/Unbalanced Movement,1,0.5649835467338562,1
11054,7,Staggering/Unbalanced Movement,1,0.4710375666618347,0
11055,7,Staggering/Unbalanced Movement,1,0.9557357430458069,1
11056,7,Staggering/Unbalanced Movement,1,0.5593530535697937,1
11057,7,Staggering/Unbalanced Movement,1,0.2779060900211334,0
11058,7,Staggering/Unbalanced Movement,1,0.16948135197162628,0
11059,7,Staggering/Unbalanced Movement,1,0.09031642228364944,0
11060,7,Staggering/Unbalanced Movement,1,0.9838908314704895,1
11061,7,Staggering/Unbalanced Movement,1,0.3335481584072113,0
11062,7,Staggering/Unbalanced Movement,1,0.2966632843017578,0
11063,7,Staggering/Unbalanced Movement,1,0.8214520812034607,1
11064,7,Staggering/Unbalanced Movement,1,0.8915848731994629,1
11065,7,Staggering/Unbalanced Movement,1,0.7886806130409241,1
11066,7,Staggering/Unbalanced Movement,1,0.9689236879348755,1
11067,7,Staggering/Unbalanced Movement,1,0.6016994714736938,1
11068,7,Staggering/Unbalanced Movement,1,0.8040127158164978,1
11069,7,Staggering/Unbalanced Movement,1,0.5964505672454834,1
11070,7,Staggering/Unbalanced Movement,1,0.8078680038452148,1
11071,7,Staggering/Unbalanced Movement,1,0.7403646111488342,1
11072,7,Staggering/Unbalanced Movement,1,0.8947990536689758,1
11073,7,Staggering/Unbalanced Movement,1,0.1900448352098465,0
11074,7,Staggering/Unbalanced Movement,1,0.070515938103199,0
11075,7,Staggering/Unbalanced Movement,1,0.4202396869659424,0
11076,7,Staggering/Unbalanced Movement,1,0.03903349116444588,0
11077,7,Staggering/Unbalanced Movement,1,0.2022903561592102,0
11078,7,Staggering/Unbalanced Movement,1,0.7998352646827698,1
11079,7,Staggering/Unbalanced Movement,1,0.6471104025840759,1
11080,7,Staggering/Unbalanced Movement,1,0.551144003868103,1
11081,7,Staggering/Unbalanced Movement,1,0.606903612613678,1
11082,7,Staggering/Unbalanced Movement,1,0.6322041153907776,1
11083,7,Staggering/Unbalanced Movement,1,0.8174963593482971,1
11084,7,Staggering/Unbalanced Movement,1,0.9449999928474426,1
11085,7,Staggering/Unbalanced Movement,1,0.4476670026779175,0
11086,7,Staggering/Unbalanced Movement,1,0.1605323702096939,0
11087,7,Staggering/Unbalanced Movement,1,0.5327771306037903,1
11088,7,Staggering/Unbalanced Movement,1,0.799838662147522,1
11089,7,Staggering/Unbalanced Movement,1,0.7156680822372437,1
11090,7,Staggering/Unbalanced Movement,1,0.9276249408721924,1
11091,7,Staggering/Unbalanced Movement,1,0.8514826893806458,1
11092,7,Staggering/Unbalanced Movement,1,0.8171588778495789,1
11093,7,Staggering/Unbalanced Movement,1,0.8029799461364746,1
11094,7,Staggering/Unbalanced Movement,1,0.7058184742927551,1
11095,7,Staggering/Unbalanced Movement,1,0.6359608173370361,1
11096,7,Staggering/Unbalanced Movement,1,0.8772572875022888,1
11097,7,Staggering/Unbalanced Movement,1,0.8555002808570862,1
11098,7,Staggering/Unbalanced Movement,1,0.7886812090873718,1
11099,7,Staggering/Unbalanced Movement,1,0.9502108693122864,1
11100,7,Staggering/Unbalanced Movement,1,0.7705804109573364,1
11101,7,Staggering/Unbalanced Movement,1,0.32202136516571045,0
11102,7,Staggering/Unbalanced Movement,1,0.8001859784126282,1
11103,7,Staggering/Unbalanced Movement,1,0.7230135798454285,1
11104,7,Staggering/Unbalanced Movement,1,0.35278743505477905,0
11105,7,Staggering/Unbalanced Movement,1,0.7378098964691162,1
11106,7,Staggering/Unbalanced Movement,1,0.9445284008979797,1
11107,7,Staggering/Unbalanced Movement,1,0.8084369897842407,1
11108,7,Staggering/Unbalanced Movement,1,0.8430353403091431,1
11109,7,Staggering/Unbalanced Movement,1,0.3010697066783905,0
11110,7,Staggering/Unbalanced Movement,1,0.24986954033374786,0
11111,7,Staggering/Unbalanced Movement,1,0.9179472923278809,1
11112,7,Staggering/Unbalanced Movement,1,0.7365744113922119,1
11113,7,Staggering/Unbalanced Movement,1,0.854814887046814,1
11114,7,Staggering/Unbalanced Movement,1,0.20920294523239136,0
11115,7,Staggering/Unbalanced Movement,1,0.17630499601364136,0
11116,7,Staggering/Unbalanced Movement,1,0.7661228179931641,1
11117,7,Staggering/Unbalanced Movement,1,0.7294967174530029,1
11118,7,Staggering/Unbalanced Movement,1,0.7309045791625977,1
11119,7,Staggering/Unbalanced Movement,1,0.329721599817276,0
11120,7,Staggering/Unbalanced Movement,1,0.2679855525493622,0
11121,7,Staggering/Unbalanced Movement,1,0.6836272478103638,1
11122,7,Staggering/Unbalanced Movement,1,0.9472037553787231,1
11123,7,Staggering/Unbalanced Movement,1,0.45603710412979126,0
11124,7,Staggering/Unbalanced Movement,1,0.9409217238426208,1
11125,7,Staggering/Unbalanced Movement,1,0.8012772798538208,1
11126,7,Staggering/Unbalanced Movement,1,0.983878493309021,1
11127,7,Staggering/Unbalanced Movement,1,0.6122239232063293,1
11128,7,Staggering/Unbalanced Movement,1,0.9742214679718018,1
11129,7,Staggering/Unbalanced Movement,1,0.7199583649635315,1
11130,7,Staggering/Unbalanced Movement,1,0.7385907769203186,1
11131,7,Staggering/Unbalanced Movement,1,0.33252227306365967,0
11132,7,Staggering/Unbalanced Movement,1,0.32500940561294556,0
11133,7,Staggering/Unbalanced Movement,1,0.635442852973938,1
11134,7,Staggering/Unbalanced Movement,1,0.3993420898914337,0
11135,7,Staggering/Unbalanced Movement,1,0.4700821340084076,0
11136,7,Staggering/Unbalanced Movement,1,0.16087058186531067,0
11137,7,Staggering/Unbalanced Movement,1,0.7144664525985718,1
11138,7,Staggering/Unbalanced Movement,1,0.8623839020729065,1
11139,7,Staggering/Unbalanced Movement,1,0.55583655834198,1
11140,7,Staggering/Unbalanced Movement,1,0.14983436465263367,0
11141,7,Staggering/Unbalanced Movement,1,0.4439217448234558,0
11142,7,Staggering/Unbalanced Movement,1,0.049506668001413345,0
11143,7,Staggering/Unbalanced Movement,1,0.41156572103500366,0
11144,7,Staggering/Unbalanced Movement,1,0.27819228172302246,0
11145,7,Staggering/Unbalanced Movement,1,0.8681357502937317,1
11146,7,Staggering/Unbalanced Movement,1,0.7194896936416626,1
11147,7,Staggering/Unbalanced Movement,1,0.8062134981155396,1
11148,7,Staggering/Unbalanced Movement,1,0.74814373254776,1
11149,7,Staggering/Unbalanced Movement,1,0.7273364663124084,1
11150,7,Staggering/Unbalanced Movement,1,0.8987162709236145,1
11151,7,Staggering/Unbalanced Movement,1,0.7658070921897888,1
11152,7,Staggering/Unbalanced Movement,1,0.8454180359840393,1
11153,7,Staggering/Unbalanced Movement,1,0.6895666718482971,1
11154,7,Staggering/Unbalanced Movement,1,0.7555508017539978,1
11155,7,Staggering/Unbalanced Movement,1,0.7516000866889954,1
11156,7,Staggering/Unbalanced Movement,1,0.8241050243377686,1
11157,7,Staggering/Unbalanced Movement,1,0.8919817805290222,1
11158,7,Staggering/Unbalanced Movement,1,0.982231080532074,1
11159,7,Staggering/Unbalanced Movement,1,0.49168774485588074,0
11160,7,Staggering/Unbalanced Movement,1,0.987865149974823,1
11161,7,Staggering/Unbalanced Movement,1,0.9479366540908813,1
11162,7,Staggering/Unbalanced Movement,1,0.9088241457939148,1
11163,7,Staggering/Unbalanced Movement,1,0.7892782092094421,1
11164,7,Staggering/Unbalanced Movement,1,0.8640155792236328,1
11165,7,Staggering/Unbalanced Movement,1,0.5169802308082581,1
11166,7,Staggering/Unbalanced Movement,1,0.4257996380329132,0
11167,7,Staggering/Unbalanced Movement,1,0.6807756423950195,1
11168,7,Staggering/Unbalanced Movement,1,0.8559702634811401,1
11169,7,Staggering/Unbalanced Movement,1,0.8510963916778564,1
11170,7,Staggering/Unbalanced Movement,1,0.7130503058433533,1
11171,7,Staggering/Unbalanced Movement,1,0.8577798008918762,1
11172,7,Staggering/Unbalanced Movement,1,0.9388507604598999,1
11173,7,Staggering/Unbalanced Movement,1,0.8569772839546204,1
11174,7,Staggering/Unbalanced Movement,1,0.9075236916542053,1
11175,7,Staggering/Unbalanced Movement,1,0.7491049766540527,1
11176,7,Staggering/Unbalanced Movement,1,0.9203416109085083,1
11177,7,Staggering/Unbalanced Movement,1,0.9528205990791321,1
11178,7,Staggering/Unbalanced Movement,1,0.7997498512268066,1
11179,7,Staggering/Unbalanced Movement,1,0.8871725797653198,1
11180,7,Staggering/Unbalanced Movement,1,0.9137663245201111,1
11181,7,Staggering/Unbalanced Movement,1,0.9791668057441711,1
11182,7,Staggering/Unbalanced Movement,1,0.9581446051597595,1
11183,7,Staggering/Unbalanced Movement,1,0.8767896890640259,1
11184,7,Staggering/Unbalanced Movement,1,0.8794606328010559,1
11185,7,Staggering/Unbalanced Movement,1,0.8192856311798096,1
11186,7,Staggering/Unbalanced Movement,1,0.9605791568756104,1
11187,7,Staggering/Unbalanced Movement,1,0.9785780906677246,1
11188,7,Staggering/Unbalanced Movement,1,0.4715276062488556,0
11189,7,Staggering/Unbalanced Movement,1,0.6183040738105774,1
11190,7,Staggering/Unbalanced Movement,1,0.9365495443344116,1
11191,7,Staggering/Unbalanced Movement,1,0.689197301864624,1
11192,7,Staggering/Unbalanced Movement,1,0.9592017531394958,1
11193,7,Staggering/Unbalanced Movement,1,0.3346066176891327,0
11194,7,Staggering/Unbalanced Movement,1,0.6692529320716858,1
11195,7,Staggering/Unbalanced Movement,1,0.7503129243850708,1
11196,7,Staggering/Unbalanced Movement,1,0.8092932105064392,1
11197,7,Staggering/Unbalanced Movement,1,0.7074965238571167,1
11198,7,Staggering/Unbalanced Movement,1,0.6482341885566711,1
11199,7,Staggering/Unbalanced Movement,1,0.6608417630195618,1
11200,7,Staggering/Unbalanced Movement,1,0.7784325480461121,1
11201,7,Staggering/Unbalanced Movement,1,0.7987797856330872,1
11202,7,Staggering/Unbalanced Movement,1,0.9160912036895752,1
11203,7,Staggering/Unbalanced Movement,1,0.7553937435150146,1
11204,7,Staggering/Unbalanced Movement,1,0.8825732469558716,1
11205,7,Staggering/Unbalanced Movement,1,0.7459717392921448,1
11206,7,Staggering/Unbalanced Movement,1,0.711558997631073,1
11207,7,Staggering/Unbalanced Movement,1,0.934090256690979,1
11208,7,Staggering/Unbalanced Movement,1,0.9681389927864075,1
11209,7,Staggering/Unbalanced Movement,1,0.9291617274284363,1
11210,7,Staggering/Unbalanced Movement,1,0.9674921631813049,1
11211,7,Staggering/Unbalanced Movement,1,0.9558080434799194,1
11212,7,Staggering/Unbalanced Movement,1,0.7958212494850159,1
11213,7,Staggering/Unbalanced Movement,1,0.7636228799819946,1
11214,7,Staggering/Unbalanced Movement,1,0.7257177233695984,1
11215,7,Staggering/Unbalanced Movement,1,0.5128557682037354,1
11216,7,Staggering/Unbalanced Movement,1,0.8347470164299011,1
11217,7,Staggering/Unbalanced Movement,1,0.925022304058075,1
11218,7,Staggering/Unbalanced Movement,1,0.6849207878112793,1
11219,7,Staggering/Unbalanced Movement,1,0.9044460654258728,1
11220,7,Staggering/Unbalanced Movement,1,0.9501603245735168,1
11221,7,Staggering/Unbalanced Movement,1,0.924129068851471,1
11222,7,Staggering/Unbalanced Movement,1,0.9787999391555786,1
11223,7,Staggering/Unbalanced Movement,1,0.974830687046051,1
11224,7,Staggering/Unbalanced Movement,1,0.7910261750221252,1
11225,7,Staggering/Unbalanced Movement,1,0.9369691610336304,1
11226,7,Staggering/Unbalanced Movement,1,0.39707544445991516,0
11227,7,Staggering/Unbalanced Movement,1,0.9492087960243225,1
11228,7,Staggering/Unbalanced Movement,1,0.4309808611869812,0
11229,7,Staggering/Unbalanced Movement,1,0.5878607034683228,1
11230,7,Staggering/Unbalanced Movement,1,0.5502573847770691,1
11231,7,Staggering/Unbalanced Movement,1,0.7656383514404297,1
11232,7,Staggering/Unbalanced Movement,1,0.6460292339324951,1
11233,7,Staggering/Unbalanced Movement,1,0.9444476962089539,1
11234,7,Staggering/Unbalanced Movement,1,0.5463091731071472,1
11235,7,Staggering/Unbalanced Movement,1,0.8101357221603394,1
11236,7,Staggering/Unbalanced Movement,1,0.7308464646339417,1
11237,7,Staggering/Unbalanced Movement,1,0.9379480481147766,1
11238,7,Staggering/Unbalanced Movement,1,0.5524212121963501,1
11239,7,Staggering/Unbalanced Movement,1,0.37040480971336365,0
11240,7,Staggering/Unbalanced Movement,1,0.1301601678133011,0
11241,7,Staggering/Unbalanced Movement,1,0.9630154371261597,1
11242,7,Staggering/Unbalanced Movement,1,0.9691266417503357,1
11243,7,Staggering/Unbalanced Movement,1,0.9078722596168518,1
11244,7,Staggering/Unbalanced Movement,1,0.6062383651733398,1
11245,7,Staggering/Unbalanced Movement,1,0.6795319318771362,1
11246,7,Staggering/Unbalanced Movement,1,0.906688928604126,1
11247,7,Staggering/Unbalanced Movement,1,0.8208795189857483,1
11248,7,Staggering/Unbalanced Movement,1,0.3813120126724243,0
11249,7,Staggering/Unbalanced Movement,1,0.6234894394874573,1
11250,7,Staggering/Unbalanced Movement,1,0.6165080666542053,1
11251,7,Staggering/Unbalanced Movement,1,0.6023682951927185,1
11252,7,Staggering/Unbalanced Movement,1,0.69974285364151,1
11253,7,Staggering/Unbalanced Movement,1,0.48860642313957214,0
11254,7,Staggering/Unbalanced Movement,1,0.8716312646865845,1
11255,7,Staggering/Unbalanced Movement,1,0.906714677810669,1
11256,7,Staggering/Unbalanced Movement,1,0.10507168620824814,0
11257,7,Staggering/Unbalanced Movement,1,0.2202657014131546,0
11258,7,Staggering/Unbalanced Movement,1,0.10725665092468262,0
11259,7,Staggering/Unbalanced Movement,1,0.1272457391023636,0
11260,7,Staggering/Unbalanced Movement,1,0.060041993856430054,0
11261,7,Staggering/Unbalanced Movement,1,0.6149206757545471,1
11262,7,Staggering/Unbalanced Movement,1,0.5692864656448364,1
11263,7,Staggering/Unbalanced Movement,1,0.30540183186531067,0
11264,7,Staggering/Unbalanced Movement,1,0.04691826552152634,0
11265,7,Staggering/Unbalanced Movement,1,0.05272556096315384,0
11266,7,Staggering/Unbalanced Movement,1,0.03317979350686073,0
11267,7,Staggering/Unbalanced Movement,1,0.6053099632263184,1
11268,7,Staggering/Unbalanced Movement,1,0.9767040014266968,1
11269,7,Staggering/Unbalanced Movement,1,0.3834090530872345,0
11270,7,Staggering/Unbalanced Movement,1,0.36974984407424927,0
11271,7,Staggering/Unbalanced Movement,1,0.35472866892814636,0
11272,7,Staggering/Unbalanced Movement,1,0.12173080444335938,0
11273,7,Staggering/Unbalanced Movement,1,0.15713846683502197,0
11274,7,Staggering/Unbalanced Movement,1,0.7834211587905884,1
11275,7,Staggering/Unbalanced Movement,1,0.8752596974372864,1
11276,7,Staggering/Unbalanced Movement,1,0.7488599419593811,1
11277,7,Staggering/Unbalanced Movement,1,0.2211403101682663,0
11278,7,Staggering/Unbalanced Movement,1,0.9357381463050842,1
11279,7,Staggering/Unbalanced Movement,1,0.8038908839225769,1
11280,7,Staggering/Unbalanced Movement,1,0.4203599989414215,0
11281,7,Staggering/Unbalanced Movement,1,0.7941758632659912,1
11282,7,Staggering/Unbalanced Movement,1,0.8304386734962463,1
11283,7,Staggering/Unbalanced Movement,1,0.9052402377128601,1
11284,7,Staggering/Unbalanced Movement,1,0.8503711819648743,1
11285,7,Staggering/Unbalanced Movement,1,0.1295989751815796,0
11286,7,Staggering/Unbalanced Movement,1,0.11977093666791916,0
11287,7,Staggering/Unbalanced Movement,1,0.9591518640518188,1
11288,7,Staggering/Unbalanced Movement,1,0.6740573048591614,1
11289,7,Staggering/Unbalanced Movement,1,0.7414063215255737,1
11290,7,Staggering/Unbalanced Movement,1,0.7123395800590515,1
11291,7,Staggering/Unbalanced Movement,1,0.7184579968452454,1
11292,7,Staggering/Unbalanced Movement,1,0.6818832159042358,1
11293,7,Staggering/Unbalanced Movement,1,0.43759387731552124,0
11294,7,Staggering/Unbalanced Movement,1,0.6128734350204468,1
11295,7,Staggering/Unbalanced Movement,1,0.6140756607055664,1
11296,7,Staggering/Unbalanced Movement,1,0.8526902198791504,1
11297,7,Staggering/Unbalanced Movement,1,0.8840237855911255,1
11298,7,Staggering/Unbalanced Movement,1,0.94952392578125,1
11299,7,Staggering/Unbalanced Movement,1,0.9695632457733154,1
11300,7,Staggering/Unbalanced Movement,1,0.9326545000076294,1
11301,7,Staggering/Unbalanced Movement,1,0.9586672782897949,1
11302,7,Staggering/Unbalanced Movement,1,0.27445241808891296,0
11303,7,Staggering/Unbalanced Movement,1,0.3555026054382324,0
11304,7,Staggering/Unbalanced Movement,1,0.36563411355018616,0
11305,7,Staggering/Unbalanced Movement,1,0.8213925957679749,1
11306,7,Staggering/Unbalanced Movement,1,0.5844768285751343,1
11307,7,Staggering/Unbalanced Movement,1,0.21302387118339539,0
11308,7,Staggering/Unbalanced Movement,1,0.0823071077466011,0
11309,7,Staggering/Unbalanced Movement,1,0.30556851625442505,0
11310,7,Staggering/Unbalanced Movement,1,0.8757376074790955,1
11311,7,Staggering/Unbalanced Movement,1,0.8567774891853333,1
11312,7,Staggering/Unbalanced Movement,1,0.7482407093048096,1
11313,7,Staggering/Unbalanced Movement,1,0.5536711812019348,1
11314,7,Staggering/Unbalanced Movement,1,0.5092861652374268,1
11315,7,Staggering/Unbalanced Movement,1,0.8817574381828308,1
11316,7,Staggering/Unbalanced Movement,1,0.8622359037399292,1
11317,7,Staggering/Unbalanced Movement,1,0.9362379908561707,1
11318,7,Staggering/Unbalanced Movement,1,0.9923965334892273,1
11319,7,Staggering/Unbalanced Movement,1,0.9841984510421753,1
11320,7,Staggering/Unbalanced Movement,1,0.6681631803512573,1
11321,7,Staggering/Unbalanced Movement,1,0.9035574197769165,1
11322,7,Staggering/Unbalanced Movement,1,0.8092891573905945,1
11323,7,Staggering/Unbalanced Movement,1,0.9741331338882446,1
11324,7,Staggering/Unbalanced Movement,1,0.9818036556243896,1
11325,7,Staggering/Unbalanced Movement,1,0.8767359852790833,1
11326,7,Staggering/Unbalanced Movement,1,0.9379143118858337,1
11327,7,Staggering/Unbalanced Movement,1,0.9550125002861023,1
11328,7,Staggering/Unbalanced Movement,1,0.9275174736976624,1
11329,7,Staggering/Unbalanced Movement,1,0.9120213985443115,1
11330,7,Staggering/Unbalanced Movement,1,0.7850449681282043,1
11331,7,Staggering/Unbalanced Movement,1,0.7440284490585327,1
11332,7,Staggering/Unbalanced Movement,1,0.6707941293716431,1
11333,7,Staggering/Unbalanced Movement,1,0.9193499684333801,1
11334,7,Staggering/Unbalanced Movement,1,0.18740320205688477,0
11335,7,Staggering/Unbalanced Movement,1,0.20655249059200287,0
11336,7,Staggering/Unbalanced Movement,1,0.6974262595176697,1
11337,7,Staggering/Unbalanced Movement,1,0.7474098205566406,1
11338,7,Staggering/Unbalanced Movement,1,0.5977994203567505,1
11339,7,Staggering/Unbalanced Movement,1,0.6732202768325806,1
11340,7,Staggering/Unbalanced Movement,1,0.528791069984436,1
11341,7,Staggering/Unbalanced Movement,1,0.6154502630233765,1
11342,7,Staggering/Unbalanced Movement,1,0.6410480737686157,1
11343,7,Staggering/Unbalanced Movement,1,0.9448140263557434,1
11344,7,Staggering/Unbalanced Movement,1,0.6700232028961182,1
11345,7,Staggering/Unbalanced Movement,1,0.39631980657577515,0
11346,7,Staggering/Unbalanced Movement,1,0.6337228417396545,1
11347,7,Staggering/Unbalanced Movement,1,0.9018074870109558,1
11348,7,Staggering/Unbalanced Movement,1,0.7554307579994202,1
11349,7,Staggering/Unbalanced Movement,1,0.7523359656333923,1
11350,7,Staggering/Unbalanced Movement,1,0.6995123624801636,1
11351,7,Staggering/Unbalanced Movement,1,0.20964637398719788,0
11352,7,Staggering/Unbalanced Movement,1,0.5157486200332642,1
11353,7,Staggering/Unbalanced Movement,1,0.5605908632278442,1
11354,7,Staggering/Unbalanced Movement,1,0.5963447690010071,1
11355,7,Staggering/Unbalanced Movement,1,0.8752955794334412,1
11356,7,Staggering/Unbalanced Movement,1,0.31352323293685913,0
11357,7,Staggering/Unbalanced Movement,1,0.8864060044288635,1
11358,7,Staggering/Unbalanced Movement,1,0.6180121898651123,1
11359,7,Staggering/Unbalanced Movement,1,0.6330705881118774,1
11360,7,Staggering/Unbalanced Movement,1,0.28177616000175476,0
11361,7,Staggering/Unbalanced Movement,1,0.35291045904159546,0
11362,7,Staggering/Unbalanced Movement,1,0.0427326001226902,0
11363,7,Staggering/Unbalanced Movement,1,0.7167415618896484,1
11364,7,Staggering/Unbalanced Movement,1,0.7061730027198792,1
11365,7,Staggering/Unbalanced Movement,1,0.2934286594390869,0
11366,7,Staggering/Unbalanced Movement,1,0.26504334807395935,0
11367,7,Staggering/Unbalanced Movement,1,0.16204361617565155,0
11368,7,Staggering/Unbalanced Movement,1,0.06974929571151733,0
11369,7,Staggering/Unbalanced Movement,1,0.039537519216537476,0
11370,7,Staggering/Unbalanced Movement,1,0.9610685706138611,1
11371,7,Staggering/Unbalanced Movement,1,0.9880186319351196,1
11372,7,Staggering/Unbalanced Movement,1,0.9689150452613831,1
11373,7,Staggering/Unbalanced Movement,1,0.9147713780403137,1
11374,7,Staggering/Unbalanced Movement,1,0.9132221937179565,1
11375,7,Staggering/Unbalanced Movement,1,0.9196695685386658,1
11376,7,Staggering/Unbalanced Movement,1,0.8736668825149536,1
11377,7,Staggering/Unbalanced Movement,1,0.970067024230957,1
11378,7,Staggering/Unbalanced Movement,1,0.9692602157592773,1
11379,7,Staggering/Unbalanced Movement,1,0.2653200328350067,0
11380,7,Staggering/Unbalanced Movement,1,0.5631489753723145,1
11381,7,Staggering/Unbalanced Movement,1,0.3364606499671936,0
11382,7,Staggering/Unbalanced Movement,1,0.5558423399925232,1
11383,7,Staggering/Unbalanced Movement,1,0.5654082298278809,1
11384,7,Staggering/Unbalanced Movement,1,0.6600845456123352,1
11385,7,Staggering/Unbalanced Movement,1,0.532223641872406,1
11386,7,Staggering/Unbalanced Movement,1,0.49011456966400146,0
11387,7,Staggering/Unbalanced Movement,1,0.7524057626724243,1
11388,8,Staggering/Unbalanced Movement,1,0.21080230176448822,0
11389,8,Staggering/Unbalanced Movement,1,0.1118110716342926,0
11390,8,Staggering/Unbalanced Movement,1,0.0418766550719738,0
11391,8,Staggering/Unbalanced Movement,1,0.16341593861579895,0
11392,8,Staggering/Unbalanced Movement,1,0.09979633241891861,0
11393,8,Staggering/Unbalanced Movement,1,0.5936430096626282,1
11394,8,Staggering/Unbalanced Movement,1,0.7346899509429932,1
11395,8,Staggering/Unbalanced Movement,1,0.6711691617965698,1
11396,8,Staggering/Unbalanced Movement,1,0.35155555605888367,0
11397,8,Staggering/Unbalanced Movement,1,0.11926199495792389,0
11398,8,Staggering/Unbalanced Movement,1,0.845837414264679,1
11399,8,Staggering/Unbalanced Movement,1,0.6014788746833801,1
11400,8,Staggering/Unbalanced Movement,1,0.5401071906089783,1
11401,8,Staggering/Unbalanced Movement,1,0.19564737379550934,0
11402,8,Staggering/Unbalanced Movement,1,0.041917115449905396,0
11403,8,Staggering/Unbalanced Movement,1,0.7431262731552124,1
11404,8,Staggering/Unbalanced Movement,1,0.71703040599823,1
11405,8,Staggering/Unbalanced Movement,1,0.7388042211532593,1
11406,8,Staggering/Unbalanced Movement,1,0.9775552749633789,1
11407,8,Staggering/Unbalanced Movement,1,0.9592902660369873,1
11408,8,Staggering/Unbalanced Movement,1,0.7930499315261841,1
11409,8,Staggering/Unbalanced Movement,1,0.8896833658218384,1
11410,8,Staggering/Unbalanced Movement,1,0.7692444324493408,1
11411,8,Staggering/Unbalanced Movement,1,0.7032175660133362,1
11412,8,Staggering/Unbalanced Movement,1,0.9570538997650146,1
11413,8,Staggering/Unbalanced Movement,1,0.8868522644042969,1
11414,8,Staggering/Unbalanced Movement,1,0.7811130881309509,1
11415,8,Staggering/Unbalanced Movement,1,0.8271980285644531,1
11416,8,Staggering/Unbalanced Movement,1,0.5288161635398865,1
11417,8,Staggering/Unbalanced Movement,1,0.2843434512615204,0
11418,8,Staggering/Unbalanced Movement,1,0.9666029810905457,1
11419,8,Staggering/Unbalanced Movement,1,0.9757015705108643,1
11420,8,Staggering/Unbalanced Movement,1,0.9412918090820312,1
11421,8,Staggering/Unbalanced Movement,1,0.9042864441871643,1
11422,8,Staggering/Unbalanced Movement,1,0.7655490636825562,1
11423,8,Staggering/Unbalanced Movement,1,0.8953644037246704,1
11424,8,Staggering/Unbalanced Movement,1,0.7988805770874023,1
11425,8,Staggering/Unbalanced Movement,1,0.7086594104766846,1
11426,8,Staggering/Unbalanced Movement,1,0.8634181618690491,1
11427,8,Staggering/Unbalanced Movement,1,0.6373100280761719,1
11428,8,Staggering/Unbalanced Movement,1,0.5916718244552612,1
11429,8,Staggering/Unbalanced Movement,1,0.6985607147216797,1
11430,8,Staggering/Unbalanced Movement,1,0.9448614120483398,1
11431,8,Staggering/Unbalanced Movement,1,0.8910896182060242,1
11432,8,Staggering/Unbalanced Movement,1,0.9345011115074158,1
11433,8,Staggering/Unbalanced Movement,1,0.8256286978721619,1
11434,8,Staggering/Unbalanced Movement,1,0.7792597413063049,1
11435,8,Staggering/Unbalanced Movement,1,0.9454202651977539,1
11436,8,Staggering/Unbalanced Movement,1,0.9868847131729126,1
11437,8,Staggering/Unbalanced Movement,1,0.977325439453125,1
11438,8,Staggering/Unbalanced Movement,1,0.9653599262237549,1
11439,8,Staggering/Unbalanced Movement,1,0.7539668083190918,1
11440,8,Staggering/Unbalanced Movement,1,0.9126325249671936,1
11441,8,Staggering/Unbalanced Movement,1,0.6563245058059692,1
11442,8,Staggering/Unbalanced Movement,1,0.9557392001152039,1
11443,8,Staggering/Unbalanced Movement,1,0.9680683016777039,1
11444,8,Staggering/Unbalanced Movement,1,0.9679080247879028,1
11445,8,Staggering/Unbalanced Movement,1,0.9514806270599365,1
11446,8,Staggering/Unbalanced Movement,1,0.8775451183319092,1
11447,8,Staggering/Unbalanced Movement,1,0.8519288897514343,1
11448,8,Staggering/Unbalanced Movement,1,0.8807724714279175,1
11449,8,Staggering/Unbalanced Movement,1,0.7692557573318481,1
11450,8,Staggering/Unbalanced Movement,1,0.8940995931625366,1
11451,8,Staggering/Unbalanced Movement,1,0.8520148992538452,1
11452,8,Staggering/Unbalanced Movement,1,0.7594761848449707,1
11453,8,Staggering/Unbalanced Movement,1,0.4529864490032196,0
11454,8,Staggering/Unbalanced Movement,1,0.8551909923553467,1
11455,8,Staggering/Unbalanced Movement,1,0.9214567542076111,1
11456,8,Staggering/Unbalanced Movement,1,0.9470914602279663,1
11457,8,Staggering/Unbalanced Movement,1,0.7712985873222351,1
11458,8,Staggering/Unbalanced Movement,1,0.8286911845207214,1
11459,8,Staggering/Unbalanced Movement,1,0.9021102786064148,1
11460,8,Staggering/Unbalanced Movement,1,0.9001277089118958,1
11461,8,Staggering/Unbalanced Movement,1,0.9426483511924744,1
11462,8,Staggering/Unbalanced Movement,1,0.8639726638793945,1
11463,8,Staggering/Unbalanced Movement,1,0.6553813219070435,1
11464,8,Staggering/Unbalanced Movement,1,0.9392136931419373,1
11465,8,Staggering/Unbalanced Movement,1,0.6582710146903992,1
11466,8,Staggering/Unbalanced Movement,1,0.6133169531822205,1
11467,8,Staggering/Unbalanced Movement,1,0.8520114421844482,1
11468,8,Staggering/Unbalanced Movement,1,0.4455394446849823,0
11469,8,Staggering/Unbalanced Movement,1,0.9661277532577515,1
11470,8,Staggering/Unbalanced Movement,1,0.9715235233306885,1
11471,8,Staggering/Unbalanced Movement,1,0.959709107875824,1
11472,8,Staggering/Unbalanced Movement,1,0.8821954727172852,1
11473,8,Staggering/Unbalanced Movement,1,0.7882921695709229,1
11474,8,Staggering/Unbalanced Movement,1,0.6521407961845398,1
11475,8,Staggering/Unbalanced Movement,1,0.8571998476982117,1
11476,8,Staggering/Unbalanced Movement,1,0.9405480623245239,1
11477,8,Staggering/Unbalanced Movement,1,0.8779096007347107,1
11478,8,Staggering/Unbalanced Movement,1,0.9623801708221436,1
11479,8,Staggering/Unbalanced Movement,1,0.9739363193511963,1
11480,8,Staggering/Unbalanced Movement,1,0.919435441493988,1
11481,8,Staggering/Unbalanced Movement,1,0.9673543572425842,1
11482,8,Staggering/Unbalanced Movement,1,0.9923721551895142,1
11483,8,Staggering/Unbalanced Movement,1,0.9900023937225342,1
11484,8,Staggering/Unbalanced Movement,1,0.9631012678146362,1
11485,8,Staggering/Unbalanced Movement,1,0.9783741235733032,1
11486,8,Staggering/Unbalanced Movement,1,0.9687373042106628,1
11487,8,Staggering/Unbalanced Movement,1,0.9708583354949951,1
11488,8,Staggering/Unbalanced Movement,1,0.9809094071388245,1
11489,8,Staggering/Unbalanced Movement,1,0.9836211204528809,1
11490,8,Staggering/Unbalanced Movement,1,0.9541327357292175,1
11491,8,Staggering/Unbalanced Movement,1,0.9686892628669739,1
11492,8,Staggering/Unbalanced Movement,1,0.7433819770812988,1
11493,8,Staggering/Unbalanced Movement,1,0.9471431374549866,1
11494,8,Staggering/Unbalanced Movement,1,0.982488214969635,1
11495,8,Staggering/Unbalanced Movement,1,0.9848010540008545,1
11496,8,Staggering/Unbalanced Movement,1,0.9758611917495728,1
11497,8,Staggering/Unbalanced Movement,1,0.9484293460845947,1
11498,8,Staggering/Unbalanced Movement,1,0.2140733003616333,0
11499,8,Staggering/Unbalanced Movement,1,0.953977644443512,1
11500,8,Staggering/Unbalanced Movement,1,0.9253382086753845,1
11501,8,Staggering/Unbalanced Movement,1,0.9258418679237366,1
11502,8,Staggering/Unbalanced Movement,1,0.8272942900657654,1
11503,8,Staggering/Unbalanced Movement,1,0.8573125004768372,1
11504,8,Staggering/Unbalanced Movement,1,0.9480416178703308,1
11505,8,Staggering/Unbalanced Movement,1,0.9041399955749512,1
11506,8,Staggering/Unbalanced Movement,1,0.3308087885379791,0
11507,8,Staggering/Unbalanced Movement,1,0.814854621887207,1
11508,8,Staggering/Unbalanced Movement,1,0.7239624857902527,1
11509,8,Staggering/Unbalanced Movement,1,0.970252513885498,1
11510,8,Staggering/Unbalanced Movement,1,0.8943387866020203,1
11511,8,Staggering/Unbalanced Movement,1,0.9800974726676941,1
11512,8,Staggering/Unbalanced Movement,1,0.9593074321746826,1
11513,8,Staggering/Unbalanced Movement,1,0.9271039366722107,1
11514,8,Staggering/Unbalanced Movement,1,0.19477573037147522,0
11515,8,Staggering/Unbalanced Movement,1,0.13555528223514557,0
11516,8,Staggering/Unbalanced Movement,1,0.3106643259525299,0
11517,8,Staggering/Unbalanced Movement,1,0.26207342743873596,0
11518,8,Staggering/Unbalanced Movement,1,0.2809440791606903,0
11519,8,Staggering/Unbalanced Movement,1,0.5175623297691345,1
11520,8,Staggering/Unbalanced Movement,1,0.8570444583892822,1
11521,8,Staggering/Unbalanced Movement,1,0.4916618764400482,0
11522,8,Staggering/Unbalanced Movement,1,0.9623088836669922,1
11523,8,Staggering/Unbalanced Movement,1,0.9671858549118042,1
11524,8,Staggering/Unbalanced Movement,1,0.8953850269317627,1
11525,8,Staggering/Unbalanced Movement,1,0.8740121722221375,1
11526,8,Staggering/Unbalanced Movement,1,0.941470742225647,1
11527,8,Staggering/Unbalanced Movement,1,0.9156557321548462,1
11528,8,Staggering/Unbalanced Movement,1,0.5929629802703857,1
11529,8,Staggering/Unbalanced Movement,1,0.550067663192749,1
11530,8,Staggering/Unbalanced Movement,1,0.9324451088905334,1
11531,8,Staggering/Unbalanced Movement,1,0.7716027498245239,1
11532,8,Staggering/Unbalanced Movement,1,0.6919593811035156,1
11533,8,Staggering/Unbalanced Movement,1,0.9891265034675598,1
11534,8,Staggering/Unbalanced Movement,1,0.9881812334060669,1
11535,8,Staggering/Unbalanced Movement,1,0.9364470839500427,1
11536,8,Staggering/Unbalanced Movement,1,0.978959858417511,1
11537,8,Staggering/Unbalanced Movement,1,0.9207590222358704,1
11538,8,Staggering/Unbalanced Movement,1,0.9627626538276672,1
11539,8,Staggering/Unbalanced Movement,1,0.9211326837539673,1
11540,8,Staggering/Unbalanced Movement,1,0.8196280002593994,1
11541,8,Staggering/Unbalanced Movement,1,0.9390102028846741,1
11542,8,Staggering/Unbalanced Movement,1,0.8580355644226074,1
11543,8,Staggering/Unbalanced Movement,1,0.9605181217193604,1
11544,8,Staggering/Unbalanced Movement,1,0.9100286960601807,1
11545,8,Staggering/Unbalanced Movement,1,0.9855530858039856,1
11546,8,Staggering/Unbalanced Movement,1,0.8684180974960327,1
11547,8,Staggering/Unbalanced Movement,1,0.9367498755455017,1
11548,8,Staggering/Unbalanced Movement,1,0.9419294595718384,1
11549,8,Staggering/Unbalanced Movement,1,0.9257020950317383,1
11550,8,Staggering/Unbalanced Movement,1,0.8090007305145264,1
11551,8,Staggering/Unbalanced Movement,1,0.8179899454116821,1
11552,8,Staggering/Unbalanced Movement,1,0.7649899125099182,1
11553,8,Staggering/Unbalanced Movement,1,0.5459179282188416,1
11554,8,Staggering/Unbalanced Movement,1,0.644411027431488,1
11555,8,Staggering/Unbalanced Movement,1,0.9289118647575378,1
11556,8,Staggering/Unbalanced Movement,1,0.9179722666740417,1
11557,8,Staggering/Unbalanced Movement,1,0.9499711394309998,1
11558,8,Staggering/Unbalanced Movement,1,0.8976511359214783,1
11559,8,Staggering/Unbalanced Movement,1,0.9448744654655457,1
11560,8,Staggering/Unbalanced Movement,1,0.9165409207344055,1
11561,8,Staggering/Unbalanced Movement,1,0.9061341881752014,1
11562,8,Staggering/Unbalanced Movement,1,0.9066081643104553,1
11563,8,Staggering/Unbalanced Movement,1,0.9267752766609192,1
11564,8,Staggering/Unbalanced Movement,1,0.1256181299686432,0
11565,8,Staggering/Unbalanced Movement,1,0.12277616560459137,0
11566,8,Staggering/Unbalanced Movement,1,0.3668549358844757,0
11567,8,Staggering/Unbalanced Movement,1,0.7056079506874084,1
11568,8,Staggering/Unbalanced Movement,1,0.7107278108596802,1
11569,8,Staggering/Unbalanced Movement,1,0.9716482758522034,1
11570,8,Staggering/Unbalanced Movement,1,0.07001528143882751,0
11571,8,Staggering/Unbalanced Movement,1,0.7140291929244995,1
11572,8,Staggering/Unbalanced Movement,1,0.8944261074066162,1
11573,8,Staggering/Unbalanced Movement,1,0.8614270687103271,1
11574,8,Staggering/Unbalanced Movement,1,0.7886048555374146,1
11575,8,Staggering/Unbalanced Movement,1,0.7451437711715698,1
11576,8,Staggering/Unbalanced Movement,1,0.9183543920516968,1
11577,8,Staggering/Unbalanced Movement,1,0.843733012676239,1
11578,8,Staggering/Unbalanced Movement,1,0.905789315700531,1
11579,8,Staggering/Unbalanced Movement,1,0.711042582988739,1
11580,8,Staggering/Unbalanced Movement,1,0.47578978538513184,0
11581,8,Staggering/Unbalanced Movement,1,0.9368558526039124,1
11582,8,Staggering/Unbalanced Movement,1,0.4224756956100464,0
11583,8,Staggering/Unbalanced Movement,1,0.38959208130836487,0
11584,8,Staggering/Unbalanced Movement,1,0.0772063359618187,0
11585,8,Staggering/Unbalanced Movement,1,0.17912015318870544,0
11586,8,Staggering/Unbalanced Movement,1,0.22901460528373718,0
11587,8,Staggering/Unbalanced Movement,1,0.754443347454071,1
11588,8,Staggering/Unbalanced Movement,1,0.16105806827545166,0
11589,8,Staggering/Unbalanced Movement,1,0.9475305080413818,1
11590,8,Staggering/Unbalanced Movement,1,0.34613293409347534,0
11591,8,Staggering/Unbalanced Movement,1,0.5281500220298767,1
11592,8,Staggering/Unbalanced Movement,1,0.7689595818519592,1
11593,8,Staggering/Unbalanced Movement,1,0.8962287902832031,1
11594,8,Staggering/Unbalanced Movement,1,0.8002963066101074,1
11595,8,Staggering/Unbalanced Movement,1,0.32170408964157104,0
11596,8,Staggering/Unbalanced Movement,1,0.7970783710479736,1
11597,8,Staggering/Unbalanced Movement,1,0.7748178243637085,1
11598,8,Staggering/Unbalanced Movement,1,0.7549970746040344,1
11599,8,Staggering/Unbalanced Movement,1,0.7417423725128174,1
11600,8,Staggering/Unbalanced Movement,1,0.2158827930688858,0
11601,8,Staggering/Unbalanced Movement,1,0.17949236929416656,0
11602,8,Staggering/Unbalanced Movement,1,0.749598503112793,1
11603,8,Staggering/Unbalanced Movement,1,0.9548124670982361,1
11604,8,Staggering/Unbalanced Movement,1,0.7781462669372559,1
11605,8,Staggering/Unbalanced Movement,1,0.7970247864723206,1
11606,8,Staggering/Unbalanced Movement,1,0.3909034729003906,0
11607,8,Staggering/Unbalanced Movement,1,0.30049294233322144,0
11608,8,Staggering/Unbalanced Movement,1,0.6893316507339478,1
11609,8,Staggering/Unbalanced Movement,1,0.902580738067627,1
11610,8,Staggering/Unbalanced Movement,1,0.6392287611961365,1
11611,8,Staggering/Unbalanced Movement,1,0.372938871383667,0
11612,8,Staggering/Unbalanced Movement,1,0.3533799648284912,0
11613,8,Staggering/Unbalanced Movement,1,0.7705298066139221,1
11614,8,Staggering/Unbalanced Movement,1,0.6776840686798096,1
11615,8,Staggering/Unbalanced Movement,1,0.9820472002029419,1
11616,8,Staggering/Unbalanced Movement,1,0.8474938869476318,1
11617,8,Staggering/Unbalanced Movement,1,0.6918954253196716,1
11618,8,Staggering/Unbalanced Movement,1,0.8195382952690125,1
11619,8,Staggering/Unbalanced Movement,1,0.7542945742607117,1
11620,8,Staggering/Unbalanced Movement,1,0.32221290469169617,0
11621,8,Staggering/Unbalanced Movement,1,0.8918896317481995,1
11622,8,Staggering/Unbalanced Movement,1,0.9285680651664734,1
11623,8,Staggering/Unbalanced Movement,1,0.782331109046936,1
11624,8,Staggering/Unbalanced Movement,1,0.9371598958969116,1
11625,8,Staggering/Unbalanced Movement,1,0.7922992706298828,1
11626,8,Staggering/Unbalanced Movement,1,0.8792720437049866,1
11627,8,Staggering/Unbalanced Movement,1,0.2771936357021332,0
11628,8,Staggering/Unbalanced Movement,1,0.3803693950176239,0
11629,8,Staggering/Unbalanced Movement,1,0.3258715271949768,0
11630,8,Staggering/Unbalanced Movement,1,0.3842129707336426,0
11631,8,Staggering/Unbalanced Movement,1,0.9106178283691406,1
11632,8,Staggering/Unbalanced Movement,1,0.8368544578552246,1
11633,8,Staggering/Unbalanced Movement,1,0.8042073249816895,1
11634,8,Staggering/Unbalanced Movement,1,0.39743536710739136,0
11635,8,Staggering/Unbalanced Movement,1,0.5387377738952637,1
11636,8,Staggering/Unbalanced Movement,1,0.23726192116737366,0
11637,8,Staggering/Unbalanced Movement,1,0.6235182285308838,1
11638,8,Staggering/Unbalanced Movement,1,0.7772037982940674,1
11639,8,Staggering/Unbalanced Movement,1,0.1620703786611557,0
11640,8,Staggering/Unbalanced Movement,1,0.6751362085342407,1
11641,8,Staggering/Unbalanced Movement,1,0.0688471794128418,0
11642,8,Staggering/Unbalanced Movement,1,0.09086793661117554,0
11643,8,Staggering/Unbalanced Movement,1,0.649105429649353,1
11644,8,Staggering/Unbalanced Movement,1,0.6611611843109131,1
11645,8,Staggering/Unbalanced Movement,1,0.9255180954933167,1
11646,8,Staggering/Unbalanced Movement,1,0.962909460067749,1
11647,8,Staggering/Unbalanced Movement,1,0.7892869710922241,1
11648,8,Staggering/Unbalanced Movement,1,0.8166225552558899,1
11649,8,Staggering/Unbalanced Movement,1,0.26257970929145813,0
11650,8,Staggering/Unbalanced Movement,1,0.8128888607025146,1
11651,8,Staggering/Unbalanced Movement,1,0.689905047416687,1
11652,8,Staggering/Unbalanced Movement,1,0.793167233467102,1
11653,8,Staggering/Unbalanced Movement,1,0.47336462140083313,0
11654,8,Staggering/Unbalanced Movement,1,0.5696742534637451,1
11655,8,Staggering/Unbalanced Movement,1,0.5966405272483826,1
11656,8,Staggering/Unbalanced Movement,1,0.3448962867259979,0
11657,8,Staggering/Unbalanced Movement,1,0.6393437385559082,1
11658,8,Staggering/Unbalanced Movement,1,0.8761391043663025,1
11659,8,Staggering/Unbalanced Movement,1,0.8273425102233887,1
11660,8,Staggering/Unbalanced Movement,1,0.948665201663971,1
11661,8,Staggering/Unbalanced Movement,1,0.451649010181427,0
11662,8,Staggering/Unbalanced Movement,1,0.4803122282028198,0
11663,8,Staggering/Unbalanced Movement,1,0.8076417446136475,1
11664,8,Staggering/Unbalanced Movement,1,0.8510333895683289,1
11665,8,Staggering/Unbalanced Movement,1,0.7020721435546875,1
11666,8,Staggering/Unbalanced Movement,1,0.8732756972312927,1
11667,8,Staggering/Unbalanced Movement,1,0.8732825517654419,1
11668,8,Staggering/Unbalanced Movement,1,0.7864682674407959,1
11669,8,Staggering/Unbalanced Movement,1,0.9461049437522888,1
11670,8,Staggering/Unbalanced Movement,1,0.9821288585662842,1
11671,8,Staggering/Unbalanced Movement,1,0.8877975344657898,1
11672,8,Staggering/Unbalanced Movement,1,0.646439254283905,1
11673,8,Staggering/Unbalanced Movement,1,0.8757109642028809,1
11674,8,Staggering/Unbalanced Movement,1,0.8421131372451782,1
11675,8,Staggering/Unbalanced Movement,1,0.909996509552002,1
11676,8,Staggering/Unbalanced Movement,1,0.642610490322113,1
11677,8,Staggering/Unbalanced Movement,1,0.7378782033920288,1
11678,8,Staggering/Unbalanced Movement,1,0.6966578364372253,1
11679,8,Staggering/Unbalanced Movement,1,0.8327376246452332,1
11680,8,Staggering/Unbalanced Movement,1,0.6165739297866821,1
11681,8,Staggering/Unbalanced Movement,1,0.9667302966117859,1
11682,8,Staggering/Unbalanced Movement,1,0.9743658304214478,1
11683,8,Staggering/Unbalanced Movement,1,0.8725331425666809,1
11684,8,Staggering/Unbalanced Movement,1,0.7527605295181274,1
11685,8,Staggering/Unbalanced Movement,1,0.7797837853431702,1
11686,8,Staggering/Unbalanced Movement,1,0.29410818219184875,0
11687,8,Staggering/Unbalanced Movement,1,0.8834449052810669,1
11688,8,Staggering/Unbalanced Movement,1,0.3994426131248474,0
11689,8,Staggering/Unbalanced Movement,1,0.6992891430854797,1
11690,8,Staggering/Unbalanced Movement,1,0.4390217363834381,0
11691,8,Staggering/Unbalanced Movement,1,0.3608480989933014,0
11692,8,Staggering/Unbalanced Movement,1,0.7592969536781311,1
11693,8,Staggering/Unbalanced Movement,1,0.6551985740661621,1
11694,8,Staggering/Unbalanced Movement,1,0.6948071718215942,1
11695,8,Staggering/Unbalanced Movement,1,0.9186499714851379,1
11696,8,Staggering/Unbalanced Movement,1,0.6266069412231445,1
11697,8,Staggering/Unbalanced Movement,1,0.6585602164268494,1
11698,8,Staggering/Unbalanced Movement,1,0.6052155494689941,1
11699,8,Staggering/Unbalanced Movement,1,0.4884509742259979,0
11700,8,Staggering/Unbalanced Movement,1,0.33938395977020264,0
11701,8,Staggering/Unbalanced Movement,1,0.39193204045295715,0
11702,8,Staggering/Unbalanced Movement,1,0.8567206859588623,1
11703,8,Staggering/Unbalanced Movement,1,0.8342767953872681,1
11704,8,Staggering/Unbalanced Movement,1,0.9636420607566833,1
11705,8,Staggering/Unbalanced Movement,1,0.9033628702163696,1
11706,8,Staggering/Unbalanced Movement,1,0.8905380368232727,1
11707,8,Staggering/Unbalanced Movement,1,0.9141253232955933,1
11708,8,Staggering/Unbalanced Movement,1,0.8583442568778992,1
11709,8,Staggering/Unbalanced Movement,1,0.9492748379707336,1
11710,8,Staggering/Unbalanced Movement,1,0.7791934609413147,1
11711,8,Staggering/Unbalanced Movement,1,0.717791736125946,1
11712,8,Staggering/Unbalanced Movement,1,0.9010530114173889,1
11713,8,Staggering/Unbalanced Movement,1,0.8624511957168579,1
11714,8,Staggering/Unbalanced Movement,1,0.8989567756652832,1
11715,8,Staggering/Unbalanced Movement,1,0.8435244560241699,1
11716,8,Staggering/Unbalanced Movement,1,0.9011671543121338,1
11717,8,Staggering/Unbalanced Movement,1,0.8818706274032593,1
11718,8,Staggering/Unbalanced Movement,1,0.9327587485313416,1
11719,8,Staggering/Unbalanced Movement,1,0.6861957311630249,1
11720,8,Staggering/Unbalanced Movement,1,0.7031936645507812,1
11721,8,Staggering/Unbalanced Movement,1,0.1615665853023529,0
11722,8,Staggering/Unbalanced Movement,1,0.4716741740703583,0
11723,8,Staggering/Unbalanced Movement,1,0.9395826458930969,1
11724,8,Staggering/Unbalanced Movement,1,0.9679092168807983,1
11725,8,Staggering/Unbalanced Movement,1,0.6849197745323181,1
11726,8,Staggering/Unbalanced Movement,1,0.06623369455337524,0
11727,8,Staggering/Unbalanced Movement,1,0.0770367830991745,0
11728,8,Staggering/Unbalanced Movement,1,0.2629121243953705,0
11729,8,Staggering/Unbalanced Movement,1,0.9466651082038879,1
11730,8,Staggering/Unbalanced Movement,1,0.5001029372215271,1
11731,8,Staggering/Unbalanced Movement,1,0.20902398228645325,0
11732,8,Staggering/Unbalanced Movement,1,0.12791673839092255,0
11733,8,Staggering/Unbalanced Movement,1,0.915932297706604,1
11734,8,Staggering/Unbalanced Movement,1,0.9218037724494934,1
11735,8,Staggering/Unbalanced Movement,1,0.9144260287284851,1
11736,8,Staggering/Unbalanced Movement,1,0.8481702208518982,1
11737,8,Staggering/Unbalanced Movement,1,0.9056791663169861,1
11738,8,Staggering/Unbalanced Movement,1,0.9666810631752014,1
11739,8,Staggering/Unbalanced Movement,1,0.9842275977134705,1
11740,8,Staggering/Unbalanced Movement,1,0.9392442107200623,1
11741,8,Staggering/Unbalanced Movement,1,0.9001986980438232,1
11742,8,Staggering/Unbalanced Movement,1,0.9498820900917053,1
11743,8,Staggering/Unbalanced Movement,1,0.9254093170166016,1
11744,8,Staggering/Unbalanced Movement,1,0.9729861617088318,1
11745,8,Staggering/Unbalanced Movement,1,0.9521946310997009,1
11746,8,Staggering/Unbalanced Movement,1,0.9321122765541077,1
11747,8,Staggering/Unbalanced Movement,1,0.6129459738731384,1
11748,8,Staggering/Unbalanced Movement,1,0.7288752794265747,1
11749,8,Staggering/Unbalanced Movement,1,0.4297158122062683,0
11750,8,Staggering/Unbalanced Movement,1,0.5217390656471252,1
11751,8,Staggering/Unbalanced Movement,1,0.4982236921787262,0
11752,8,Staggering/Unbalanced Movement,1,0.5512363314628601,1
11753,8,Staggering/Unbalanced Movement,1,0.4439213275909424,0
11754,8,Staggering/Unbalanced Movement,1,0.4996010959148407,0
11755,8,Staggering/Unbalanced Movement,1,0.7293733954429626,1
11756,8,Staggering/Unbalanced Movement,1,0.6770606637001038,1
11757,8,Staggering/Unbalanced Movement,1,0.5357869863510132,1
11758,8,Staggering/Unbalanced Movement,1,0.12427203357219696,0
11759,8,Staggering/Unbalanced Movement,1,0.27045124769210815,0
11760,8,Staggering/Unbalanced Movement,1,0.6360671520233154,1
11761,8,Staggering/Unbalanced Movement,1,0.9167550802230835,1
11762,8,Staggering/Unbalanced Movement,1,0.6738936305046082,1
11763,8,Staggering/Unbalanced Movement,1,0.9033717513084412,1
11764,8,Staggering/Unbalanced Movement,1,0.7364732027053833,1
11765,8,Staggering/Unbalanced Movement,1,0.7322914600372314,1
11766,8,Staggering/Unbalanced Movement,1,0.6453991532325745,1
11767,8,Staggering/Unbalanced Movement,1,0.46697312593460083,0
11768,8,Staggering/Unbalanced Movement,1,0.3146173357963562,0
11769,8,Staggering/Unbalanced Movement,1,0.22162313759326935,0
11770,8,Staggering/Unbalanced Movement,1,0.9065520167350769,1
11771,8,Staggering/Unbalanced Movement,1,0.9311538934707642,1
11772,8,Staggering/Unbalanced Movement,1,0.8524938821792603,1
11773,8,Staggering/Unbalanced Movement,1,0.9018795490264893,1
11774,8,Staggering/Unbalanced Movement,1,0.8453537225723267,1
11775,8,Staggering/Unbalanced Movement,1,0.9716764092445374,1
11776,8,Staggering/Unbalanced Movement,1,0.9418010711669922,1
11777,8,Staggering/Unbalanced Movement,1,0.9405290484428406,1
11778,8,Staggering/Unbalanced Movement,1,0.8859513998031616,1
11779,8,Staggering/Unbalanced Movement,1,0.9123303890228271,1
11780,8,Staggering/Unbalanced Movement,1,0.5602952837944031,1
11781,8,Staggering/Unbalanced Movement,1,0.2692929208278656,0
11782,8,Staggering/Unbalanced Movement,1,0.8375433683395386,1
11783,8,Staggering/Unbalanced Movement,1,0.8074419498443604,1
11784,8,Staggering/Unbalanced Movement,1,0.6857280731201172,1
11785,8,Staggering/Unbalanced Movement,1,0.5629310607910156,1
11786,8,Staggering/Unbalanced Movement,1,0.9166765809059143,1
11787,8,Staggering/Unbalanced Movement,1,0.9738804697990417,1
11788,8,Staggering/Unbalanced Movement,1,0.8586196303367615,1
11789,8,Staggering/Unbalanced Movement,1,0.9540934562683105,1
11790,8,Staggering/Unbalanced Movement,1,0.9123799204826355,1
11791,8,Staggering/Unbalanced Movement,1,0.9391272068023682,1
11792,8,Staggering/Unbalanced Movement,1,0.9487583041191101,1
11793,8,Staggering/Unbalanced Movement,1,0.9052825570106506,1
11794,8,Staggering/Unbalanced Movement,1,0.7441552877426147,1
11795,8,Staggering/Unbalanced Movement,1,0.7910430431365967,1
11796,8,Staggering/Unbalanced Movement,1,0.967492401599884,1
11797,8,Staggering/Unbalanced Movement,1,0.9666557908058167,1
11798,8,Staggering/Unbalanced Movement,1,0.9041099548339844,1
11799,8,Staggering/Unbalanced Movement,1,0.9503087401390076,1
11800,8,Staggering/Unbalanced Movement,1,0.9504209160804749,1
11801,8,Staggering/Unbalanced Movement,1,0.8654912710189819,1
11802,8,Staggering/Unbalanced Movement,1,0.9378249645233154,1
11803,8,Staggering/Unbalanced Movement,1,0.9420371055603027,1
11804,8,Staggering/Unbalanced Movement,1,0.9508145451545715,1
11805,8,Staggering/Unbalanced Movement,1,0.9526178240776062,1
11806,8,Staggering/Unbalanced Movement,1,0.9520154595375061,1
11807,8,Staggering/Unbalanced Movement,1,0.9198951125144958,1
11808,8,Staggering/Unbalanced Movement,1,0.9294645190238953,1
11809,8,Staggering/Unbalanced Movement,1,0.8351948857307434,1
11810,8,Staggering/Unbalanced Movement,1,0.5297313928604126,1
11811,8,Staggering/Unbalanced Movement,1,0.7017622590065002,1
11812,8,Staggering/Unbalanced Movement,1,0.8283703327178955,1
11813,8,Staggering/Unbalanced Movement,1,0.9548375606536865,1
11814,8,Staggering/Unbalanced Movement,1,0.9122523069381714,1
11815,8,Staggering/Unbalanced Movement,1,0.8931837677955627,1
11816,8,Staggering/Unbalanced Movement,1,0.4877329170703888,0
11817,8,Staggering/Unbalanced Movement,1,0.7829713821411133,1
11818,8,Staggering/Unbalanced Movement,1,0.9467828869819641,1
11819,8,Staggering/Unbalanced Movement,1,0.8433923721313477,1
11820,8,Staggering/Unbalanced Movement,1,0.5660118460655212,1
11821,8,Staggering/Unbalanced Movement,1,0.8949905633926392,1
11822,8,Staggering/Unbalanced Movement,1,0.8654611706733704,1
11823,8,Staggering/Unbalanced Movement,1,0.8366609811782837,1
11824,8,Staggering/Unbalanced Movement,1,0.8776882290840149,1
11825,8,Staggering/Unbalanced Movement,1,0.876657247543335,1
11826,8,Staggering/Unbalanced Movement,1,0.8367273211479187,1
11827,8,Staggering/Unbalanced Movement,1,0.3691613972187042,0
11828,8,Staggering/Unbalanced Movement,1,0.5005406141281128,1
11829,8,Staggering/Unbalanced Movement,1,0.7339917421340942,1
11830,8,Staggering/Unbalanced Movement,1,0.984157145023346,1
11831,8,Staggering/Unbalanced Movement,1,0.9725691080093384,1
11832,8,Staggering/Unbalanced Movement,1,0.8511452674865723,1
11833,8,Staggering/Unbalanced Movement,1,0.5039443373680115,1
11834,8,Staggering/Unbalanced Movement,1,0.398001104593277,0
11835,8,Staggering/Unbalanced Movement,1,0.7514618039131165,1
11836,8,Staggering/Unbalanced Movement,1,0.527736246585846,1
11837,8,Staggering/Unbalanced Movement,1,0.9615016579627991,1
11838,8,Staggering/Unbalanced Movement,1,0.9661638140678406,1
11839,8,Staggering/Unbalanced Movement,1,0.6468263268470764,1
11840,8,Staggering/Unbalanced Movement,1,0.26111626625061035,0
11841,8,Staggering/Unbalanced Movement,1,0.8677951693534851,1
11842,8,Staggering/Unbalanced Movement,1,0.9216002225875854,1
11843,8,Staggering/Unbalanced Movement,1,0.8391813635826111,1
11844,8,Staggering/Unbalanced Movement,1,0.7877890467643738,1
11845,8,Staggering/Unbalanced Movement,1,0.6008896231651306,1
11846,8,Staggering/Unbalanced Movement,1,0.8932957649230957,1
11847,8,Staggering/Unbalanced Movement,1,0.7621467709541321,1
11848,8,Staggering/Unbalanced Movement,1,0.8399540185928345,1
11849,8,Staggering/Unbalanced Movement,1,0.7066627144813538,1
11850,8,Staggering/Unbalanced Movement,1,0.21994151175022125,0
11851,8,Staggering/Unbalanced Movement,1,0.9314293265342712,1
11852,8,Staggering/Unbalanced Movement,1,0.8468950986862183,1
11853,8,Staggering/Unbalanced Movement,1,0.5353685021400452,1
11854,8,Staggering/Unbalanced Movement,1,0.8212341666221619,1
11855,8,Staggering/Unbalanced Movement,1,0.07192979007959366,0
11856,8,Staggering/Unbalanced Movement,1,0.0797978937625885,0
11857,8,Staggering/Unbalanced Movement,1,0.9728551506996155,1
11858,8,Staggering/Unbalanced Movement,1,0.5417736172676086,1
11859,8,Staggering/Unbalanced Movement,1,0.8008374571800232,1
11860,8,Staggering/Unbalanced Movement,1,0.8540410399436951,1
11861,8,Staggering/Unbalanced Movement,1,0.3593918979167938,0
11862,8,Staggering/Unbalanced Movement,1,0.4143207371234894,0
11863,8,Staggering/Unbalanced Movement,1,0.9276325702667236,1
11864,8,Staggering/Unbalanced Movement,1,0.8891371488571167,1
11865,8,Staggering/Unbalanced Movement,1,0.8720740079879761,1
11866,8,Staggering/Unbalanced Movement,1,0.7910242676734924,1
11867,8,Staggering/Unbalanced Movement,1,0.2461184859275818,0
11868,8,Staggering/Unbalanced Movement,1,0.4429837465286255,0
11869,8,Staggering/Unbalanced Movement,1,0.8694531917572021,1
11870,8,Staggering/Unbalanced Movement,1,0.8043986558914185,1
11871,8,Staggering/Unbalanced Movement,1,0.23135986924171448,0
11872,8,Staggering/Unbalanced Movement,1,0.376946359872818,0
11873,8,Staggering/Unbalanced Movement,1,0.22982245683670044,0
11874,8,Staggering/Unbalanced Movement,1,0.18849344551563263,0
11875,8,Staggering/Unbalanced Movement,1,0.2906320095062256,0
11876,8,Staggering/Unbalanced Movement,1,0.09203813970088959,0
11877,8,Staggering/Unbalanced Movement,1,0.6604584455490112,1
11878,8,Staggering/Unbalanced Movement,1,0.26266223192214966,0
11879,8,Staggering/Unbalanced Movement,1,0.72723388671875,1
11880,8,Staggering/Unbalanced Movement,1,0.8097348809242249,1
11881,8,Staggering/Unbalanced Movement,1,0.6735612750053406,1
11882,8,Staggering/Unbalanced Movement,1,0.2998088300228119,0
11883,8,Staggering/Unbalanced Movement,1,0.29587405920028687,0
11884,8,Staggering/Unbalanced Movement,1,0.5840818285942078,1
11885,8,Staggering/Unbalanced Movement,1,0.5304627418518066,1
11886,8,Staggering/Unbalanced Movement,1,0.7271814346313477,1
11887,8,Staggering/Unbalanced Movement,1,0.3802458941936493,0
11888,8,Staggering/Unbalanced Movement,1,0.7741397023200989,1
11889,8,Staggering/Unbalanced Movement,1,0.9665244817733765,1
11890,8,Staggering/Unbalanced Movement,1,0.6431671380996704,1
11891,8,Staggering/Unbalanced Movement,1,0.8147950172424316,1
11892,8,Staggering/Unbalanced Movement,1,0.32203224301338196,0
11893,8,Staggering/Unbalanced Movement,1,0.7516063451766968,1
11894,8,Staggering/Unbalanced Movement,1,0.27281320095062256,0
11895,8,Staggering/Unbalanced Movement,1,0.5653071999549866,1
11896,8,Staggering/Unbalanced Movement,1,0.8654091358184814,1
11897,8,Staggering/Unbalanced Movement,1,0.5172300934791565,1
11898,8,Staggering/Unbalanced Movement,1,0.6264483332633972,1
11899,8,Staggering/Unbalanced Movement,1,0.28685981035232544,0
11900,8,Staggering/Unbalanced Movement,1,0.8869528770446777,1
11901,8,Staggering/Unbalanced Movement,1,0.8908241987228394,1
11902,8,Staggering/Unbalanced Movement,1,0.5585705637931824,1
11903,8,Staggering/Unbalanced Movement,1,0.38624319434165955,0
11904,8,Staggering/Unbalanced Movement,1,0.5090404152870178,1
11905,8,Staggering/Unbalanced Movement,1,0.8803030252456665,1
11906,8,Staggering/Unbalanced Movement,1,0.6204675436019897,1
11907,8,Staggering/Unbalanced Movement,1,0.536666989326477,1
11908,8,Staggering/Unbalanced Movement,1,0.30085837841033936,0
11909,8,Staggering/Unbalanced Movement,1,0.8266589641571045,1
11910,8,Staggering/Unbalanced Movement,1,0.9728338122367859,1
11911,8,Staggering/Unbalanced Movement,1,0.6633053421974182,1
11912,8,Staggering/Unbalanced Movement,1,0.8347538709640503,1
11913,8,Staggering/Unbalanced Movement,1,0.663369357585907,1
11914,8,Staggering/Unbalanced Movement,1,0.7976174354553223,1
11915,8,Staggering/Unbalanced Movement,1,0.8812219500541687,1
11916,8,Staggering/Unbalanced Movement,1,0.9488922357559204,1
11917,8,Staggering/Unbalanced Movement,1,0.5459879636764526,1
11918,8,Staggering/Unbalanced Movement,1,0.8066571354866028,1
11919,8,Staggering/Unbalanced Movement,1,0.32649868726730347,0
11920,8,Staggering/Unbalanced Movement,1,0.023793432861566544,0
11921,8,Staggering/Unbalanced Movement,1,0.8436200022697449,1
11922,8,Staggering/Unbalanced Movement,1,0.8492221832275391,1
11923,8,Staggering/Unbalanced Movement,1,0.48948293924331665,0
11924,8,Staggering/Unbalanced Movement,1,0.7831966876983643,1
11925,8,Staggering/Unbalanced Movement,1,0.34985142946243286,0
11926,8,Staggering/Unbalanced Movement,1,0.38135674595832825,0
11927,8,Staggering/Unbalanced Movement,1,0.3733982443809509,0
11928,8,Staggering/Unbalanced Movement,1,0.8028247952461243,1
11929,8,Staggering/Unbalanced Movement,1,0.8716381192207336,1
11930,8,Staggering/Unbalanced Movement,1,0.7308125495910645,1
11931,8,Staggering/Unbalanced Movement,1,0.8565772771835327,1
11932,8,Staggering/Unbalanced Movement,1,0.8059018850326538,1
11933,8,Staggering/Unbalanced Movement,1,0.982801616191864,1
11934,8,Staggering/Unbalanced Movement,1,0.9636672735214233,1
11935,8,Staggering/Unbalanced Movement,1,0.8546760082244873,1
11936,8,Staggering/Unbalanced Movement,1,0.7249481678009033,1
11937,8,Staggering/Unbalanced Movement,1,0.7633681297302246,1
11938,8,Staggering/Unbalanced Movement,1,0.7061594724655151,1
11939,8,Staggering/Unbalanced Movement,1,0.9104509949684143,1
11940,8,Staggering/Unbalanced Movement,1,0.8852527141571045,1
11941,8,Staggering/Unbalanced Movement,1,0.9139168858528137,1
11942,8,Staggering/Unbalanced Movement,1,0.9039444327354431,1
11943,8,Staggering/Unbalanced Movement,1,0.9613800048828125,1
11944,8,Staggering/Unbalanced Movement,1,0.7994786500930786,1
11945,8,Staggering/Unbalanced Movement,1,0.828085720539093,1
11946,8,Staggering/Unbalanced Movement,1,0.8608755469322205,1
11947,8,Staggering/Unbalanced Movement,1,0.9034578800201416,1
11948,8,Staggering/Unbalanced Movement,1,0.9456665515899658,1
11949,8,Staggering/Unbalanced Movement,1,0.9546469449996948,1
11950,8,Staggering/Unbalanced Movement,1,0.8163970112800598,1
11951,8,Staggering/Unbalanced Movement,1,0.8564499616622925,1
11952,8,Staggering/Unbalanced Movement,1,0.9064712524414062,1
11953,8,Staggering/Unbalanced Movement,1,0.8888847231864929,1
11954,8,Staggering/Unbalanced Movement,1,0.3434812128543854,0
11955,8,Staggering/Unbalanced Movement,1,0.7424750924110413,1
11956,8,Staggering/Unbalanced Movement,1,0.7647976875305176,1
11957,8,Staggering/Unbalanced Movement,1,0.8295032382011414,1
11958,8,Staggering/Unbalanced Movement,1,0.8747969269752502,1
11959,8,Staggering/Unbalanced Movement,1,0.8904821276664734,1
11960,8,Staggering/Unbalanced Movement,1,0.8599594831466675,1
11961,8,Staggering/Unbalanced Movement,1,0.8099326491355896,1
11962,8,Staggering/Unbalanced Movement,1,0.8233451843261719,1
11963,8,Staggering/Unbalanced Movement,1,0.8451513648033142,1
11964,8,Staggering/Unbalanced Movement,1,0.908454418182373,1
11965,8,Staggering/Unbalanced Movement,1,0.20919367671012878,0
11966,8,Staggering/Unbalanced Movement,1,0.1851634383201599,0
11967,8,Staggering/Unbalanced Movement,1,0.9467389583587646,1
11968,8,Staggering/Unbalanced Movement,1,0.7346282005310059,1
11969,8,Staggering/Unbalanced Movement,1,0.7167454957962036,1
11970,8,Staggering/Unbalanced Movement,1,0.9441969990730286,1
11971,8,Staggering/Unbalanced Movement,1,0.4001863896846771,0
11972,8,Staggering/Unbalanced Movement,1,0.5922971367835999,1
11973,8,Staggering/Unbalanced Movement,1,0.23900911211967468,0
11974,8,Staggering/Unbalanced Movement,1,0.49997276067733765,0
11975,8,Staggering/Unbalanced Movement,1,0.9673141241073608,1
11976,8,Staggering/Unbalanced Movement,1,0.950315535068512,1
11977,8,Staggering/Unbalanced Movement,1,0.9050750136375427,1
11978,8,Staggering/Unbalanced Movement,1,0.6568145155906677,1
11979,8,Staggering/Unbalanced Movement,1,0.5372292399406433,1
11980,8,Staggering/Unbalanced Movement,1,0.6797529458999634,1
11981,8,Staggering/Unbalanced Movement,1,0.80042964220047,1
11982,8,Staggering/Unbalanced Movement,1,0.803537905216217,1
11983,8,Staggering/Unbalanced Movement,1,0.9571868181228638,1
11984,8,Staggering/Unbalanced Movement,1,0.7672489881515503,1
11985,8,Staggering/Unbalanced Movement,1,0.27120569348335266,0
11986,9,Staggering/Unbalanced Movement,1,0.9866744875907898,1
11987,9,Staggering/Unbalanced Movement,1,0.9872567653656006,1
11988,9,Staggering/Unbalanced Movement,1,0.9109687209129333,1
11989,9,Staggering/Unbalanced Movement,1,0.9811068773269653,1
11990,9,Staggering/Unbalanced Movement,1,0.9808313250541687,1
11991,9,Staggering/Unbalanced Movement,1,0.9809690713882446,1
11992,9,Staggering/Unbalanced Movement,1,0.9092163443565369,1
11993,9,Staggering/Unbalanced Movement,1,0.9882738590240479,1
11994,9,Staggering/Unbalanced Movement,1,0.973990261554718,1
11995,9,Staggering/Unbalanced Movement,1,0.9741807579994202,1
11996,9,Staggering/Unbalanced Movement,1,0.9125673174858093,1
11997,9,Staggering/Unbalanced Movement,1,0.8688498735427856,1
11998,9,Staggering/Unbalanced Movement,1,0.8829968571662903,1
11999,9,Staggering/Unbalanced Movement,1,0.8745822310447693,1
12000,9,Staggering/Unbalanced Movement,1,0.9762760400772095,1
12001,9,Staggering/Unbalanced Movement,1,0.9724683165550232,1
12002,9,Staggering/Unbalanced Movement,1,0.9203033447265625,1
12003,9,Staggering/Unbalanced Movement,1,0.9409798979759216,1
12004,9,Staggering/Unbalanced Movement,1,0.9372396469116211,1
12005,9,Staggering/Unbalanced Movement,1,0.9509292244911194,1
12006,9,Staggering/Unbalanced Movement,1,0.9676740765571594,1
12007,9,Staggering/Unbalanced Movement,1,0.9669749140739441,1
12008,9,Staggering/Unbalanced Movement,1,0.9854883551597595,1
12009,9,Staggering/Unbalanced Movement,1,0.9349879622459412,1
12010,9,Staggering/Unbalanced Movement,1,0.9237492680549622,1
12011,9,Staggering/Unbalanced Movement,1,0.8949823975563049,1
12012,9,Staggering/Unbalanced Movement,1,0.6347583532333374,1
12013,9,Staggering/Unbalanced Movement,1,0.6391045451164246,1
12014,9,Staggering/Unbalanced Movement,1,0.5271673798561096,1
12015,9,Staggering/Unbalanced Movement,1,0.9146407842636108,1
12016,9,Staggering/Unbalanced Movement,1,0.9480001926422119,1
12017,9,Staggering/Unbalanced Movement,1,0.8881934881210327,1
12018,9,Staggering/Unbalanced Movement,1,0.6535678505897522,1
12019,9,Staggering/Unbalanced Movement,1,0.9208818078041077,1
12020,9,Staggering/Unbalanced Movement,1,0.9357139468193054,1
12021,9,Staggering/Unbalanced Movement,1,0.9431064128875732,1
12022,9,Staggering/Unbalanced Movement,1,0.9377039670944214,1
12023,9,Staggering/Unbalanced Movement,1,0.841389000415802,1
12024,9,Staggering/Unbalanced Movement,1,0.8233869075775146,1
12025,9,Staggering/Unbalanced Movement,1,0.9441552758216858,1
12026,9,Staggering/Unbalanced Movement,1,0.9328954219818115,1
12027,9,Staggering/Unbalanced Movement,1,0.9130337238311768,1
12028,9,Staggering/Unbalanced Movement,1,0.9620932936668396,1
12029,9,Staggering/Unbalanced Movement,1,0.935206413269043,1
12030,9,Staggering/Unbalanced Movement,1,0.8611204028129578,1
12031,9,Staggering/Unbalanced Movement,1,0.7647955417633057,1
12032,9,Staggering/Unbalanced Movement,1,0.8880753517150879,1
12033,9,Staggering/Unbalanced Movement,1,0.8605557680130005,1
12034,9,Staggering/Unbalanced Movement,1,0.5193910598754883,1
12035,9,Staggering/Unbalanced Movement,1,0.9455686211585999,1
12036,9,Staggering/Unbalanced Movement,1,0.8435056209564209,1
12037,9,Staggering/Unbalanced Movement,1,0.9886903166770935,1
12038,9,Staggering/Unbalanced Movement,1,0.9898809790611267,1
12039,9,Staggering/Unbalanced Movement,1,0.7937191128730774,1
12040,9,Staggering/Unbalanced Movement,1,0.8021757006645203,1
12041,9,Staggering/Unbalanced Movement,1,0.9562073349952698,1
12042,9,Staggering/Unbalanced Movement,1,0.9881547689437866,1
12043,9,Staggering/Unbalanced Movement,1,0.9424625039100647,1
12044,9,Staggering/Unbalanced Movement,1,0.9659676551818848,1
12045,9,Staggering/Unbalanced Movement,1,0.9895673394203186,1
12046,9,Staggering/Unbalanced Movement,1,0.886439859867096,1
12047,9,Staggering/Unbalanced Movement,1,0.7694481015205383,1
12048,9,Staggering/Unbalanced Movement,1,0.9428638815879822,1
12049,9,Staggering/Unbalanced Movement,1,0.9841706156730652,1
12050,9,Staggering/Unbalanced Movement,1,0.8939833641052246,1
12051,9,Staggering/Unbalanced Movement,1,0.9429629445075989,1
12052,9,Staggering/Unbalanced Movement,1,0.9231119155883789,1
12053,9,Staggering/Unbalanced Movement,1,0.9310712814331055,1
12054,9,Staggering/Unbalanced Movement,1,0.868010938167572,1
12055,9,Staggering/Unbalanced Movement,1,0.7892792224884033,1
12056,9,Staggering/Unbalanced Movement,1,0.9739113450050354,1
12057,9,Staggering/Unbalanced Movement,1,0.9100771546363831,1
12058,9,Staggering/Unbalanced Movement,1,0.605699360370636,1
12059,9,Staggering/Unbalanced Movement,1,0.7505671381950378,1
12060,9,Staggering/Unbalanced Movement,1,0.6606315970420837,1
12061,9,Staggering/Unbalanced Movement,1,0.7271475791931152,1
12062,9,Staggering/Unbalanced Movement,1,0.9254005551338196,1
12063,9,Staggering/Unbalanced Movement,1,0.9094055891036987,1
12064,9,Staggering/Unbalanced Movement,1,0.8502960205078125,1
12065,9,Staggering/Unbalanced Movement,1,0.9071499705314636,1
12066,9,Staggering/Unbalanced Movement,1,0.6974445581436157,1
12067,9,Staggering/Unbalanced Movement,1,0.9490930438041687,1
12068,9,Staggering/Unbalanced Movement,1,0.6461054682731628,1
12069,9,Staggering/Unbalanced Movement,1,0.5723326206207275,1
12070,9,Staggering/Unbalanced Movement,1,0.9537861347198486,1
12071,9,Staggering/Unbalanced Movement,1,0.9499437212944031,1
12072,9,Staggering/Unbalanced Movement,1,0.8918030261993408,1
12073,9,Staggering/Unbalanced Movement,1,0.7638654112815857,1
12074,9,Staggering/Unbalanced Movement,1,0.9539511799812317,1
12075,9,Staggering/Unbalanced Movement,1,0.9661275148391724,1
12076,9,Staggering/Unbalanced Movement,1,0.9896813035011292,1
12077,9,Staggering/Unbalanced Movement,1,0.9905043244361877,1
12078,9,Staggering/Unbalanced Movement,1,0.9751161336898804,1
12079,9,Staggering/Unbalanced Movement,1,0.9532247185707092,1
12080,9,Staggering/Unbalanced Movement,1,0.7866761088371277,1
12081,9,Staggering/Unbalanced Movement,1,0.9402207136154175,1
12082,10,Staggering/Unbalanced Movement,1,0.8795377612113953,1
12083,10,Staggering/Unbalanced Movement,1,0.8710400462150574,1
12084,10,Staggering/Unbalanced Movement,1,0.9455552697181702,1
12085,10,Staggering/Unbalanced Movement,1,0.7835734486579895,1
12086,10,Staggering/Unbalanced Movement,1,0.90118008852005,1
12087,10,Staggering/Unbalanced Movement,1,0.3156670928001404,0
12088,10,Staggering/Unbalanced Movement,1,0.880998969078064,1
12089,10,Staggering/Unbalanced Movement,1,0.8907893896102905,1
12090,10,Staggering/Unbalanced Movement,1,0.6765658259391785,1
12091,10,Staggering/Unbalanced Movement,1,0.8458150625228882,1
12092,10,Staggering/Unbalanced Movement,1,0.8875395059585571,1
12093,10,Staggering/Unbalanced Movement,1,0.6240537762641907,1
12094,10,Staggering/Unbalanced Movement,1,0.9489485025405884,1
12095,10,Staggering/Unbalanced Movement,1,0.8572372198104858,1
12096,10,Staggering/Unbalanced Movement,1,0.8859288692474365,1
12097,10,Staggering/Unbalanced Movement,1,0.8939573764801025,1
12098,10,Staggering/Unbalanced Movement,1,0.8296619057655334,1
12099,10,Staggering/Unbalanced Movement,1,0.33093947172164917,0
12100,10,Staggering/Unbalanced Movement,1,0.9267314076423645,1
12101,10,Staggering/Unbalanced Movement,1,0.8448366522789001,1
12102,10,Staggering/Unbalanced Movement,1,0.9317669868469238,1
12103,10,Staggering/Unbalanced Movement,1,0.8192440867424011,1
12104,10,Staggering/Unbalanced Movement,1,0.9221346378326416,1
12105,10,Staggering/Unbalanced Movement,1,0.9886515140533447,1
12106,10,Staggering/Unbalanced Movement,1,0.9254874587059021,1
12107,10,Staggering/Unbalanced Movement,1,0.8501402735710144,1
12108,10,Staggering/Unbalanced Movement,1,0.912895917892456,1
12109,10,Staggering/Unbalanced Movement,1,0.9080874919891357,1
12110,10,Staggering/Unbalanced Movement,1,0.9475834965705872,1
12111,10,Staggering/Unbalanced Movement,1,0.6389009356498718,1
12112,10,Staggering/Unbalanced Movement,1,0.9235696792602539,1
12113,10,Staggering/Unbalanced Movement,1,0.9829486012458801,1
12114,10,Staggering/Unbalanced Movement,1,0.9916860461235046,1
12115,10,Staggering/Unbalanced Movement,1,0.8640081882476807,1
12116,10,Staggering/Unbalanced Movement,1,0.790771484375,1
12117,10,Staggering/Unbalanced Movement,1,0.45816364884376526,0
12118,10,Staggering/Unbalanced Movement,1,0.7789283394813538,1
12119,10,Staggering/Unbalanced Movement,1,0.3965655267238617,0
12120,10,Staggering/Unbalanced Movement,1,0.788314700126648,1
12121,10,Staggering/Unbalanced Movement,1,0.9456369280815125,1
12122,10,Staggering/Unbalanced Movement,1,0.47587472200393677,0
12123,10,Staggering/Unbalanced Movement,1,0.7348346710205078,1
12124,10,Staggering/Unbalanced Movement,1,0.6096899509429932,1
12125,10,Staggering/Unbalanced Movement,1,0.9373602271080017,1
12126,10,Staggering/Unbalanced Movement,1,0.9678835272789001,1
12127,10,Staggering/Unbalanced Movement,1,0.48171675205230713,0
12128,10,Staggering/Unbalanced Movement,1,0.9527161121368408,1
12129,10,Staggering/Unbalanced Movement,1,0.8494060039520264,1
12130,10,Staggering/Unbalanced Movement,1,0.9769834876060486,1
12131,10,Staggering/Unbalanced Movement,1,0.9842885732650757,1
12132,10,Staggering/Unbalanced Movement,1,0.7093353867530823,1
12133,10,Staggering/Unbalanced Movement,1,0.7962280511856079,1
12134,10,Staggering/Unbalanced Movement,1,0.9205701351165771,1
12135,10,Staggering/Unbalanced Movement,1,0.8243679404258728,1
12136,10,Staggering/Unbalanced Movement,1,0.987632155418396,1
12137,10,Staggering/Unbalanced Movement,1,0.9772293567657471,1
12138,10,Staggering/Unbalanced Movement,1,0.9456098675727844,1
12139,10,Staggering/Unbalanced Movement,1,0.8668738007545471,1
12140,10,Staggering/Unbalanced Movement,1,0.9641451835632324,1
12141,10,Staggering/Unbalanced Movement,1,0.8482241034507751,1
12142,10,Staggering/Unbalanced Movement,1,0.9733248353004456,1
12143,10,Staggering/Unbalanced Movement,1,0.855871856212616,1
12144,10,Staggering/Unbalanced Movement,1,0.6074589490890503,1
12145,10,Staggering/Unbalanced Movement,1,0.9083027243614197,1
12146,10,Staggering/Unbalanced Movement,1,0.9613785743713379,1
12147,10,Staggering/Unbalanced Movement,1,0.8979787826538086,1
12148,10,Staggering/Unbalanced Movement,1,0.9795119762420654,1
12149,10,Staggering/Unbalanced Movement,1,0.9763737916946411,1
12198,12,Staggering/Unbalanced Movement,1,0.9720790982246399,1
12199,12,Staggering/Unbalanced Movement,1,0.8905383944511414,1
12200,12,Staggering/Unbalanced Movement,1,0.845604658126831,1
12201,12,Staggering/Unbalanced Movement,1,0.9156087636947632,1
12202,12,Staggering/Unbalanced Movement,1,0.9499305486679077,1
12203,12,Staggering/Unbalanced Movement,1,0.8881168961524963,1
12204,12,Staggering/Unbalanced Movement,1,0.9345188140869141,1
12205,12,Staggering/Unbalanced Movement,1,0.8158246874809265,1
12206,12,Staggering/Unbalanced Movement,1,0.9575931429862976,1
12207,12,Staggering/Unbalanced Movement,1,0.9639053344726562,1
12208,12,Staggering/Unbalanced Movement,1,0.8466156125068665,1
12209,12,Staggering/Unbalanced Movement,1,0.7815195918083191,1
12210,12,Staggering/Unbalanced Movement,1,0.9062291383743286,1
12211,12,Staggering/Unbalanced Movement,1,0.886543333530426,1
12212,12,Staggering/Unbalanced Movement,1,0.9198880195617676,1
12213,12,Staggering/Unbalanced Movement,1,0.7618704438209534,1
12214,12,Staggering/Unbalanced Movement,1,0.9361069798469543,1
12215,12,Staggering/Unbalanced Movement,1,0.8351163268089294,1
12216,12,Staggering/Unbalanced Movement,1,0.9725031852722168,1
12217,12,Staggering/Unbalanced Movement,1,0.9535783529281616,1
12218,12,Staggering/Unbalanced Movement,1,0.928610622882843,1
12219,12,Staggering/Unbalanced Movement,1,0.9258927702903748,1
12220,12,Staggering/Unbalanced Movement,1,0.9076459407806396,1
12221,12,Staggering/Unbalanced Movement,1,0.8181028366088867,1
12222,12,Staggering/Unbalanced Movement,1,0.5852285623550415,1
12223,12,Staggering/Unbalanced Movement,1,0.8602878451347351,1
12224,12,Staggering/Unbalanced Movement,1,0.7875608205795288,1
12225,12,Staggering/Unbalanced Movement,1,0.38939934968948364,0
12226,12,Staggering/Unbalanced Movement,1,0.96595299243927,1
12227,13,Staggering/Unbalanced Movement,1,0.8439891338348389,1
12228,13,Staggering/Unbalanced Movement,1,0.8982523679733276,1
12229,13,Staggering/Unbalanced Movement,1,0.7163876891136169,1
12230,13,Staggering/Unbalanced Movement,1,0.5194929242134094,1
12231,13,Staggering/Unbalanced Movement,1,0.16823574900627136,0
12232,13,Staggering/Unbalanced Movement,1,0.9078294038772583,1
12233,13,Staggering/Unbalanced Movement,1,0.9254979491233826,1
12234,13,Staggering/Unbalanced Movement,1,0.6060347557067871,1
12235,13,Staggering/Unbalanced Movement,1,0.7825870513916016,1
12236,13,Staggering/Unbalanced Movement,1,0.4250885844230652,0
12237,13,Staggering/Unbalanced Movement,1,0.9226009249687195,1
12238,13,Staggering/Unbalanced Movement,1,0.9354140758514404,1
12239,13,Staggering/Unbalanced Movement,1,0.6312338709831238,1
12240,13,Staggering/Unbalanced Movement,1,0.5360633134841919,1
12241,13,Staggering/Unbalanced Movement,1,0.2862464189529419,0
12242,13,Staggering/Unbalanced Movement,1,0.5019208192825317,1
12243,13,Staggering/Unbalanced Movement,1,0.8714432716369629,1
12244,13,Staggering/Unbalanced Movement,1,0.6782658696174622,1
12245,13,Staggering/Unbalanced Movement,1,0.9144297242164612,1
12246,13,Staggering/Unbalanced Movement,1,0.7568359971046448,1
12247,13,Staggering/Unbalanced Movement,1,0.8960012197494507,1
12248,13,Staggering/Unbalanced Movement,1,0.788446307182312,1
12249,13,Staggering/Unbalanced Movement,1,0.9414291381835938,1
12250,13,Staggering/Unbalanced Movement,1,0.7682298421859741,1
12251,13,Staggering/Unbalanced Movement,1,0.9558557271957397,1
12252,13,Staggering/Unbalanced Movement,1,0.8736553192138672,1
12253,13,Staggering/Unbalanced Movement,1,0.9399614334106445,1
12254,13,Staggering/Unbalanced Movement,1,0.8538250923156738,1
12255,13,Staggering/Unbalanced Movement,1,0.8435742855072021,1
12256,13,Staggering/Unbalanced Movement,1,0.7504964470863342,1
12257,13,Staggering/Unbalanced Movement,1,0.6380302906036377,1
12258,13,Staggering/Unbalanced Movement,1,0.8308322429656982,1
12259,13,Staggering/Unbalanced Movement,1,0.27004048228263855,0
12260,13,Staggering/Unbalanced Movement,1,0.685361921787262,1
12261,13,Staggering/Unbalanced Movement,1,0.8920678496360779,1
12262,13,Staggering/Unbalanced Movement,1,0.9631098508834839,1
12263,13,Staggering/Unbalanced Movement,1,0.9555832743644714,1
12264,13,Staggering/Unbalanced Movement,1,0.9758541584014893,1
12265,13,Staggering/Unbalanced Movement,1,0.9517588019371033,1
12266,13,Staggering/Unbalanced Movement,1,0.9667398929595947,1
12267,13,Staggering/Unbalanced Movement,1,0.8919451832771301,1
12268,13,Staggering/Unbalanced Movement,1,0.9210717082023621,1
12269,13,Staggering/Unbalanced Movement,1,0.9141334891319275,1
12270,13,Staggering/Unbalanced Movement,1,0.8822327852249146,1
12271,13,Staggering/Unbalanced Movement,1,0.505034863948822,1
12272,13,Staggering/Unbalanced Movement,1,0.44683602452278137,0
12273,13,Staggering/Unbalanced Movement,1,0.8843415975570679,1
12274,13,Staggering/Unbalanced Movement,1,0.9796450138092041,1
12275,13,Staggering/Unbalanced Movement,1,0.927022397518158,1
12276,13,Staggering/Unbalanced Movement,1,0.8320180177688599,1
12277,13,Staggering/Unbalanced Movement,1,0.6186580061912537,1
12278,13,Staggering/Unbalanced Movement,1,0.8943520188331604,1
12279,13,Staggering/Unbalanced Movement,1,0.753084659576416,1
12280,13,Staggering/Unbalanced Movement,1,0.7961636781692505,1
12281,13,Staggering/Unbalanced Movement,1,0.7007174491882324,1
12282,13,Staggering/Unbalanced Movement,1,0.9822148680686951,1
12283,13,Staggering/Unbalanced Movement,1,0.7060575485229492,1
12284,13,Staggering/Unbalanced Movement,1,0.8090569376945496,1
12285,13,Staggering/Unbalanced Movement,1,0.8298827409744263,1
12286,13,Staggering/Unbalanced Movement,1,0.9679449796676636,1
12287,13,Staggering/Unbalanced Movement,1,0.6229977011680603,1
12288,13,Staggering/Unbalanced Movement,1,0.5292733311653137,1
12289,13,Staggering/Unbalanced Movement,1,0.5630263686180115,1
12290,13,Staggering/Unbalanced Movement,1,0.9486337304115295,1
12291,13,Staggering/Unbalanced Movement,1,0.9692038893699646,1
12292,13,Staggering/Unbalanced Movement,1,0.954590916633606,1
12293,13,Staggering/Unbalanced Movement,1,0.9482987523078918,1
12294,13,Staggering/Unbalanced Movement,1,0.6789496541023254,1
12295,13,Staggering/Unbalanced Movement,1,0.7341063022613525,1
12296,13,Staggering/Unbalanced Movement,1,0.8164151906967163,1
12297,13,Staggering/Unbalanced Movement,1,0.9405689239501953,1
12298,13,Staggering/Unbalanced Movement,1,0.9770197868347168,1
12299,13,Staggering/Unbalanced Movement,1,0.8984256982803345,1
12300,13,Staggering/Unbalanced Movement,1,0.6689632534980774,1
12301,13,Staggering/Unbalanced Movement,1,0.8004655838012695,1
12302,13,Staggering/Unbalanced Movement,1,0.6759543418884277,1
12303,13,Staggering/Unbalanced Movement,1,0.41602060198783875,0
12304,13,Staggering/Unbalanced Movement,1,0.892366349697113,1
12305,14,Staggering/Unbalanced Movement,1,0.8669918179512024,1
12306,14,Staggering/Unbalanced Movement,1,0.7871029376983643,1
12307,14,Staggering/Unbalanced Movement,1,0.9166468977928162,1
12308,14,Staggering/Unbalanced Movement,1,0.9174137115478516,1
12309,14,Staggering/Unbalanced Movement,1,0.9637947082519531,1
12310,14,Staggering/Unbalanced Movement,1,0.9796909689903259,1
12311,14,Staggering/Unbalanced Movement,1,0.9618698954582214,1
12312,14,Staggering/Unbalanced Movement,1,0.9446254968643188,1
12313,14,Staggering/Unbalanced Movement,1,0.8272652626037598,1
12314,14,Staggering/Unbalanced Movement,1,0.645452618598938,1
12315,14,Staggering/Unbalanced Movement,1,0.6471477150917053,1
12316,14,Staggering/Unbalanced Movement,1,0.6481717228889465,1
12317,14,Staggering/Unbalanced Movement,1,0.7784913778305054,1
12318,14,Staggering/Unbalanced Movement,1,0.9896811842918396,1
12319,14,Staggering/Unbalanced Movement,1,0.9769847393035889,1
12320,14,Staggering/Unbalanced Movement,1,0.9030895233154297,1
12321,14,Staggering/Unbalanced Movement,1,0.4587719142436981,0
12322,14,Staggering/Unbalanced Movement,1,0.748470664024353,1
12323,14,Staggering/Unbalanced Movement,1,0.9504123330116272,1
12324,14,Staggering/Unbalanced Movement,1,0.9652712941169739,1
12325,14,Staggering/Unbalanced Movement,1,0.9580278992652893,1
12326,14,Staggering/Unbalanced Movement,1,0.958267092704773,1
12327,14,Staggering/Unbalanced Movement,1,0.8240286707878113,1
12328,14,Staggering/Unbalanced Movement,1,0.897102415561676,1
12329,14,Staggering/Unbalanced Movement,1,0.950897753238678,1
12330,14,Staggering/Unbalanced Movement,1,0.8244218826293945,1
12331,14,Staggering/Unbalanced Movement,1,0.880627453327179,1
12332,14,Staggering/Unbalanced Movement,1,0.9430649280548096,1
12333,14,Staggering/Unbalanced Movement,1,0.881598949432373,1
12334,14,Staggering/Unbalanced Movement,1,0.9562591314315796,1
12335,14,Staggering/Unbalanced Movement,1,0.9601605534553528,1
12336,14,Staggering/Unbalanced Movement,1,0.7992740273475647,1
12337,14,Staggering/Unbalanced Movement,1,0.9191474914550781,1
12338,14,Staggering/Unbalanced Movement,1,0.9205427765846252,1
12339,14,Staggering/Unbalanced Movement,1,0.745284378528595,1
12340,14,Staggering/Unbalanced Movement,1,0.8658729791641235,1
12341,14,Staggering/Unbalanced Movement,1,0.9365460276603699,1
12342,14,Staggering/Unbalanced Movement,1,0.9100075364112854,1
12343,14,Staggering/Unbalanced Movement,1,0.8523414134979248,1
12344,14,Staggering/Unbalanced Movement,1,0.9116264581680298,1
12345,14,Staggering/Unbalanced Movement,1,0.8863146901130676,1
12346,14,Staggering/Unbalanced Movement,1,0.42893654108047485,0
12347,15,Staggering/Unbalanced Movement,1,0.9674515724182129,1
12348,15,Staggering/Unbalanced Movement,1,0.9694846868515015,1
12349,15,Staggering/Unbalanced Movement,1,0.9596657156944275,1
12350,15,Staggering/Unbalanced Movement,1,0.9518176913261414,1
12351,15,Staggering/Unbalanced Movement,1,0.7176337838172913,1
12352,15,Staggering/Unbalanced Movement,1,0.9738691449165344,1
12353,15,Staggering/Unbalanced Movement,1,0.9817042946815491,1
12354,15,Staggering/Unbalanced Movement,1,0.9843554496765137,1
12355,15,Staggering/Unbalanced Movement,1,0.9303194880485535,1
12356,15,Staggering/Unbalanced Movement,1,0.9430643916130066,1
12357,15,Staggering/Unbalanced Movement,1,0.9187570214271545,1
12358,15,Staggering/Unbalanced Movement,1,0.9060032367706299,1
12359,15,Staggering/Unbalanced Movement,1,0.9559310078620911,1
12360,15,Staggering/Unbalanced Movement,1,0.9478698968887329,1
12361,15,Staggering/Unbalanced Movement,1,0.8437218070030212,1
12362,15,Staggering/Unbalanced Movement,1,0.9712880849838257,1
12363,15,Staggering/Unbalanced Movement,1,0.3722306489944458,0
12364,15,Staggering/Unbalanced Movement,1,0.6997328996658325,1
12365,15,Staggering/Unbalanced Movement,1,0.8815426230430603,1
12366,15,Staggering/Unbalanced Movement,1,0.9523969888687134,1
12367,15,Staggering/Unbalanced Movement,1,0.9347474575042725,1
12368,15,Staggering/Unbalanced Movement,1,0.9250075817108154,1
12369,15,Staggering/Unbalanced Movement,1,0.9880703687667847,1
12370,15,Staggering/Unbalanced Movement,1,0.9858009219169617,1
12371,15,Staggering/Unbalanced Movement,1,0.9101274013519287,1
12372,15,Staggering/Unbalanced Movement,1,0.9848676323890686,1
12373,15,Staggering/Unbalanced Movement,1,0.9936417937278748,1
12374,15,Staggering/Unbalanced Movement,1,0.9573950171470642,1
12375,15,Staggering/Unbalanced Movement,1,0.9860821962356567,1
12376,15,Staggering/Unbalanced Movement,1,0.9685291051864624,1
12377,15,Staggering/Unbalanced Movement,1,0.9862784743309021,1
12378,15,Staggering/Unbalanced Movement,1,0.9042806029319763,1
12379,15,Staggering/Unbalanced Movement,1,0.8180686235427856,1
12380,15,Staggering/Unbalanced Movement,1,0.8799042701721191,1
12381,15,Staggering/Unbalanced Movement,1,0.697957456111908,1
12382,15,Staggering/Unbalanced Movement,1,0.8181658387184143,1
12383,15,Staggering/Unbalanced Movement,1,0.9321252703666687,1
12384,15,Staggering/Unbalanced Movement,1,0.9540327787399292,1
12385,15,Staggering/Unbalanced Movement,1,0.9698623418807983,1
12386,15,Staggering/Unbalanced Movement,1,0.8299171328544617,1
12387,15,Staggering/Unbalanced Movement,1,0.9663998484611511,1
12388,15,Staggering/Unbalanced Movement,1,0.9772922992706299,1
12389,15,Staggering/Unbalanced Movement,1,0.8914400935173035,1
12390,15,Staggering/Unbalanced Movement,1,0.8090365529060364,1
12391,15,Staggering/Unbalanced Movement,1,0.9894301891326904,1
12392,15,Staggering/Unbalanced Movement,1,0.9823271036148071,1
12393,15,Staggering/Unbalanced Movement,1,0.9578335881233215,1
12394,15,Staggering/Unbalanced Movement,1,0.988959550857544,1
12395,15,Staggering/Unbalanced Movement,1,0.9696338772773743,1
12396,15,Staggering/Unbalanced Movement,1,0.9694399833679199,1
12397,15,Staggering/Unbalanced Movement,1,0.9770630598068237,1
12398,15,Staggering/Unbalanced Movement,1,0.9851353764533997,1
12399,15,Staggering/Unbalanced Movement,1,0.9837084412574768,1
12400,15,Staggering/Unbalanced Movement,1,0.9632167816162109,1
12401,15,Staggering/Unbalanced Movement,1,0.9571236968040466,1
12402,15,Staggering/Unbalanced Movement,1,0.9800001382827759,1
12403,15,Staggering/Unbalanced Movement,1,0.9887657165527344,1
12404,15,Staggering/Unbalanced Movement,1,0.8178017735481262,1
12405,15,Staggering/Unbalanced Movement,1,0.8935981392860413,1
12406,15,Staggering/Unbalanced Movement,1,0.9254740476608276,1
12407,15,Staggering/Unbalanced Movement,1,0.9344844222068787,1
12408,15,Staggering/Unbalanced Movement,1,0.8466179966926575,1
12409,15,Staggering/Unbalanced Movement,1,0.8482106328010559,1
12410,15,Staggering/Unbalanced Movement,1,0.9791213870048523,1
12411,15,Staggering/Unbalanced Movement,1,0.9880347847938538,1
12412,15,Staggering/Unbalanced Movement,1,0.9677177667617798,1
12413,15,Staggering/Unbalanced Movement,1,0.9680113196372986,1
12414,15,Staggering/Unbalanced Movement,1,0.7147718071937561,1
12415,15,Staggering/Unbalanced Movement,1,0.8207873702049255,1
12416,15,Staggering/Unbalanced Movement,1,0.6327154040336609,1
12417,15,Staggering/Unbalanced Movement,1,0.9296319484710693,1
12418,15,Staggering/Unbalanced Movement,1,0.9194663763046265,1
12419,15,Staggering/Unbalanced Movement,1,0.723802924156189,1
12420,15,Staggering/Unbalanced Movement,1,0.986061692237854,1
12421,15,Staggering/Unbalanced Movement,1,0.69025057554245,1
12422,15,Staggering/Unbalanced Movement,1,0.926244854927063,1
12423,15,Staggering/Unbalanced Movement,1,0.9635084271430969,1
12424,15,Staggering/Unbalanced Movement,1,0.9863753914833069,1
12425,15,Staggering/Unbalanced Movement,1,0.9592511057853699,1
12426,15,Staggering/Unbalanced Movement,1,0.9520585536956787,1
12427,15,Staggering/Unbalanced Movement,1,0.9449688196182251,1
12428,15,Staggering/Unbalanced Movement,1,0.9764366149902344,1
12429,15,Staggering/Unbalanced Movement,1,0.9669622182846069,1
12430,15,Staggering/Unbalanced Movement,1,0.9538936018943787,1
12431,15,Staggering/Unbalanced Movement,1,0.32130295038223267,0
12432,15,Staggering/Unbalanced Movement,1,0.775160014629364,1
12433,15,Staggering/Unbalanced Movement,1,0.8847359418869019,1
12434,15,Staggering/Unbalanced Movement,1,0.9811998009681702,1
12435,15,Staggering/Unbalanced Movement,1,0.9864924550056458,1
12436,15,Staggering/Unbalanced Movement,1,0.9422973394393921,1
12437,15,Staggering/Unbalanced Movement,1,0.8323981165885925,1
12438,15,Staggering/Unbalanced Movement,1,0.9880732893943787,1
12439,15,Staggering/Unbalanced Movement,1,0.9641508460044861,1
12440,15,Staggering/Unbalanced Movement,1,0.9536378979682922,1
12441,15,Staggering/Unbalanced Movement,1,0.9886477589607239,1
12442,15,Staggering/Unbalanced Movement,1,0.9166373014450073,1
12443,15,Staggering/Unbalanced Movement,1,0.8056751489639282,1
12444,15,Staggering/Unbalanced Movement,1,0.8737372159957886,1
12445,15,Staggering/Unbalanced Movement,1,0.9300664663314819,1
12446,15,Staggering/Unbalanced Movement,1,0.9441225528717041,1
12447,15,Staggering/Unbalanced Movement,1,0.9734799265861511,1
12448,15,Staggering/Unbalanced Movement,1,0.9858782291412354,1
12449,15,Staggering/Unbalanced Movement,1,0.9677133560180664,1
12450,15,Staggering/Unbalanced Movement,1,0.9692604541778564,1
12451,15,Staggering/Unbalanced Movement,1,0.9734138250350952,1
12452,15,Staggering/Unbalanced Movement,1,0.9418248534202576,1
12453,15,Staggering/Unbalanced Movement,1,0.9833909273147583,1
12454,15,Staggering/Unbalanced Movement,1,0.9249533414840698,1
12455,15,Staggering/Unbalanced Movement,1,0.9255149364471436,1
12456,15,Staggering/Unbalanced Movement,1,0.8871578574180603,1
12457,15,Staggering/Unbalanced Movement,1,0.8963688611984253,1
12458,15,Staggering/Unbalanced Movement,1,0.9850953221321106,1
12459,15,Staggering/Unbalanced Movement,1,0.6494331359863281,1
12460,15,Staggering/Unbalanced Movement,1,0.6585071086883545,1
12461,15,Staggering/Unbalanced Movement,1,0.5514968037605286,1
12462,15,Staggering/Unbalanced Movement,1,0.948007345199585,1
12463,15,Staggering/Unbalanced Movement,1,0.9805448055267334,1
12464,15,Staggering/Unbalanced Movement,1,0.9791684746742249,1
12465,15,Staggering/Unbalanced Movement,1,0.9801541566848755,1
12466,15,Staggering/Unbalanced Movement,1,0.9596223831176758,1
12467,15,Staggering/Unbalanced Movement,1,0.5913835763931274,1
12468,15,Staggering/Unbalanced Movement,1,0.9702178239822388,1
12469,15,Staggering/Unbalanced Movement,1,0.9885860085487366,1
12470,15,Staggering/Unbalanced Movement,1,0.9627823233604431,1
12471,15,Staggering/Unbalanced Movement,1,0.9546160101890564,1
12472,15,Staggering/Unbalanced Movement,1,0.9481326341629028,1
12473,15,Staggering/Unbalanced Movement,1,0.9261767864227295,1
12474,15,Staggering/Unbalanced Movement,1,0.8986788392066956,1
12475,15,Staggering/Unbalanced Movement,1,0.9171833992004395,1
12476,15,Staggering/Unbalanced Movement,1,0.978955864906311,1
12477,15,Staggering/Unbalanced Movement,1,0.9882658123970032,1
12478,15,Staggering/Unbalanced Movement,1,0.9247459173202515,1
12479,15,Staggering/Unbalanced Movement,1,0.9544325470924377,1
12480,15,Staggering/Unbalanced Movement,1,0.952526867389679,1
12481,15,Staggering/Unbalanced Movement,1,0.9444742798805237,1
12482,15,Staggering/Unbalanced Movement,1,0.9762292504310608,1
12483,15,Staggering/Unbalanced Movement,1,0.9832209348678589,1
12484,15,Staggering/Unbalanced Movement,1,0.6397360563278198,1
12485,15,Staggering/Unbalanced Movement,1,0.8941771984100342,1
12486,15,Staggering/Unbalanced Movement,1,0.9580931067466736,1
12487,15,Staggering/Unbalanced Movement,1,0.8129443526268005,1
12488,15,Staggering/Unbalanced Movement,1,0.9398853182792664,1
12489,15,Staggering/Unbalanced Movement,1,0.9626582860946655,1
12490,15,Staggering/Unbalanced Movement,1,0.9623608589172363,1
12491,15,Staggering/Unbalanced Movement,1,0.9071311354637146,1
12492,15,Staggering/Unbalanced Movement,1,0.58858323097229,1
12493,15,Staggering/Unbalanced Movement,1,0.9381501078605652,1
12494,15,Staggering/Unbalanced Movement,1,0.9212066531181335,1
12495,15,Staggering/Unbalanced Movement,1,0.8890576958656311,1
12496,15,Staggering/Unbalanced Movement,1,0.5422384738922119,1
12497,15,Staggering/Unbalanced Movement,1,0.7643240690231323,1
12498,15,Staggering/Unbalanced Movement,1,0.9490910768508911,1
12499,15,Staggering/Unbalanced Movement,1,0.7500552535057068,1
12500,15,Staggering/Unbalanced Movement,1,0.6240653395652771,1
12501,15,Staggering/Unbalanced Movement,1,0.9165360331535339,1
12502,15,Staggering/Unbalanced Movement,1,0.7977801561355591,1
12503,15,Staggering/Unbalanced Movement,1,0.852294385433197,1
12504,15,Staggering/Unbalanced Movement,1,0.8934655785560608,1
12505,15,Staggering/Unbalanced Movement,1,0.9475096464157104,1
12506,15,Staggering/Unbalanced Movement,1,0.28052547574043274,0
12507,15,Staggering/Unbalanced Movement,1,0.4245728552341461,0
12508,15,Staggering/Unbalanced Movement,1,0.6399169564247131,1
12509,15,Staggering/Unbalanced Movement,1,0.8632601499557495,1
12510,15,Staggering/Unbalanced Movement,1,0.6439257860183716,1
12511,15,Staggering/Unbalanced Movement,1,0.46680566668510437,0
12512,15,Staggering/Unbalanced Movement,1,0.6452735066413879,1
12513,15,Staggering/Unbalanced Movement,1,0.969813346862793,1
12514,15,Staggering/Unbalanced Movement,1,0.9351792931556702,1
12515,15,Staggering/Unbalanced Movement,1,0.9420368075370789,1
12516,15,Staggering/Unbalanced Movement,1,0.9868764877319336,1
12517,15,Staggering/Unbalanced Movement,1,0.9601611495018005,1
12518,15,Staggering/Unbalanced Movement,1,0.968771755695343,1
12519,15,Staggering/Unbalanced Movement,1,0.7844032049179077,1
12520,15,Staggering/Unbalanced Movement,1,0.9342589378356934,1
12521,15,Staggering/Unbalanced Movement,1,0.9534629583358765,1
12522,15,Staggering/Unbalanced Movement,1,0.5891523361206055,1
12523,15,Staggering/Unbalanced Movement,1,0.879639744758606,1
12524,15,Staggering/Unbalanced Movement,1,0.911278247833252,1
12525,15,Staggering/Unbalanced Movement,1,0.8599157333374023,1
12526,15,Staggering/Unbalanced Movement,1,0.9709256291389465,1
12527,15,Staggering/Unbalanced Movement,1,0.9024348258972168,1
12528,15,Staggering/Unbalanced Movement,1,0.9414566159248352,1
12529,15,Staggering/Unbalanced Movement,1,0.9535825848579407,1
12530,15,Staggering/Unbalanced Movement,1,0.9056057333946228,1
12531,15,Staggering/Unbalanced Movement,1,0.9577527642250061,1
12532,15,Staggering/Unbalanced Movement,1,0.97428959608078,1
12533,15,Staggering/Unbalanced Movement,1,0.8969867825508118,1
12534,15,Staggering/Unbalanced Movement,1,0.8460318446159363,1
12535,15,Staggering/Unbalanced Movement,1,0.9774156212806702,1
12536,15,Staggering/Unbalanced Movement,1,0.8483107089996338,1
12537,15,Staggering/Unbalanced Movement,1,0.9428901672363281,1
12538,15,Staggering/Unbalanced Movement,1,0.9792405366897583,1
12539,15,Staggering/Unbalanced Movement,1,0.9484409093856812,1
12540,15,Staggering/Unbalanced Movement,1,0.9758825302124023,1
12541,15,Staggering/Unbalanced Movement,1,0.848224937915802,1
12542,15,Staggering/Unbalanced Movement,1,0.9599865078926086,1
12543,15,Staggering/Unbalanced Movement,1,0.9851970672607422,1
12544,15,Staggering/Unbalanced Movement,1,0.9130366444587708,1
12545,15,Staggering/Unbalanced Movement,1,0.9591159224510193,1
12546,15,Staggering/Unbalanced Movement,1,0.9803815484046936,1
12547,15,Staggering/Unbalanced Movement,1,0.9800599813461304,1
12548,15,Staggering/Unbalanced Movement,1,0.9814644455909729,1
12549,15,Staggering/Unbalanced Movement,1,0.959888219833374,1
12550,15,Staggering/Unbalanced Movement,1,0.9764447808265686,1
12551,15,Staggering/Unbalanced Movement,1,0.9699884057044983,1
12552,15,Staggering/Unbalanced Movement,1,0.9615274667739868,1
12553,15,Staggering/Unbalanced Movement,1,0.9522277116775513,1
12554,15,Staggering/Unbalanced Movement,1,0.9745320081710815,1
12555,15,Staggering/Unbalanced Movement,1,0.9761849045753479,1
12556,15,Staggering/Unbalanced Movement,1,0.9701765179634094,1
12557,15,Staggering/Unbalanced Movement,1,0.9876264929771423,1
12558,15,Staggering/Unbalanced Movement,1,0.9576891660690308,1
12559,15,Staggering/Unbalanced Movement,1,0.8651968836784363,1
12560,15,Staggering/Unbalanced Movement,1,0.891312301158905,1
12561,15,Staggering/Unbalanced Movement,1,0.9708376526832581,1
12562,15,Staggering/Unbalanced Movement,1,0.9250679016113281,1
12563,15,Staggering/Unbalanced Movement,1,0.9440697431564331,1
12564,15,Staggering/Unbalanced Movement,1,0.5990180969238281,1
12565,15,Staggering/Unbalanced Movement,1,0.8462021350860596,1
12566,15,Staggering/Unbalanced Movement,1,0.6755886077880859,1
12567,15,Staggering/Unbalanced Movement,1,0.7785664796829224,1
12568,15,Staggering/Unbalanced Movement,1,0.9443778395652771,1
12569,15,Staggering/Unbalanced Movement,1,0.9575366377830505,1
12570,15,Staggering/Unbalanced Movement,1,0.9546115398406982,1
12571,15,Staggering/Unbalanced Movement,1,0.9677304625511169,1
12572,15,Staggering/Unbalanced Movement,1,0.9050939679145813,1
12573,15,Staggering/Unbalanced Movement,1,0.9670275449752808,1
12574,15,Staggering/Unbalanced Movement,1,0.941289484500885,1
12575,15,Staggering/Unbalanced Movement,1,0.9410192370414734,1
12576,15,Staggering/Unbalanced Movement,1,0.9548444151878357,1
12577,15,Staggering/Unbalanced Movement,1,0.9851036667823792,1
12578,15,Staggering/Unbalanced Movement,1,0.9861851334571838,1
12579,15,Staggering/Unbalanced Movement,1,0.9455991983413696,1
12580,15,Staggering/Unbalanced Movement,1,0.979233980178833,1
12581,15,Staggering/Unbalanced Movement,1,0.9586416482925415,1
12582,15,Staggering/Unbalanced Movement,1,0.9847634434700012,1
12583,15,Staggering/Unbalanced Movement,1,0.9873161315917969,1
12584,15,Staggering/Unbalanced Movement,1,0.9662624001502991,1
12585,15,Staggering/Unbalanced Movement,1,0.795677125453949,1
12586,15,Staggering/Unbalanced Movement,1,0.9115233421325684,1
12587,15,Staggering/Unbalanced Movement,1,0.9168661236763,1
12588,15,Staggering/Unbalanced Movement,1,0.5846739411354065,1
12589,15,Staggering/Unbalanced Movement,1,0.47739356756210327,0
12590,15,Staggering/Unbalanced Movement,1,0.8912780284881592,1
12591,15,Staggering/Unbalanced Movement,1,0.36593127250671387,0
12592,15,Staggering/Unbalanced Movement,1,0.625740110874176,1
12593,15,Staggering/Unbalanced Movement,1,0.7040692567825317,1
12594,15,Staggering/Unbalanced Movement,1,0.28041571378707886,0
12595,15,Staggering/Unbalanced Movement,1,0.7842246294021606,1
12596,15,Staggering/Unbalanced Movement,1,0.8539150953292847,1
12597,15,Staggering/Unbalanced Movement,1,0.9161872863769531,1
12598,15,Staggering/Unbalanced Movement,1,0.9743584990501404,1
12599,15,Staggering/Unbalanced Movement,1,0.9665265679359436,1
12600,15,Staggering/Unbalanced Movement,1,0.9591668844223022,1
12601,15,Staggering/Unbalanced Movement,1,0.9792631268501282,1
12602,15,Staggering/Unbalanced Movement,1,0.9056394100189209,1
12603,15,Staggering/Unbalanced Movement,1,0.8926200270652771,1
12604,15,Staggering/Unbalanced Movement,1,0.9241215586662292,1
12605,15,Staggering/Unbalanced Movement,1,0.9303336143493652,1
12606,15,Staggering/Unbalanced Movement,1,0.9250312447547913,1
12607,15,Staggering/Unbalanced Movement,1,0.9686452150344849,1
12608,15,Staggering/Unbalanced Movement,1,0.9834414720535278,1
12609,15,Staggering/Unbalanced Movement,1,0.4231170117855072,0
12610,15,Staggering/Unbalanced Movement,1,0.6546785235404968,1
12611,15,Staggering/Unbalanced Movement,1,0.9036221504211426,1
12612,15,Staggering/Unbalanced Movement,1,0.8977617621421814,1
12613,15,Staggering/Unbalanced Movement,1,0.9727423191070557,1
12614,15,Staggering/Unbalanced Movement,1,0.9674628376960754,1
12615,15,Staggering/Unbalanced Movement,1,0.9858755469322205,1
12616,15,Staggering/Unbalanced Movement,1,0.9817984700202942,1
12617,15,Staggering/Unbalanced Movement,1,0.9686629772186279,1
12618,15,Staggering/Unbalanced Movement,1,0.987199604511261,1
12619,15,Staggering/Unbalanced Movement,1,0.971157968044281,1
12620,15,Staggering/Unbalanced Movement,1,0.9925028085708618,1
12621,15,Staggering/Unbalanced Movement,1,0.9826639294624329,1
12622,15,Staggering/Unbalanced Movement,1,0.973047137260437,1
12623,15,Staggering/Unbalanced Movement,1,0.9620184898376465,1
12624,15,Staggering/Unbalanced Movement,1,0.20801743865013123,0
12625,15,Staggering/Unbalanced Movement,1,0.6030676960945129,1
12626,15,Staggering/Unbalanced Movement,1,0.6635888814926147,1
12627,15,Staggering/Unbalanced Movement,1,0.7386452555656433,1
12628,15,Staggering/Unbalanced Movement,1,0.46155378222465515,0
12629,15,Staggering/Unbalanced Movement,1,0.9595908522605896,1
12630,15,Staggering/Unbalanced Movement,1,0.9808967113494873,1
12631,15,Staggering/Unbalanced Movement,1,0.9795433878898621,1
12632,15,Staggering/Unbalanced Movement,1,0.9809601306915283,1
12633,15,Staggering/Unbalanced Movement,1,0.9452821016311646,1
12634,15,Staggering/Unbalanced Movement,1,0.9592711925506592,1
12635,15,Staggering/Unbalanced Movement,1,0.9691848754882812,1
12636,15,Staggering/Unbalanced Movement,1,0.9620323777198792,1
12637,15,Staggering/Unbalanced Movement,1,0.949748694896698,1
12638,15,Staggering/Unbalanced Movement,1,0.8849738836288452,1
12639,15,Staggering/Unbalanced Movement,1,0.4919728934764862,0
12640,15,Staggering/Unbalanced Movement,1,0.7647373080253601,1
12641,15,Staggering/Unbalanced Movement,1,0.8610519170761108,1
12642,15,Staggering/Unbalanced Movement,1,0.9413020610809326,1
12643,15,Staggering/Unbalanced Movement,1,0.9634723663330078,1
12644,15,Staggering/Unbalanced Movement,1,0.9692198038101196,1
12645,15,Staggering/Unbalanced Movement,1,0.8587689399719238,1
12646,15,Staggering/Unbalanced Movement,1,0.35432830452919006,0
12647,15,Staggering/Unbalanced Movement,1,0.566704273223877,1
12648,15,Staggering/Unbalanced Movement,1,0.9460132718086243,1
12649,15,Staggering/Unbalanced Movement,1,0.9566835761070251,1
12650,15,Staggering/Unbalanced Movement,1,0.7253485918045044,1
12651,15,Staggering/Unbalanced Movement,1,0.8104708790779114,1
12652,15,Staggering/Unbalanced Movement,1,0.9723016023635864,1
12653,15,Staggering/Unbalanced Movement,1,0.9144762754440308,1
12654,15,Staggering/Unbalanced Movement,1,0.9679127931594849,1
12655,15,Staggering/Unbalanced Movement,1,0.9687063097953796,1
12656,15,Staggering/Unbalanced Movement,1,0.9765411019325256,1
12657,15,Staggering/Unbalanced Movement,1,0.9663113951683044,1
12658,15,Staggering/Unbalanced Movement,1,0.9860257506370544,1
12659,15,Staggering/Unbalanced Movement,1,0.9358912110328674,1
12660,15,Staggering/Unbalanced Movement,1,0.891549289226532,1
12661,15,Staggering/Unbalanced Movement,1,0.7513540983200073,1
12662,15,Staggering/Unbalanced Movement,1,0.5345937013626099,1
12663,15,Staggering/Unbalanced Movement,1,0.6218417286872864,1
12664,15,Staggering/Unbalanced Movement,1,0.5052449703216553,1
12665,15,Staggering/Unbalanced Movement,1,0.26509013772010803,0
12666,15,Staggering/Unbalanced Movement,1,0.6286975145339966,1
12667,15,Staggering/Unbalanced Movement,1,0.6348132491111755,1
12668,15,Staggering/Unbalanced Movement,1,0.3476577699184418,0
12669,15,Staggering/Unbalanced Movement,1,0.6002717614173889,1
12670,15,Staggering/Unbalanced Movement,1,0.768278956413269,1
12671,15,Staggering/Unbalanced Movement,1,0.8747795224189758,1
12672,15,Staggering/Unbalanced Movement,1,0.9304928779602051,1
12673,15,Staggering/Unbalanced Movement,1,0.09914907068014145,0
12674,15,Staggering/Unbalanced Movement,1,0.1558229625225067,0
12675,15,Staggering/Unbalanced Movement,1,0.3718251883983612,0
12676,15,Staggering/Unbalanced Movement,1,0.2989591658115387,0
12677,15,Staggering/Unbalanced Movement,1,0.3979175388813019,0
12678,15,Staggering/Unbalanced Movement,1,0.9029286503791809,1
12679,15,Staggering/Unbalanced Movement,1,0.9849165081977844,1
12680,15,Staggering/Unbalanced Movement,1,0.9605053663253784,1
12681,15,Staggering/Unbalanced Movement,1,0.8335241675376892,1
12682,15,Staggering/Unbalanced Movement,1,0.9411173462867737,1
12683,15,Staggering/Unbalanced Movement,1,0.881144106388092,1
12684,15,Staggering/Unbalanced Movement,1,0.9723373651504517,1
12685,15,Staggering/Unbalanced Movement,1,0.9816790223121643,1
12686,15,Staggering/Unbalanced Movement,1,0.8287646770477295,1
12687,15,Staggering/Unbalanced Movement,1,0.6376683115959167,1
12688,15,Staggering/Unbalanced Movement,1,0.8248766660690308,1
12689,15,Staggering/Unbalanced Movement,1,0.9558291435241699,1
12690,16,Staggering/Unbalanced Movement,1,0.9679888486862183,1
12691,16,Staggering/Unbalanced Movement,1,0.9865163564682007,1
12692,16,Staggering/Unbalanced Movement,1,0.9404866099357605,1
12693,16,Staggering/Unbalanced Movement,1,0.7562392950057983,1
12694,16,Staggering/Unbalanced Movement,1,0.4594798982143402,0
12695,16,Staggering/Unbalanced Movement,1,0.7924079298973083,1
12696,16,Staggering/Unbalanced Movement,1,0.9230325222015381,1
12697,16,Staggering/Unbalanced Movement,1,0.8457886576652527,1
12698,16,Staggering/Unbalanced Movement,1,0.8331772685050964,1
12699,16,Staggering/Unbalanced Movement,1,0.8839848041534424,1
12700,16,Staggering/Unbalanced Movement,1,0.8141576051712036,1
12701,16,Staggering/Unbalanced Movement,1,0.4864170253276825,0
12702,16,Staggering/Unbalanced Movement,1,0.46606945991516113,0
12703,16,Staggering/Unbalanced Movement,1,0.5645853281021118,1
12704,16,Staggering/Unbalanced Movement,1,0.9816934466362,1
12705,16,Staggering/Unbalanced Movement,1,0.6561655402183533,1
12706,16,Staggering/Unbalanced Movement,1,0.6917517185211182,1
12707,16,Staggering/Unbalanced Movement,1,0.7202869653701782,1
12708,16,Staggering/Unbalanced Movement,1,0.3380497395992279,0
12709,16,Staggering/Unbalanced Movement,1,0.9646438956260681,1
12710,16,Staggering/Unbalanced Movement,1,0.8495447635650635,1
12711,16,Staggering/Unbalanced Movement,1,0.8170002698898315,1
12712,16,Staggering/Unbalanced Movement,1,0.9101462960243225,1
12713,16,Staggering/Unbalanced Movement,1,0.8852040767669678,1
12714,16,Staggering/Unbalanced Movement,1,0.9664555191993713,1
12715,16,Staggering/Unbalanced Movement,1,0.9251521229743958,1
12716,16,Staggering/Unbalanced Movement,1,0.9576414823532104,1
12717,16,Staggering/Unbalanced Movement,1,0.9001019597053528,1
12718,16,Staggering/Unbalanced Movement,1,0.9399017691612244,1
12719,16,Staggering/Unbalanced Movement,1,0.5861483216285706,1
12720,16,Staggering/Unbalanced Movement,1,0.9609135389328003,1
12721,16,Staggering/Unbalanced Movement,1,0.9756487011909485,1
12722,16,Staggering/Unbalanced Movement,1,0.9857289791107178,1
12723,16,Staggering/Unbalanced Movement,1,0.9476795196533203,1
12724,16,Staggering/Unbalanced Movement,1,0.40582019090652466,0
12725,16,Staggering/Unbalanced Movement,1,0.8947410583496094,1
12726,16,Staggering/Unbalanced Movement,1,0.9708304405212402,1
12727,16,Staggering/Unbalanced Movement,1,0.9411946535110474,1
12728,16,Staggering/Unbalanced Movement,1,0.8766474723815918,1
12729,16,Staggering/Unbalanced Movement,1,0.9720290899276733,1
12730,16,Staggering/Unbalanced Movement,1,0.9767245054244995,1
12731,16,Staggering/Unbalanced Movement,1,0.8805210590362549,1
12732,16,Staggering/Unbalanced Movement,1,0.9570465683937073,1
12733,16,Staggering/Unbalanced Movement,1,0.9761834740638733,1
12734,16,Staggering/Unbalanced Movement,1,0.9406065940856934,1
12735,16,Staggering/Unbalanced Movement,1,0.9339687824249268,1
12736,16,Staggering/Unbalanced Movement,1,0.8910439014434814,1
12737,16,Staggering/Unbalanced Movement,1,0.967409610748291,1
12738,16,Staggering/Unbalanced Movement,1,0.972423255443573,1
12739,16,Staggering/Unbalanced Movement,1,0.9588069915771484,1
12740,16,Staggering/Unbalanced Movement,1,0.9454832077026367,1
12741,16,Staggering/Unbalanced Movement,1,0.883814811706543,1
12742,16,Staggering/Unbalanced Movement,1,0.829616367816925,1
12743,16,Staggering/Unbalanced Movement,1,0.7184879779815674,1
12744,16,Staggering/Unbalanced Movement,1,0.9585810303688049,1
12745,16,Staggering/Unbalanced Movement,1,0.9441137313842773,1
12746,16,Staggering/Unbalanced Movement,1,0.9050006866455078,1
12747,16,Staggering/Unbalanced Movement,1,0.977075457572937,1
12748,16,Staggering/Unbalanced Movement,1,0.7713234424591064,1
12749,16,Staggering/Unbalanced Movement,1,0.8602548241615295,1
12750,16,Staggering/Unbalanced Movement,1,0.7932752370834351,1
12751,16,Staggering/Unbalanced Movement,1,0.9336992502212524,1
12752,16,Staggering/Unbalanced Movement,1,0.9829582571983337,1
12753,16,Staggering/Unbalanced Movement,1,0.8870792388916016,1
12754,16,Staggering/Unbalanced Movement,1,0.8814956545829773,1
12755,16,Staggering/Unbalanced Movement,1,0.8736657500267029,1
12756,16,Staggering/Unbalanced Movement,1,0.9482560753822327,1
12757,16,Staggering/Unbalanced Movement,1,0.6059866547584534,1
12758,16,Staggering/Unbalanced Movement,1,0.8127486705780029,1
12759,16,Staggering/Unbalanced Movement,1,0.9581583142280579,1
12760,16,Staggering/Unbalanced Movement,1,0.8293260931968689,1
12761,16,Staggering/Unbalanced Movement,1,0.9884706735610962,1
12762,16,Staggering/Unbalanced Movement,1,0.9748463034629822,1
12763,16,Staggering/Unbalanced Movement,1,0.9807660579681396,1
12764,16,Staggering/Unbalanced Movement,1,0.9181424975395203,1
12765,16,Staggering/Unbalanced Movement,1,0.969181478023529,1
12766,16,Staggering/Unbalanced Movement,1,0.9785414338111877,1
12767,16,Staggering/Unbalanced Movement,1,0.9719768166542053,1
12768,16,Staggering/Unbalanced Movement,1,0.849727988243103,1
12769,16,Staggering/Unbalanced Movement,1,0.9392669200897217,1
12770,16,Staggering/Unbalanced Movement,1,0.9096670746803284,1
12771,16,Staggering/Unbalanced Movement,1,0.8487433195114136,1
12772,16,Staggering/Unbalanced Movement,1,0.8757606148719788,1
12773,16,Staggering/Unbalanced Movement,1,0.9331218600273132,1
12774,16,Staggering/Unbalanced Movement,1,0.5854416489601135,1
12775,16,Staggering/Unbalanced Movement,1,0.7568987607955933,1
12776,16,Staggering/Unbalanced Movement,1,0.9259201884269714,1
12777,16,Staggering/Unbalanced Movement,1,0.9670162796974182,1
12778,16,Staggering/Unbalanced Movement,1,0.9576712250709534,1
12779,16,Staggering/Unbalanced Movement,1,0.9885784387588501,1
12780,16,Staggering/Unbalanced Movement,1,0.9682540893554688,1
12781,16,Staggering/Unbalanced Movement,1,0.7359337210655212,1
12782,16,Staggering/Unbalanced Movement,1,0.43774503469467163,0
12783,16,Staggering/Unbalanced Movement,1,0.321466863155365,0
12784,16,Staggering/Unbalanced Movement,1,0.946398138999939,1
12785,16,Staggering/Unbalanced Movement,1,0.9018586277961731,1
12786,16,Staggering/Unbalanced Movement,1,0.9276509284973145,1
12787,16,Staggering/Unbalanced Movement,1,0.8839511275291443,1
12788,16,Staggering/Unbalanced Movement,1,0.8464159369468689,1
12789,16,Staggering/Unbalanced Movement,1,0.86467045545578,1
12790,16,Staggering/Unbalanced Movement,1,0.7811001539230347,1
12791,16,Staggering/Unbalanced Movement,1,0.9072874188423157,1
12792,16,Staggering/Unbalanced Movement,1,0.8899210691452026,1
12793,16,Staggering/Unbalanced Movement,1,0.9798448085784912,1
12794,16,Staggering/Unbalanced Movement,1,0.9801086783409119,1
12795,16,Staggering/Unbalanced Movement,1,0.9435250163078308,1
12796,16,Staggering/Unbalanced Movement,1,0.9551725387573242,1
12797,16,Staggering/Unbalanced Movement,1,0.9294231534004211,1
12798,16,Staggering/Unbalanced Movement,1,0.9650149941444397,1
12799,16,Staggering/Unbalanced Movement,1,0.9596530199050903,1
12800,16,Staggering/Unbalanced Movement,1,0.9675078988075256,1
12801,16,Staggering/Unbalanced Movement,1,0.9481168389320374,1
12802,16,Staggering/Unbalanced Movement,1,0.9879617094993591,1
12803,16,Staggering/Unbalanced Movement,1,0.9812978506088257,1
12804,16,Staggering/Unbalanced Movement,1,0.9784417748451233,1
12805,16,Staggering/Unbalanced Movement,1,0.974852442741394,1
12806,16,Staggering/Unbalanced Movement,1,0.9631479382514954,1
12807,16,Staggering/Unbalanced Movement,1,0.948626697063446,1
12808,16,Staggering/Unbalanced Movement,1,0.6592099666595459,1
12809,16,Staggering/Unbalanced Movement,1,0.9189978837966919,1
12810,16,Staggering/Unbalanced Movement,1,0.9623057842254639,1
12811,16,Staggering/Unbalanced Movement,1,0.9500832557678223,1
12812,16,Staggering/Unbalanced Movement,1,0.8821713328361511,1
12813,16,Staggering/Unbalanced Movement,1,0.970356285572052,1
12814,16,Staggering/Unbalanced Movement,1,0.9409539103507996,1
12815,16,Staggering/Unbalanced Movement,1,0.9640558958053589,1
12816,16,Staggering/Unbalanced Movement,1,0.9519686698913574,1
12817,16,Staggering/Unbalanced Movement,1,0.8963385820388794,1
12818,16,Staggering/Unbalanced Movement,1,0.9276990294456482,1
12819,16,Staggering/Unbalanced Movement,1,0.8834238648414612,1
12820,16,Staggering/Unbalanced Movement,1,0.9214820861816406,1
12821,16,Staggering/Unbalanced Movement,1,0.9793334603309631,1
12822,16,Staggering/Unbalanced Movement,1,0.9230736494064331,1
12823,16,Staggering/Unbalanced Movement,1,0.9662688374519348,1
12824,16,Staggering/Unbalanced Movement,1,0.8593863248825073,1
12825,16,Staggering/Unbalanced Movement,1,0.8549773693084717,1
12826,16,Staggering/Unbalanced Movement,1,0.6560524702072144,1
12827,16,Staggering/Unbalanced Movement,1,0.5828736424446106,1
12828,16,Staggering/Unbalanced Movement,1,0.9697355031967163,1
12829,16,Staggering/Unbalanced Movement,1,0.8471376895904541,1
12830,16,Staggering/Unbalanced Movement,1,0.6589711904525757,1
12831,16,Staggering/Unbalanced Movement,1,0.8394659161567688,1
12832,16,Staggering/Unbalanced Movement,1,0.7435983419418335,1
12833,16,Staggering/Unbalanced Movement,1,0.8077783584594727,1
12834,16,Staggering/Unbalanced Movement,1,0.9035612940788269,1
12835,16,Staggering/Unbalanced Movement,1,0.863461971282959,1
12836,16,Staggering/Unbalanced Movement,1,0.9574236273765564,1
12837,16,Staggering/Unbalanced Movement,1,0.9808761477470398,1
12838,16,Staggering/Unbalanced Movement,1,0.9604120850563049,1
12839,16,Staggering/Unbalanced Movement,1,0.9284380674362183,1
12840,16,Staggering/Unbalanced Movement,1,0.9607745409011841,1
12841,16,Staggering/Unbalanced Movement,1,0.95644611120224,1
12842,16,Staggering/Unbalanced Movement,1,0.9620346426963806,1
12843,16,Staggering/Unbalanced Movement,1,0.979610800743103,1
12844,16,Staggering/Unbalanced Movement,1,0.963841438293457,1
12845,16,Staggering/Unbalanced Movement,1,0.9217498898506165,1
12846,16,Staggering/Unbalanced Movement,1,0.968420684337616,1
12847,16,Staggering/Unbalanced Movement,1,0.5406010150909424,1
12848,16,Staggering/Unbalanced Movement,1,0.6815892457962036,1
12849,16,Staggering/Unbalanced Movement,1,0.825337827205658,1
12850,16,Staggering/Unbalanced Movement,1,0.9696248769760132,1
12851,16,Staggering/Unbalanced Movement,1,0.7998613715171814,1
12852,16,Staggering/Unbalanced Movement,1,0.24989371001720428,0
12853,16,Staggering/Unbalanced Movement,1,0.2789807915687561,0
12854,16,Staggering/Unbalanced Movement,1,0.7150136828422546,1
12855,16,Staggering/Unbalanced Movement,1,0.7864527106285095,1
12856,16,Staggering/Unbalanced Movement,1,0.8676973581314087,1
12857,16,Staggering/Unbalanced Movement,1,0.6666514873504639,1
12858,16,Staggering/Unbalanced Movement,1,0.6864859461784363,1
12859,16,Staggering/Unbalanced Movement,1,0.898151159286499,1
12860,16,Staggering/Unbalanced Movement,1,0.9672165513038635,1
12861,16,Staggering/Unbalanced Movement,1,0.865054190158844,1
12862,16,Staggering/Unbalanced Movement,1,0.92195725440979,1
12863,16,Staggering/Unbalanced Movement,1,0.7487226128578186,1
12864,16,Staggering/Unbalanced Movement,1,0.8910378217697144,1
12865,16,Staggering/Unbalanced Movement,1,0.8990800380706787,1
12866,16,Staggering/Unbalanced Movement,1,0.5238844156265259,1
12867,16,Staggering/Unbalanced Movement,1,0.6680662035942078,1
12868,16,Staggering/Unbalanced Movement,1,0.9175999760627747,1
12869,16,Staggering/Unbalanced Movement,1,0.9542390704154968,1
12870,16,Staggering/Unbalanced Movement,1,0.9206323027610779,1
12871,16,Staggering/Unbalanced Movement,1,0.861972451210022,1
12872,16,Staggering/Unbalanced Movement,1,0.6869992017745972,1
12873,16,Staggering/Unbalanced Movement,1,0.8689992427825928,1
12874,16,Staggering/Unbalanced Movement,1,0.964103639125824,1
12875,16,Staggering/Unbalanced Movement,1,0.9797084927558899,1
12876,16,Staggering/Unbalanced Movement,1,0.9089664816856384,1
12877,16,Staggering/Unbalanced Movement,1,0.9515731334686279,1
12878,16,Staggering/Unbalanced Movement,1,0.8576910495758057,1
12879,16,Staggering/Unbalanced Movement,1,0.7492976784706116,1
12880,16,Staggering/Unbalanced Movement,1,0.6859989762306213,1
12881,16,Staggering/Unbalanced Movement,1,0.979027271270752,1
12882,16,Staggering/Unbalanced Movement,1,0.6585590243339539,1
12883,16,Staggering/Unbalanced Movement,1,0.7523769736289978,1
12884,16,Staggering/Unbalanced Movement,1,0.9317343831062317,1
12885,16,Staggering/Unbalanced Movement,1,0.8769170641899109,1
12886,16,Staggering/Unbalanced Movement,1,0.9564385414123535,1
12887,16,Staggering/Unbalanced Movement,1,0.9509083032608032,1
12888,16,Staggering/Unbalanced Movement,1,0.9776777625083923,1
12889,16,Staggering/Unbalanced Movement,1,0.943145751953125,1
12890,16,Staggering/Unbalanced Movement,1,0.29473820328712463,0
12891,16,Staggering/Unbalanced Movement,1,0.3905291259288788,0
12892,16,Staggering/Unbalanced Movement,1,0.7478882074356079,1
12893,16,Staggering/Unbalanced Movement,1,0.9496721625328064,1
12894,16,Staggering/Unbalanced Movement,1,0.601973831653595,1
12895,16,Staggering/Unbalanced Movement,1,0.2956558167934418,0
12896,16,Staggering/Unbalanced Movement,1,0.7632474303245544,1
12897,16,Staggering/Unbalanced Movement,1,0.9445191621780396,1
12898,16,Staggering/Unbalanced Movement,1,0.9221136569976807,1
12899,16,Staggering/Unbalanced Movement,1,0.9714232683181763,1
12900,16,Staggering/Unbalanced Movement,1,0.9754677414894104,1
12901,16,Staggering/Unbalanced Movement,1,0.6261366605758667,1
12902,16,Staggering/Unbalanced Movement,1,0.9613587856292725,1
12903,16,Staggering/Unbalanced Movement,1,0.9636226892471313,1
12904,16,Staggering/Unbalanced Movement,1,0.9784433841705322,1
12905,16,Staggering/Unbalanced Movement,1,0.861443281173706,1
12906,16,Staggering/Unbalanced Movement,1,0.8079872131347656,1
12907,16,Staggering/Unbalanced Movement,1,0.3507443964481354,0
12908,16,Staggering/Unbalanced Movement,1,0.7527296543121338,1
12909,16,Staggering/Unbalanced Movement,1,0.9002605676651001,1
12910,16,Staggering/Unbalanced Movement,1,0.9410987496376038,1
12911,16,Staggering/Unbalanced Movement,1,0.8295257091522217,1
12912,16,Staggering/Unbalanced Movement,1,0.894731879234314,1
12913,16,Staggering/Unbalanced Movement,1,0.8562572002410889,1
12914,16,Staggering/Unbalanced Movement,1,0.9034051299095154,1
12915,16,Staggering/Unbalanced Movement,1,0.7626566290855408,1
12916,16,Staggering/Unbalanced Movement,1,0.6924198269844055,1
12917,16,Staggering/Unbalanced Movement,1,0.9360374808311462,1
12918,16,Staggering/Unbalanced Movement,1,0.9709854125976562,1
12919,16,Staggering/Unbalanced Movement,1,0.8983516097068787,1
12920,16,Staggering/Unbalanced Movement,1,0.9852971434593201,1
12921,16,Staggering/Unbalanced Movement,1,0.9743485450744629,1
12922,16,Staggering/Unbalanced Movement,1,0.942557692527771,1
12923,16,Staggering/Unbalanced Movement,1,0.9734886288642883,1
12924,16,Staggering/Unbalanced Movement,1,0.9827520251274109,1
12925,16,Staggering/Unbalanced Movement,1,0.8695499300956726,1
12926,16,Staggering/Unbalanced Movement,1,0.8109922409057617,1
12927,16,Staggering/Unbalanced Movement,1,0.9867948889732361,1
12928,16,Staggering/Unbalanced Movement,1,0.9154574871063232,1
12929,16,Staggering/Unbalanced Movement,1,0.9488043785095215,1
12930,16,Staggering/Unbalanced Movement,1,0.9672619104385376,1
12931,16,Staggering/Unbalanced Movement,1,0.6000272035598755,1
12932,16,Staggering/Unbalanced Movement,1,0.8132331371307373,1
12933,16,Staggering/Unbalanced Movement,1,0.5338431000709534,1
12934,16,Staggering/Unbalanced Movement,1,0.4633360207080841,0
12935,16,Staggering/Unbalanced Movement,1,0.9591142535209656,1
12936,16,Staggering/Unbalanced Movement,1,0.9729313254356384,1
12937,16,Staggering/Unbalanced Movement,1,0.9550039768218994,1
12938,16,Staggering/Unbalanced Movement,1,0.8630801439285278,1
12939,16,Staggering/Unbalanced Movement,1,0.8542575836181641,1
12940,16,Staggering/Unbalanced Movement,1,0.7692819833755493,1
12941,16,Staggering/Unbalanced Movement,1,0.9672262072563171,1
12942,16,Staggering/Unbalanced Movement,1,0.9565181732177734,1
12943,16,Staggering/Unbalanced Movement,1,0.8360899686813354,1
12944,16,Staggering/Unbalanced Movement,1,0.7769972085952759,1
12945,16,Staggering/Unbalanced Movement,1,0.9470617771148682,1
12946,16,Staggering/Unbalanced Movement,1,0.9396198987960815,1
12947,16,Staggering/Unbalanced Movement,1,0.9281002283096313,1
12948,16,Staggering/Unbalanced Movement,1,0.9753686189651489,1
12949,16,Staggering/Unbalanced Movement,1,0.9732257127761841,1
12950,16,Staggering/Unbalanced Movement,1,0.9884033799171448,1
12951,16,Staggering/Unbalanced Movement,1,0.980724573135376,1
12952,16,Staggering/Unbalanced Movement,1,0.6549443006515503,1
12953,16,Staggering/Unbalanced Movement,1,0.9393923878669739,1
12954,16,Staggering/Unbalanced Movement,1,0.8659273386001587,1
12955,16,Staggering/Unbalanced Movement,1,0.9439824223518372,1
12956,16,Staggering/Unbalanced Movement,1,0.9686205983161926,1
12957,16,Staggering/Unbalanced Movement,1,0.8159819841384888,1
12958,16,Staggering/Unbalanced Movement,1,0.8590731620788574,1
12959,16,Staggering/Unbalanced Movement,1,0.8393617272377014,1
12960,16,Staggering/Unbalanced Movement,1,0.9559216499328613,1
12961,16,Staggering/Unbalanced Movement,1,0.9590526223182678,1
12962,16,Staggering/Unbalanced Movement,1,0.9380033612251282,1
12963,16,Staggering/Unbalanced Movement,1,0.8939200043678284,1
12964,16,Staggering/Unbalanced Movement,1,0.9625100493431091,1
12965,16,Staggering/Unbalanced Movement,1,0.9639933109283447,1
12966,16,Staggering/Unbalanced Movement,1,0.19189108908176422,0
12967,16,Staggering/Unbalanced Movement,1,0.7364997863769531,1
12968,16,Staggering/Unbalanced Movement,1,0.907048225402832,1
12969,16,Staggering/Unbalanced Movement,1,0.7430161833763123,1
12970,16,Staggering/Unbalanced Movement,1,0.869450032711029,1
12971,16,Staggering/Unbalanced Movement,1,0.5235512256622314,1
12972,16,Staggering/Unbalanced Movement,1,0.8608167767524719,1
12973,16,Staggering/Unbalanced Movement,1,0.620532214641571,1
12974,16,Staggering/Unbalanced Movement,1,0.837281346321106,1
12975,16,Staggering/Unbalanced Movement,1,0.8243979215621948,1
12976,16,Staggering/Unbalanced Movement,1,0.8764867782592773,1
12977,16,Staggering/Unbalanced Movement,1,0.7045220732688904,1
12978,16,Staggering/Unbalanced Movement,1,0.916861891746521,1
12979,16,Staggering/Unbalanced Movement,1,0.8980951309204102,1
12980,16,Staggering/Unbalanced Movement,1,0.9437913298606873,1
12981,16,Staggering/Unbalanced Movement,1,0.8409013152122498,1
12982,16,Staggering/Unbalanced Movement,1,0.9543930292129517,1
12983,16,Staggering/Unbalanced Movement,1,0.7531440258026123,1
12984,16,Staggering/Unbalanced Movement,1,0.8644254207611084,1
12985,16,Staggering/Unbalanced Movement,1,0.9503480195999146,1
12986,16,Staggering/Unbalanced Movement,1,0.9224289059638977,1
12987,16,Staggering/Unbalanced Movement,1,0.9649102091789246,1
12988,16,Staggering/Unbalanced Movement,1,0.961920976638794,1
12989,16,Staggering/Unbalanced Movement,1,0.9288522601127625,1
12990,16,Staggering/Unbalanced Movement,1,0.9748007655143738,1
12991,16,Staggering/Unbalanced Movement,1,0.9279726147651672,1
12992,16,Staggering/Unbalanced Movement,1,0.9564352035522461,1
12993,16,Staggering/Unbalanced Movement,1,0.9449557065963745,1
12994,16,Staggering/Unbalanced Movement,1,0.9164655208587646,1
12995,16,Staggering/Unbalanced Movement,1,0.9821109175682068,1
12996,16,Staggering/Unbalanced Movement,1,0.9872894883155823,1
12997,16,Staggering/Unbalanced Movement,1,0.9840729832649231,1
12998,16,Staggering/Unbalanced Movement,1,0.9519956707954407,1
12999,16,Staggering/Unbalanced Movement,1,0.981436550617218,1
13000,16,Staggering/Unbalanced Movement,1,0.9733952283859253,1
13001,16,Staggering/Unbalanced Movement,1,0.5932289361953735,1
13002,16,Staggering/Unbalanced Movement,1,0.6622233390808105,1
13003,16,Staggering/Unbalanced Movement,1,0.8901815414428711,1
13004,16,Staggering/Unbalanced Movement,1,0.9721871018409729,1
13005,16,Staggering/Unbalanced Movement,1,0.9691317677497864,1
13006,16,Staggering/Unbalanced Movement,1,0.9142566323280334,1
13007,16,Staggering/Unbalanced Movement,1,0.9657897353172302,1
13008,16,Staggering/Unbalanced Movement,1,0.8895922899246216,1
13009,16,Staggering/Unbalanced Movement,1,0.9189444184303284,1
13010,16,Staggering/Unbalanced Movement,1,0.9532663822174072,1
13011,16,Staggering/Unbalanced Movement,1,0.9581314921379089,1
13012,16,Staggering/Unbalanced Movement,1,0.7935236096382141,1
13013,16,Staggering/Unbalanced Movement,1,0.9171146154403687,1
13014,16,Staggering/Unbalanced Movement,1,0.9815513491630554,1
13015,16,Staggering/Unbalanced Movement,1,0.8542393445968628,1
13016,16,Staggering/Unbalanced Movement,1,0.9849409461021423,1
13017,16,Staggering/Unbalanced Movement,1,0.9634817838668823,1
13018,16,Staggering/Unbalanced Movement,1,0.960406482219696,1
13019,16,Staggering/Unbalanced Movement,1,0.4238203167915344,0
13020,16,Staggering/Unbalanced Movement,1,0.9692812561988831,1
13021,16,Staggering/Unbalanced Movement,1,0.9627006649971008,1
13022,16,Staggering/Unbalanced Movement,1,0.9687845706939697,1
13023,16,Staggering/Unbalanced Movement,1,0.9836109280586243,1
13024,16,Staggering/Unbalanced Movement,1,0.759373128414154,1
13025,16,Staggering/Unbalanced Movement,1,0.9693105220794678,1
13026,16,Staggering/Unbalanced Movement,1,0.9747314453125,1
13027,16,Staggering/Unbalanced Movement,1,0.707669734954834,1
13028,16,Staggering/Unbalanced Movement,1,0.8073562979698181,1
13029,16,Staggering/Unbalanced Movement,1,0.8301988244056702,1
13030,16,Staggering/Unbalanced Movement,1,0.8764976859092712,1
13031,16,Staggering/Unbalanced Movement,1,0.8391534686088562,1
13032,16,Staggering/Unbalanced Movement,1,0.547597348690033,1
13033,16,Staggering/Unbalanced Movement,1,0.8444365859031677,1
13034,16,Staggering/Unbalanced Movement,1,0.8442701101303101,1
13035,16,Staggering/Unbalanced Movement,1,0.9720631837844849,1
13036,16,Staggering/Unbalanced Movement,1,0.9540985226631165,1
13037,16,Staggering/Unbalanced Movement,1,0.37458452582359314,0
13038,16,Staggering/Unbalanced Movement,1,0.9537479281425476,1
13039,16,Staggering/Unbalanced Movement,1,0.8802266120910645,1
13040,16,Staggering/Unbalanced Movement,1,0.8827448487281799,1
13041,16,Staggering/Unbalanced Movement,1,0.9692534804344177,1
13042,16,Staggering/Unbalanced Movement,1,0.9165672063827515,1
13043,16,Staggering/Unbalanced Movement,1,0.7961178421974182,1
13044,16,Staggering/Unbalanced Movement,1,0.7025695443153381,1
13045,16,Staggering/Unbalanced Movement,1,0.9496966600418091,1
13046,16,Staggering/Unbalanced Movement,1,0.8652921915054321,1
13047,16,Staggering/Unbalanced Movement,1,0.8784741163253784,1
13048,16,Staggering/Unbalanced Movement,1,0.9388096928596497,1
13049,16,Staggering/Unbalanced Movement,1,0.9698020219802856,1
13050,16,Staggering/Unbalanced Movement,1,0.5307050943374634,1
13051,16,Staggering/Unbalanced Movement,1,0.5672999024391174,1
13052,16,Staggering/Unbalanced Movement,1,0.4632887542247772,0
13053,16,Staggering/Unbalanced Movement,1,0.8504276275634766,1
13054,16,Staggering/Unbalanced Movement,1,0.9642999172210693,1
13055,16,Staggering/Unbalanced Movement,1,0.9573985934257507,1
13056,16,Staggering/Unbalanced Movement,1,0.9623770713806152,1
13057,16,Staggering/Unbalanced Movement,1,0.9536715149879456,1
13058,16,Staggering/Unbalanced Movement,1,0.7666559219360352,1
13059,16,Staggering/Unbalanced Movement,1,0.788992702960968,1
13060,16,Staggering/Unbalanced Movement,1,0.9644497036933899,1
13061,16,Staggering/Unbalanced Movement,1,0.93708336353302,1
13062,16,Staggering/Unbalanced Movement,1,0.9515386819839478,1
13063,16,Staggering/Unbalanced Movement,1,0.952573835849762,1
13064,16,Staggering/Unbalanced Movement,1,0.9546457529067993,1
13065,16,Staggering/Unbalanced Movement,1,0.9825010895729065,1
13066,16,Staggering/Unbalanced Movement,1,0.9629104137420654,1
13067,16,Staggering/Unbalanced Movement,1,0.9065385460853577,1
13068,16,Staggering/Unbalanced Movement,1,0.8628668189048767,1
13069,16,Staggering/Unbalanced Movement,1,0.8445068597793579,1
13070,16,Staggering/Unbalanced Movement,1,0.9722256660461426,1
13071,16,Staggering/Unbalanced Movement,1,0.919913649559021,1
13072,16,Staggering/Unbalanced Movement,1,0.9195497035980225,1
13073,16,Staggering/Unbalanced Movement,1,0.92392897605896,1
13074,16,Staggering/Unbalanced Movement,1,0.8712084889411926,1
13075,17,Staggering/Unbalanced Movement,1,0.9812726974487305,1
13076,17,Staggering/Unbalanced Movement,1,0.9834021329879761,1
13077,17,Staggering/Unbalanced Movement,1,0.5844972133636475,1
13078,17,Staggering/Unbalanced Movement,1,0.4581215977668762,0
13079,17,Staggering/Unbalanced Movement,1,0.39420387148857117,0
13080,17,Staggering/Unbalanced Movement,1,0.6300432085990906,1
13081,17,Staggering/Unbalanced Movement,1,0.8616690039634705,1
13082,17,Staggering/Unbalanced Movement,1,0.635470449924469,1
13083,17,Staggering/Unbalanced Movement,1,0.7115523815155029,1
13084,17,Staggering/Unbalanced Movement,1,0.20206019282341003,0
13085,17,Staggering/Unbalanced Movement,1,0.520096480846405,1
13086,17,Staggering/Unbalanced Movement,1,0.9739928841590881,1
13087,17,Staggering/Unbalanced Movement,1,0.9677485227584839,1
13088,17,Staggering/Unbalanced Movement,1,0.9678948521614075,1
13089,17,Staggering/Unbalanced Movement,1,0.8668276071548462,1
13090,17,Staggering/Unbalanced Movement,1,0.9447026252746582,1
13091,17,Staggering/Unbalanced Movement,1,0.9399064779281616,1
13092,17,Staggering/Unbalanced Movement,1,0.9398540258407593,1
13093,17,Staggering/Unbalanced Movement,1,0.8455713391304016,1
13094,17,Staggering/Unbalanced Movement,1,0.9820525050163269,1
13095,17,Staggering/Unbalanced Movement,1,0.7011070251464844,1
13096,17,Staggering/Unbalanced Movement,1,0.7884994745254517,1
13097,17,Staggering/Unbalanced Movement,1,0.9662638306617737,1
13098,17,Staggering/Unbalanced Movement,1,0.8673412799835205,1
13099,17,Staggering/Unbalanced Movement,1,0.9558880925178528,1
13100,17,Staggering/Unbalanced Movement,1,0.9839941263198853,1
13101,17,Staggering/Unbalanced Movement,1,0.9863309860229492,1
13102,17,Staggering/Unbalanced Movement,1,0.9724487066268921,1
13103,17,Staggering/Unbalanced Movement,1,0.9673184752464294,1
13104,17,Staggering/Unbalanced Movement,1,0.9849054217338562,1
13105,17,Staggering/Unbalanced Movement,1,0.9928049445152283,1
13106,17,Staggering/Unbalanced Movement,1,0.8508648872375488,1
13107,17,Staggering/Unbalanced Movement,1,0.9897826910018921,1
13108,17,Staggering/Unbalanced Movement,1,0.9683898091316223,1
13109,17,Staggering/Unbalanced Movement,1,0.9494416117668152,1
13110,17,Staggering/Unbalanced Movement,1,0.9793376922607422,1
13111,17,Staggering/Unbalanced Movement,1,0.934651792049408,1
13112,17,Staggering/Unbalanced Movement,1,0.9812822341918945,1
13113,17,Staggering/Unbalanced Movement,1,0.9324278831481934,1
13114,17,Staggering/Unbalanced Movement,1,0.9208632111549377,1
13115,17,Staggering/Unbalanced Movement,1,0.9742345809936523,1
13116,17,Staggering/Unbalanced Movement,1,0.9849515557289124,1
13117,17,Staggering/Unbalanced Movement,1,0.9565351009368896,1
13118,17,Staggering/Unbalanced Movement,1,0.9755006432533264,1
13119,17,Staggering/Unbalanced Movement,1,0.985356867313385,1
13120,17,Staggering/Unbalanced Movement,1,0.8862498998641968,1
13121,17,Staggering/Unbalanced Movement,1,0.9877710342407227,1
13122,17,Staggering/Unbalanced Movement,1,0.9744069576263428,1
13123,17,Staggering/Unbalanced Movement,1,0.9821434617042542,1
13124,17,Staggering/Unbalanced Movement,1,0.9772573709487915,1
13125,17,Staggering/Unbalanced Movement,1,0.9320643544197083,1
13126,17,Staggering/Unbalanced Movement,1,0.8202058672904968,1
13127,17,Staggering/Unbalanced Movement,1,0.9188225269317627,1
13128,17,Staggering/Unbalanced Movement,1,0.9716551899909973,1
13129,17,Staggering/Unbalanced Movement,1,0.8917702436447144,1
13130,17,Staggering/Unbalanced Movement,1,0.8960656523704529,1
13131,17,Staggering/Unbalanced Movement,1,0.9439136981964111,1
13132,17,Staggering/Unbalanced Movement,1,0.9678030610084534,1
13133,17,Staggering/Unbalanced Movement,1,0.9550327062606812,1
13134,17,Staggering/Unbalanced Movement,1,0.9533305168151855,1
13135,17,Staggering/Unbalanced Movement,1,0.9644091129302979,1
13136,17,Staggering/Unbalanced Movement,1,0.974980890750885,1
13137,17,Staggering/Unbalanced Movement,1,0.9772161245346069,1
13138,17,Staggering/Unbalanced Movement,1,0.9633640646934509,1
13139,17,Staggering/Unbalanced Movement,1,0.971925675868988,1
13140,17,Staggering/Unbalanced Movement,1,0.9854603409767151,1
13141,17,Staggering/Unbalanced Movement,1,0.9734933972358704,1
13142,17,Staggering/Unbalanced Movement,1,0.9940874576568604,1
13143,17,Staggering/Unbalanced Movement,1,0.9764569401741028,1
13144,17,Staggering/Unbalanced Movement,1,0.9766155481338501,1
13145,17,Staggering/Unbalanced Movement,1,0.979052722454071,1
13146,17,Staggering/Unbalanced Movement,1,0.9679281115531921,1
13147,17,Staggering/Unbalanced Movement,1,0.9809093475341797,1
13148,17,Staggering/Unbalanced Movement,1,0.9873528480529785,1
13149,17,Staggering/Unbalanced Movement,1,0.9886389970779419,1
13150,17,Staggering/Unbalanced Movement,1,0.9696663618087769,1
13151,17,Staggering/Unbalanced Movement,1,0.9247276782989502,1
13152,17,Staggering/Unbalanced Movement,1,0.884739100933075,1
13153,17,Staggering/Unbalanced Movement,1,0.9843442440032959,1
13154,17,Staggering/Unbalanced Movement,1,0.9882055521011353,1
13155,17,Staggering/Unbalanced Movement,1,0.993728756904602,1
13156,17,Staggering/Unbalanced Movement,1,0.9848752617835999,1
13157,17,Staggering/Unbalanced Movement,1,0.9699418544769287,1
13158,17,Staggering/Unbalanced Movement,1,0.9579362869262695,1
13159,17,Staggering/Unbalanced Movement,1,0.8061291575431824,1
13160,17,Staggering/Unbalanced Movement,1,0.8897961378097534,1
13161,17,Staggering/Unbalanced Movement,1,0.7297925353050232,1
13162,17,Staggering/Unbalanced Movement,1,0.9705690741539001,1
13163,17,Staggering/Unbalanced Movement,1,0.9892917275428772,1
13164,17,Staggering/Unbalanced Movement,1,0.8369624018669128,1
13165,17,Staggering/Unbalanced Movement,1,0.7287370562553406,1
13166,17,Staggering/Unbalanced Movement,1,0.9458907246589661,1
13167,17,Staggering/Unbalanced Movement,1,0.9380035400390625,1
13168,17,Staggering/Unbalanced Movement,1,0.9602426886558533,1
13169,17,Staggering/Unbalanced Movement,1,0.8503801226615906,1
13170,17,Staggering/Unbalanced Movement,1,0.8731236457824707,1
13171,17,Staggering/Unbalanced Movement,1,0.6245050430297852,1
13172,17,Staggering/Unbalanced Movement,1,0.545071005821228,1
13173,17,Staggering/Unbalanced Movement,1,0.4615040719509125,0
13174,17,Staggering/Unbalanced Movement,1,0.9422765970230103,1
13175,17,Staggering/Unbalanced Movement,1,0.786845862865448,1
13176,17,Staggering/Unbalanced Movement,1,0.5542739629745483,1
13177,17,Staggering/Unbalanced Movement,1,0.8757368326187134,1
13178,17,Staggering/Unbalanced Movement,1,0.8169426918029785,1
13179,17,Staggering/Unbalanced Movement,1,0.8013548254966736,1
13180,17,Staggering/Unbalanced Movement,1,0.8563613891601562,1
13181,17,Staggering/Unbalanced Movement,1,0.8955351710319519,1
13182,17,Staggering/Unbalanced Movement,1,0.9906355738639832,1
13183,17,Staggering/Unbalanced Movement,1,0.9916137456893921,1
13184,17,Staggering/Unbalanced Movement,1,0.9786695241928101,1
13185,17,Staggering/Unbalanced Movement,1,0.9501628875732422,1
13186,17,Staggering/Unbalanced Movement,1,0.9583166837692261,1
13187,17,Staggering/Unbalanced Movement,1,0.9766785502433777,1
13188,17,Staggering/Unbalanced Movement,1,0.9752132892608643,1
13189,17,Staggering/Unbalanced Movement,1,0.9862977266311646,1
13190,17,Staggering/Unbalanced Movement,1,0.9849461317062378,1
13191,17,Staggering/Unbalanced Movement,1,0.9844908118247986,1
13192,17,Staggering/Unbalanced Movement,1,0.8909645080566406,1
13193,17,Staggering/Unbalanced Movement,1,0.8937593698501587,1
13194,17,Staggering/Unbalanced Movement,1,0.9171047806739807,1
13195,17,Staggering/Unbalanced Movement,1,0.9065577983856201,1
13196,17,Staggering/Unbalanced Movement,1,0.949058473110199,1
13197,17,Staggering/Unbalanced Movement,1,0.45839518308639526,0
13198,17,Staggering/Unbalanced Movement,1,0.9784440398216248,1
13199,17,Staggering/Unbalanced Movement,1,0.957509458065033,1
13200,17,Staggering/Unbalanced Movement,1,0.9918586611747742,1
13201,17,Staggering/Unbalanced Movement,1,0.9889585971832275,1
13202,17,Staggering/Unbalanced Movement,1,0.9857801795005798,1
13203,17,Staggering/Unbalanced Movement,1,0.9914082884788513,1
13204,17,Staggering/Unbalanced Movement,1,0.9494872689247131,1
13205,17,Staggering/Unbalanced Movement,1,0.9076334834098816,1
13206,17,Staggering/Unbalanced Movement,1,0.8881580233573914,1
13207,17,Staggering/Unbalanced Movement,1,0.4454697072505951,0
13208,17,Staggering/Unbalanced Movement,1,0.6386675238609314,1
13209,17,Staggering/Unbalanced Movement,1,0.7150854468345642,1
13210,17,Staggering/Unbalanced Movement,1,0.9179255962371826,1
13211,17,Staggering/Unbalanced Movement,1,0.5140100121498108,1
13212,17,Staggering/Unbalanced Movement,1,0.8042159676551819,1
13213,17,Staggering/Unbalanced Movement,1,0.42832061648368835,0
13214,17,Staggering/Unbalanced Movement,1,0.2525249123573303,0
13215,17,Staggering/Unbalanced Movement,1,0.22240255773067474,0
13216,17,Staggering/Unbalanced Movement,1,0.8407261371612549,1
13217,17,Staggering/Unbalanced Movement,1,0.6882226467132568,1
13218,17,Staggering/Unbalanced Movement,1,0.6893965005874634,1
13219,17,Staggering/Unbalanced Movement,1,0.3013323247432709,0
13220,17,Staggering/Unbalanced Movement,1,0.500029981136322,1
13221,17,Staggering/Unbalanced Movement,1,0.8200719952583313,1
13222,17,Staggering/Unbalanced Movement,1,0.06896192580461502,0
13223,17,Staggering/Unbalanced Movement,1,0.16693952679634094,0
13224,17,Staggering/Unbalanced Movement,1,0.9926965832710266,1
13225,17,Staggering/Unbalanced Movement,1,0.9863232374191284,1
13226,17,Staggering/Unbalanced Movement,1,0.9869804978370667,1
13227,17,Staggering/Unbalanced Movement,1,0.9759033918380737,1
13228,17,Staggering/Unbalanced Movement,1,0.9835386276245117,1
13229,17,Staggering/Unbalanced Movement,1,0.9903692603111267,1
13230,17,Staggering/Unbalanced Movement,1,0.9900435209274292,1
13231,17,Staggering/Unbalanced Movement,1,0.9926156997680664,1
13232,17,Staggering/Unbalanced Movement,1,0.051300909370183945,0
13233,17,Staggering/Unbalanced Movement,1,0.46801644563674927,0
13234,17,Staggering/Unbalanced Movement,1,0.9816187024116516,1
13235,17,Staggering/Unbalanced Movement,1,0.990422248840332,1
13236,17,Staggering/Unbalanced Movement,1,0.9910352826118469,1
13237,17,Staggering/Unbalanced Movement,1,0.9897856116294861,1
13238,17,Staggering/Unbalanced Movement,1,0.9903951287269592,1
13239,17,Staggering/Unbalanced Movement,1,0.9782667756080627,1
13240,17,Staggering/Unbalanced Movement,1,0.9766824245452881,1
13241,17,Staggering/Unbalanced Movement,1,0.962826669216156,1
13242,17,Staggering/Unbalanced Movement,1,0.07095383107662201,0
13243,17,Staggering/Unbalanced Movement,1,0.19439421594142914,0
13244,17,Staggering/Unbalanced Movement,1,0.9830490350723267,1
13245,17,Staggering/Unbalanced Movement,1,0.9851930141448975,1
13246,17,Staggering/Unbalanced Movement,1,0.9906971454620361,1
13247,17,Staggering/Unbalanced Movement,1,0.9869539141654968,1
13248,17,Staggering/Unbalanced Movement,1,0.9849768877029419,1
13249,17,Staggering/Unbalanced Movement,1,0.9890884160995483,1
13250,17,Staggering/Unbalanced Movement,1,0.9889947772026062,1
13251,17,Staggering/Unbalanced Movement,1,0.9758853316307068,1
13252,17,Staggering/Unbalanced Movement,1,0.7621228694915771,1
13253,17,Staggering/Unbalanced Movement,1,0.6556441783905029,1
13254,17,Staggering/Unbalanced Movement,1,0.8759765625,1
13255,17,Staggering/Unbalanced Movement,1,0.7365070581436157,1
13256,17,Staggering/Unbalanced Movement,1,0.8505920171737671,1
13257,17,Staggering/Unbalanced Movement,1,0.853559672832489,1
13258,17,Staggering/Unbalanced Movement,1,0.535362958908081,1
13259,17,Staggering/Unbalanced Movement,1,0.7262507677078247,1
13260,17,Staggering/Unbalanced Movement,1,0.2666287124156952,0
13261,17,Staggering/Unbalanced Movement,1,0.2842260003089905,0
13262,17,Staggering/Unbalanced Movement,1,0.7118249535560608,1
13263,17,Staggering/Unbalanced Movement,1,0.7152718305587769,1
13264,17,Staggering/Unbalanced Movement,1,0.41334065794944763,0
13265,17,Staggering/Unbalanced Movement,1,0.42165684700012207,0
13266,17,Staggering/Unbalanced Movement,1,0.791769802570343,1
13267,17,Staggering/Unbalanced Movement,1,0.7595909237861633,1
13268,17,Staggering/Unbalanced Movement,1,0.7080956101417542,1
13269,17,Staggering/Unbalanced Movement,1,0.8050791025161743,1
13270,17,Staggering/Unbalanced Movement,1,0.7665401697158813,1
13271,17,Staggering/Unbalanced Movement,1,0.8976781964302063,1
13272,17,Staggering/Unbalanced Movement,1,0.9312933683395386,1
13273,17,Staggering/Unbalanced Movement,1,0.6078134179115295,1
13274,17,Staggering/Unbalanced Movement,1,0.7023898959159851,1
13275,17,Staggering/Unbalanced Movement,1,0.8904474377632141,1
13276,17,Staggering/Unbalanced Movement,1,0.9485475420951843,1
13277,17,Staggering/Unbalanced Movement,1,0.9840059876441956,1
13278,17,Staggering/Unbalanced Movement,1,0.9826215505599976,1
13279,17,Staggering/Unbalanced Movement,1,0.9504709839820862,1
13280,17,Staggering/Unbalanced Movement,1,0.9885947704315186,1
13281,17,Staggering/Unbalanced Movement,1,0.9478354454040527,1
13282,17,Staggering/Unbalanced Movement,1,0.9762184619903564,1
13283,17,Staggering/Unbalanced Movement,1,0.6029672622680664,1
13284,17,Staggering/Unbalanced Movement,1,0.9155087471008301,1
13285,17,Staggering/Unbalanced Movement,1,0.9337663054466248,1
13286,17,Staggering/Unbalanced Movement,1,0.9060867428779602,1
13287,17,Staggering/Unbalanced Movement,1,0.6185122132301331,1
13288,17,Staggering/Unbalanced Movement,1,0.4075879454612732,0
13289,17,Staggering/Unbalanced Movement,1,0.6630356907844543,1
13290,17,Staggering/Unbalanced Movement,1,0.8689373135566711,1
13291,17,Staggering/Unbalanced Movement,1,0.986281156539917,1
13292,17,Staggering/Unbalanced Movement,1,0.9932669401168823,1
13293,17,Staggering/Unbalanced Movement,1,0.9759256839752197,1
13294,17,Staggering/Unbalanced Movement,1,0.7590319514274597,1
13295,17,Staggering/Unbalanced Movement,1,0.9371668696403503,1
13296,17,Staggering/Unbalanced Movement,1,0.9906195402145386,1
13297,17,Staggering/Unbalanced Movement,1,0.25922468304634094,0
13298,17,Staggering/Unbalanced Movement,1,0.36370137333869934,0
13299,17,Staggering/Unbalanced Movement,1,0.8977362513542175,1
13300,17,Staggering/Unbalanced Movement,1,0.9120845794677734,1
13301,17,Staggering/Unbalanced Movement,1,0.9185588955879211,1
13302,17,Staggering/Unbalanced Movement,1,0.7879225611686707,1
13303,17,Staggering/Unbalanced Movement,1,0.5683208107948303,1
13304,17,Staggering/Unbalanced Movement,1,0.8042352795600891,1
13305,17,Staggering/Unbalanced Movement,1,0.8539519309997559,1
13306,17,Staggering/Unbalanced Movement,1,0.5702206492424011,1
13307,17,Staggering/Unbalanced Movement,1,0.7001417279243469,1
13308,17,Staggering/Unbalanced Movement,1,0.7798945307731628,1
13309,17,Staggering/Unbalanced Movement,1,0.9038130640983582,1
13310,17,Staggering/Unbalanced Movement,1,0.8360532522201538,1
13311,17,Staggering/Unbalanced Movement,1,0.8786748051643372,1
13312,17,Staggering/Unbalanced Movement,1,0.9019495844841003,1
13313,17,Staggering/Unbalanced Movement,1,0.6797512173652649,1
13314,17,Staggering/Unbalanced Movement,1,0.8584044575691223,1
13315,17,Staggering/Unbalanced Movement,1,0.9570307731628418,1
13316,17,Staggering/Unbalanced Movement,1,0.9200158715248108,1
13317,17,Staggering/Unbalanced Movement,1,0.817103385925293,1
13318,17,Staggering/Unbalanced Movement,1,0.7868306040763855,1
13319,17,Staggering/Unbalanced Movement,1,0.8539250493049622,1
13320,17,Staggering/Unbalanced Movement,1,0.985426664352417,1
13321,17,Staggering/Unbalanced Movement,1,0.9776256680488586,1
13322,17,Staggering/Unbalanced Movement,1,0.9469892382621765,1
13323,17,Staggering/Unbalanced Movement,1,0.9845501184463501,1
13324,17,Staggering/Unbalanced Movement,1,0.9873987436294556,1
13325,17,Staggering/Unbalanced Movement,1,0.38824012875556946,0
13326,17,Staggering/Unbalanced Movement,1,0.9606788158416748,1
13327,17,Staggering/Unbalanced Movement,1,0.988379716873169,1
13328,17,Staggering/Unbalanced Movement,1,0.9832079410552979,1
13329,17,Staggering/Unbalanced Movement,1,0.9802137017250061,1
13330,17,Staggering/Unbalanced Movement,1,0.8961560130119324,1
13331,17,Staggering/Unbalanced Movement,1,0.9884877800941467,1
13332,17,Staggering/Unbalanced Movement,1,0.9843073487281799,1
13333,17,Staggering/Unbalanced Movement,1,0.9830789566040039,1
13334,17,Staggering/Unbalanced Movement,1,0.9805825352668762,1
13335,17,Staggering/Unbalanced Movement,1,0.8651513457298279,1
13336,17,Staggering/Unbalanced Movement,1,0.9846358299255371,1
13337,17,Staggering/Unbalanced Movement,1,0.9878395199775696,1
13338,17,Staggering/Unbalanced Movement,1,0.9910975694656372,1
13339,17,Staggering/Unbalanced Movement,1,0.9835102558135986,1
13340,17,Staggering/Unbalanced Movement,1,0.9918377995491028,1
13341,17,Staggering/Unbalanced Movement,1,0.9897157549858093,1
13342,17,Staggering/Unbalanced Movement,1,0.9847996234893799,1
13343,17,Staggering/Unbalanced Movement,1,0.9722981452941895,1
13344,17,Staggering/Unbalanced Movement,1,0.9684508442878723,1
13345,17,Staggering/Unbalanced Movement,1,0.8684815168380737,1
13346,17,Staggering/Unbalanced Movement,1,0.9865685701370239,1
13347,17,Staggering/Unbalanced Movement,1,0.990321934223175,1
13348,17,Staggering/Unbalanced Movement,1,0.995070219039917,1
13349,17,Staggering/Unbalanced Movement,1,0.9918531775474548,1
13350,17,Staggering/Unbalanced Movement,1,0.9484379887580872,1
13351,17,Staggering/Unbalanced Movement,1,0.929684042930603,1
13352,17,Staggering/Unbalanced Movement,1,0.9141854643821716,1
13353,17,Staggering/Unbalanced Movement,1,0.9669686555862427,1
13354,17,Staggering/Unbalanced Movement,1,0.9879277348518372,1
13355,17,Staggering/Unbalanced Movement,1,0.9866466522216797,1
13356,17,Staggering/Unbalanced Movement,1,0.9943349361419678,1
13357,17,Staggering/Unbalanced Movement,1,0.9691895842552185,1
13358,17,Staggering/Unbalanced Movement,1,0.9685034155845642,1
13359,17,Staggering/Unbalanced Movement,1,0.8708932399749756,1
13360,17,Staggering/Unbalanced Movement,1,0.9717117547988892,1
13361,17,Staggering/Unbalanced Movement,1,0.966948390007019,1
13362,17,Staggering/Unbalanced Movement,1,0.9305726289749146,1
13363,17,Staggering/Unbalanced Movement,1,0.879650354385376,1
13364,17,Staggering/Unbalanced Movement,1,0.7764108777046204,1
13365,17,Staggering/Unbalanced Movement,1,0.9652335047721863,1
13366,17,Staggering/Unbalanced Movement,1,0.9515907168388367,1
13367,17,Staggering/Unbalanced Movement,1,0.9896582961082458,1
13368,17,Staggering/Unbalanced Movement,1,0.8997112512588501,1
13369,17,Staggering/Unbalanced Movement,1,0.9667007923126221,1
13370,17,Staggering/Unbalanced Movement,1,0.9255248308181763,1
13371,17,Staggering/Unbalanced Movement,1,0.9704603552818298,1
13372,17,Staggering/Unbalanced Movement,1,0.9793108105659485,1
13373,17,Staggering/Unbalanced Movement,1,0.9518807530403137,1
13374,17,Staggering/Unbalanced Movement,1,0.95259028673172,1
13375,17,Staggering/Unbalanced Movement,1,0.9683508276939392,1
13376,17,Staggering/Unbalanced Movement,1,0.9876642823219299,1
13377,17,Staggering/Unbalanced Movement,1,0.9804527759552002,1
13378,17,Staggering/Unbalanced Movement,1,0.9825666546821594,1
13379,17,Staggering/Unbalanced Movement,1,0.9274511337280273,1
13380,17,Staggering/Unbalanced Movement,1,0.895484983921051,1
13381,17,Staggering/Unbalanced Movement,1,0.6608744859695435,1
13382,17,Staggering/Unbalanced Movement,1,0.9135007262229919,1
13383,17,Staggering/Unbalanced Movement,1,0.9510246515274048,1
13384,17,Staggering/Unbalanced Movement,1,0.9365956783294678,1
13385,17,Staggering/Unbalanced Movement,1,0.9886043071746826,1
13386,17,Staggering/Unbalanced Movement,1,0.974455714225769,1
13387,17,Staggering/Unbalanced Movement,1,0.9869409203529358,1
13388,17,Staggering/Unbalanced Movement,1,0.9556658267974854,1
13389,17,Staggering/Unbalanced Movement,1,0.989803671836853,1
13390,17,Staggering/Unbalanced Movement,1,0.9657976031303406,1
13391,17,Staggering/Unbalanced Movement,1,0.9434401988983154,1
13392,17,Staggering/Unbalanced Movement,1,0.9866641759872437,1
13393,17,Staggering/Unbalanced Movement,1,0.9045385122299194,1
13394,17,Staggering/Unbalanced Movement,1,0.9605697989463806,1
13395,17,Staggering/Unbalanced Movement,1,0.980028510093689,1
13396,17,Staggering/Unbalanced Movement,1,0.990915834903717,1
13397,17,Staggering/Unbalanced Movement,1,0.9819011092185974,1
13398,17,Staggering/Unbalanced Movement,1,0.9004203677177429,1
13399,17,Staggering/Unbalanced Movement,1,0.952285647392273,1
13400,17,Staggering/Unbalanced Movement,1,0.9656217098236084,1
13401,17,Staggering/Unbalanced Movement,1,0.9714291095733643,1
13402,17,Staggering/Unbalanced Movement,1,0.9773362278938293,1
13403,17,Staggering/Unbalanced Movement,1,0.9902582168579102,1
13404,17,Staggering/Unbalanced Movement,1,0.9873825907707214,1
13405,17,Staggering/Unbalanced Movement,1,0.8656108379364014,1
13406,17,Staggering/Unbalanced Movement,1,0.8182770609855652,1
13407,17,Staggering/Unbalanced Movement,1,0.7216459512710571,1
13408,17,Staggering/Unbalanced Movement,1,0.8070674538612366,1
13409,17,Staggering/Unbalanced Movement,1,0.933207631111145,1
13410,17,Staggering/Unbalanced Movement,1,0.8427943587303162,1
13411,17,Staggering/Unbalanced Movement,1,0.8560505509376526,1
13412,17,Staggering/Unbalanced Movement,1,0.8258698582649231,1
13413,17,Staggering/Unbalanced Movement,1,0.9877086877822876,1
13414,17,Staggering/Unbalanced Movement,1,0.9820978045463562,1
13415,17,Staggering/Unbalanced Movement,1,0.8074803352355957,1
13416,17,Staggering/Unbalanced Movement,1,0.8817740082740784,1
13417,17,Staggering/Unbalanced Movement,1,0.9008722305297852,1
13418,17,Staggering/Unbalanced Movement,1,0.6077136993408203,1
13419,17,Staggering/Unbalanced Movement,1,0.9900490045547485,1
13420,17,Staggering/Unbalanced Movement,1,0.9867255687713623,1
13421,17,Staggering/Unbalanced Movement,1,0.989090621471405,1
13422,17,Staggering/Unbalanced Movement,1,0.6671563386917114,1
13423,17,Staggering/Unbalanced Movement,1,0.9882662892341614,1
13424,17,Staggering/Unbalanced Movement,1,0.9858614206314087,1
13425,17,Staggering/Unbalanced Movement,1,0.16858509182929993,0
13426,17,Staggering/Unbalanced Movement,1,0.21870571374893188,0
13427,17,Staggering/Unbalanced Movement,1,0.572167158126831,1
13428,17,Staggering/Unbalanced Movement,1,0.5328850150108337,1
13429,17,Staggering/Unbalanced Movement,1,0.6825976967811584,1
13430,17,Staggering/Unbalanced Movement,1,0.674689769744873,1
13431,17,Staggering/Unbalanced Movement,1,0.8218280673027039,1
13432,17,Staggering/Unbalanced Movement,1,0.2793312966823578,0
13433,17,Staggering/Unbalanced Movement,1,0.6968618631362915,1
13434,17,Staggering/Unbalanced Movement,1,0.7833479046821594,1
13435,17,Staggering/Unbalanced Movement,1,0.9568221569061279,1
13436,17,Staggering/Unbalanced Movement,1,0.9870733022689819,1
13437,17,Staggering/Unbalanced Movement,1,0.9687976837158203,1
13438,17,Staggering/Unbalanced Movement,1,0.9948805570602417,1
13439,17,Staggering/Unbalanced Movement,1,0.9441619515419006,1
13440,17,Staggering/Unbalanced Movement,1,0.9209584593772888,1
13441,17,Staggering/Unbalanced Movement,1,0.9807805418968201,1
13442,17,Staggering/Unbalanced Movement,1,0.9800200462341309,1
13443,17,Staggering/Unbalanced Movement,1,0.9884174466133118,1
13444,17,Staggering/Unbalanced Movement,1,0.9356316924095154,1
13445,17,Staggering/Unbalanced Movement,1,0.9760692119598389,1
13446,17,Staggering/Unbalanced Movement,1,0.9947393536567688,1
13447,17,Staggering/Unbalanced Movement,1,0.9904699325561523,1
13448,17,Staggering/Unbalanced Movement,1,0.9925850033760071,1
13449,17,Staggering/Unbalanced Movement,1,0.9792806506156921,1
13450,17,Staggering/Unbalanced Movement,1,0.9569631814956665,1
13451,17,Staggering/Unbalanced Movement,1,0.9835155606269836,1
13452,17,Staggering/Unbalanced Movement,1,0.9835740327835083,1
13453,17,Staggering/Unbalanced Movement,1,0.9883502721786499,1
13454,17,Staggering/Unbalanced Movement,1,0.9757429957389832,1
13455,17,Staggering/Unbalanced Movement,1,0.9231371283531189,1
13456,17,Staggering/Unbalanced Movement,1,0.837279736995697,1
13457,17,Staggering/Unbalanced Movement,1,0.8273535370826721,1
13458,17,Staggering/Unbalanced Movement,1,0.8681211471557617,1
13459,17,Staggering/Unbalanced Movement,1,0.9461410641670227,1
13460,17,Staggering/Unbalanced Movement,1,0.8779638409614563,1
13461,17,Staggering/Unbalanced Movement,1,0.9535380601882935,1
13462,17,Staggering/Unbalanced Movement,1,0.8368154764175415,1
13463,17,Staggering/Unbalanced Movement,1,0.9109029173851013,1
13464,17,Staggering/Unbalanced Movement,1,0.8811511993408203,1
13465,17,Staggering/Unbalanced Movement,1,0.8732052445411682,1
13466,17,Staggering/Unbalanced Movement,1,0.8866201639175415,1
13467,17,Staggering/Unbalanced Movement,1,0.9364010095596313,1
13468,17,Staggering/Unbalanced Movement,1,0.7997602820396423,1
13469,17,Staggering/Unbalanced Movement,1,0.8026895523071289,1
13470,17,Staggering/Unbalanced Movement,1,0.9050164818763733,1
13471,17,Staggering/Unbalanced Movement,1,0.8938853144645691,1
13472,17,Staggering/Unbalanced Movement,1,0.8280640244483948,1
13473,17,Staggering/Unbalanced Movement,1,0.7747933864593506,1
13474,17,Staggering/Unbalanced Movement,1,0.7597898244857788,1
13475,17,Staggering/Unbalanced Movement,1,0.4847494065761566,0
13476,17,Staggering/Unbalanced Movement,1,0.46494176983833313,0
13477,17,Staggering/Unbalanced Movement,1,0.772807240486145,1
13478,17,Staggering/Unbalanced Movement,1,0.7979723811149597,1
13479,17,Staggering/Unbalanced Movement,1,0.9351916909217834,1
13480,17,Staggering/Unbalanced Movement,1,0.8917537331581116,1
13481,17,Staggering/Unbalanced Movement,1,0.7809329032897949,1
13482,17,Staggering/Unbalanced Movement,1,0.7670606970787048,1
13483,17,Staggering/Unbalanced Movement,1,0.9954415559768677,1
13484,17,Staggering/Unbalanced Movement,1,0.9821555018424988,1
13485,17,Staggering/Unbalanced Movement,1,0.9927581548690796,1
13486,17,Staggering/Unbalanced Movement,1,0.9411622285842896,1
13487,17,Staggering/Unbalanced Movement,1,0.9845454692840576,1
13488,17,Staggering/Unbalanced Movement,1,0.9555293917655945,1
13489,17,Staggering/Unbalanced Movement,1,0.8649260401725769,1
13490,17,Staggering/Unbalanced Movement,1,0.9748346209526062,1
13491,17,Staggering/Unbalanced Movement,1,0.9918777942657471,1
13492,17,Staggering/Unbalanced Movement,1,0.8395753502845764,1
13493,17,Staggering/Unbalanced Movement,1,0.9855522513389587,1
13494,17,Staggering/Unbalanced Movement,1,0.9548330903053284,1
13495,17,Staggering/Unbalanced Movement,1,0.8998356461524963,1
13496,17,Staggering/Unbalanced Movement,1,0.7156050801277161,1
13497,17,Staggering/Unbalanced Movement,1,0.9048476219177246,1
13498,17,Staggering/Unbalanced Movement,1,0.7962387204170227,1
13499,17,Staggering/Unbalanced Movement,1,0.8595103025436401,1
13500,17,Staggering/Unbalanced Movement,1,0.7888835072517395,1
13501,17,Staggering/Unbalanced Movement,1,0.7604996562004089,1
13502,17,Staggering/Unbalanced Movement,1,0.9173451066017151,1
13503,17,Staggering/Unbalanced Movement,1,0.8383311629295349,1
13504,17,Staggering/Unbalanced Movement,1,0.7582967877388,1
13505,17,Staggering/Unbalanced Movement,1,0.9333102107048035,1
13506,17,Staggering/Unbalanced Movement,1,0.8333473205566406,1
13507,17,Staggering/Unbalanced Movement,1,0.8963502645492554,1
13508,17,Staggering/Unbalanced Movement,1,0.8566997051239014,1
13509,17,Staggering/Unbalanced Movement,1,0.9160267114639282,1
13510,17,Staggering/Unbalanced Movement,1,0.6780076622962952,1
13511,17,Staggering/Unbalanced Movement,1,0.9190840721130371,1
13512,17,Staggering/Unbalanced Movement,1,0.9367741942405701,1
13513,17,Staggering/Unbalanced Movement,1,0.9367532134056091,1
13514,17,Staggering/Unbalanced Movement,1,0.7996214032173157,1
13515,17,Staggering/Unbalanced Movement,1,0.8505889773368835,1
13516,17,Staggering/Unbalanced Movement,1,0.3884308338165283,0
13517,17,Staggering/Unbalanced Movement,1,0.30875352025032043,0
13518,17,Staggering/Unbalanced Movement,1,0.6504783034324646,1
13519,17,Staggering/Unbalanced Movement,1,0.5915113687515259,1
13520,17,Staggering/Unbalanced Movement,1,0.47369280457496643,0
13521,17,Staggering/Unbalanced Movement,1,0.10473670065402985,0
13522,17,Staggering/Unbalanced Movement,1,0.8990793228149414,1
13523,17,Staggering/Unbalanced Movement,1,0.8805199861526489,1
13524,17,Staggering/Unbalanced Movement,1,0.9085135459899902,1
13525,17,Staggering/Unbalanced Movement,1,0.8784220218658447,1
13526,17,Staggering/Unbalanced Movement,1,0.9686429500579834,1
13527,17,Staggering/Unbalanced Movement,1,0.9798533916473389,1
13528,17,Staggering/Unbalanced Movement,1,0.9210668206214905,1
13529,17,Staggering/Unbalanced Movement,1,0.9261687994003296,1
13530,17,Staggering/Unbalanced Movement,1,0.7545208930969238,1
13531,17,Staggering/Unbalanced Movement,1,0.9032304883003235,1
13532,17,Staggering/Unbalanced Movement,1,0.6338147521018982,1
13533,17,Staggering/Unbalanced Movement,1,0.9921076893806458,1
13534,17,Staggering/Unbalanced Movement,1,0.9872055053710938,1
13535,17,Staggering/Unbalanced Movement,1,0.9547227025032043,1
13536,17,Staggering/Unbalanced Movement,1,0.9064151048660278,1
13537,17,Staggering/Unbalanced Movement,1,0.9047883749008179,1
13538,17,Staggering/Unbalanced Movement,1,0.9683741331100464,1
13539,17,Staggering/Unbalanced Movement,1,0.9653999209403992,1
13540,17,Staggering/Unbalanced Movement,1,0.9735692739486694,1
13541,17,Staggering/Unbalanced Movement,1,0.13049829006195068,0
13542,17,Staggering/Unbalanced Movement,1,0.14918577671051025,0
13543,17,Staggering/Unbalanced Movement,1,0.14495742321014404,0
13544,17,Staggering/Unbalanced Movement,1,0.9765864610671997,1
13545,17,Staggering/Unbalanced Movement,1,0.8458589315414429,1
13546,17,Staggering/Unbalanced Movement,1,0.5249653458595276,1
13547,17,Staggering/Unbalanced Movement,1,0.8346722722053528,1
13548,17,Staggering/Unbalanced Movement,1,0.9227490425109863,1
13549,17,Staggering/Unbalanced Movement,1,0.9452502131462097,1
13550,17,Staggering/Unbalanced Movement,1,0.9217329025268555,1
13551,17,Staggering/Unbalanced Movement,1,0.8870991468429565,1
13552,17,Staggering/Unbalanced Movement,1,0.9110610485076904,1
13553,17,Staggering/Unbalanced Movement,1,0.13145923614501953,0
13554,17,Staggering/Unbalanced Movement,1,0.45025697350502014,0
13555,17,Staggering/Unbalanced Movement,1,0.2724226415157318,0
13556,17,Staggering/Unbalanced Movement,1,0.3693945109844208,0
13557,17,Staggering/Unbalanced Movement,1,0.611609935760498,1
13558,17,Staggering/Unbalanced Movement,1,0.5520257949829102,1
13763,19,Staggering/Unbalanced Movement,1,0.9433304071426392,1
13764,19,Staggering/Unbalanced Movement,1,0.7955973148345947,1
13765,19,Staggering/Unbalanced Movement,1,0.6561811566352844,1
13766,19,Staggering/Unbalanced Movement,1,0.7143360376358032,1
13767,19,Staggering/Unbalanced Movement,1,0.5749754309654236,1
13768,19,Staggering/Unbalanced Movement,1,0.8094624876976013,1
13769,19,Staggering/Unbalanced Movement,1,0.9151667356491089,1
13770,19,Staggering/Unbalanced Movement,1,0.9104781746864319,1
13771,19,Staggering/Unbalanced Movement,1,0.9090856909751892,1
13772,19,Staggering/Unbalanced Movement,1,0.9618217349052429,1
13773,19,Staggering/Unbalanced Movement,1,0.9703429341316223,1
13774,19,Staggering/Unbalanced Movement,1,0.7028148770332336,1
13775,19,Staggering/Unbalanced Movement,1,0.8156445622444153,1
13776,19,Staggering/Unbalanced Movement,1,0.7983800768852234,1
13777,19,Staggering/Unbalanced Movement,1,0.45964351296424866,0
13778,19,Staggering/Unbalanced Movement,1,0.47372227907180786,0
13779,19,Staggering/Unbalanced Movement,1,0.666084349155426,1
13780,19,Staggering/Unbalanced Movement,1,0.5706249475479126,1
13781,19,Staggering/Unbalanced Movement,1,0.8096338510513306,1
13782,19,Staggering/Unbalanced Movement,1,0.9178966879844666,1
13783,19,Staggering/Unbalanced Movement,1,0.7733291983604431,1
13784,19,Staggering/Unbalanced Movement,1,0.4490044414997101,0
13785,19,Staggering/Unbalanced Movement,1,0.5610392093658447,1
13786,19,Staggering/Unbalanced Movement,1,0.6412150263786316,1
13787,19,Staggering/Unbalanced Movement,1,0.9283083081245422,1
13788,19,Staggering/Unbalanced Movement,1,0.9858095049858093,1
13789,19,Staggering/Unbalanced Movement,1,0.9892765283584595,1
13790,19,Staggering/Unbalanced Movement,1,0.9644565582275391,1
13791,19,Staggering/Unbalanced Movement,1,0.9545943737030029,1
13792,19,Staggering/Unbalanced Movement,1,0.9534283876419067,1
13793,19,Staggering/Unbalanced Movement,1,0.9824192523956299,1
13794,19,Staggering/Unbalanced Movement,1,0.9021019339561462,1
13795,19,Staggering/Unbalanced Movement,1,0.9103803634643555,1
13796,19,Staggering/Unbalanced Movement,1,0.7367162704467773,1
13797,19,Staggering/Unbalanced Movement,1,0.9218376278877258,1
13798,19,Staggering/Unbalanced Movement,1,0.7844175100326538,1
13799,19,Staggering/Unbalanced Movement,1,0.8740772604942322,1
13800,19,Staggering/Unbalanced Movement,1,0.9259958863258362,1
13801,19,Staggering/Unbalanced Movement,1,0.9352142214775085,1
13802,19,Staggering/Unbalanced Movement,1,0.9461970925331116,1
13803,19,Staggering/Unbalanced Movement,1,0.9814824461936951,1
13804,19,Staggering/Unbalanced Movement,1,0.9833002090454102,1
13805,19,Staggering/Unbalanced Movement,1,0.9782295823097229,1
13806,19,Staggering/Unbalanced Movement,1,0.962270200252533,1
13807,19,Staggering/Unbalanced Movement,1,0.9435417652130127,1
13808,19,Staggering/Unbalanced Movement,1,0.9381021857261658,1
13809,19,Staggering/Unbalanced Movement,1,0.9070907235145569,1
13810,19,Staggering/Unbalanced Movement,1,0.7486725449562073,1
13811,19,Staggering/Unbalanced Movement,1,0.8555062413215637,1
13812,19,Staggering/Unbalanced Movement,1,0.9482271075248718,1
13813,19,Staggering/Unbalanced Movement,1,0.9723127484321594,1
13814,19,Staggering/Unbalanced Movement,1,0.9779938459396362,1
13815,19,Staggering/Unbalanced Movement,1,0.9410169124603271,1
13816,19,Staggering/Unbalanced Movement,1,0.9377388954162598,1
13817,19,Staggering/Unbalanced Movement,1,0.9589780569076538,1
13818,19,Staggering/Unbalanced Movement,1,0.9860862493515015,1
13819,19,Staggering/Unbalanced Movement,1,0.9081989526748657,1
13820,19,Staggering/Unbalanced Movement,1,0.9643614292144775,1
13821,19,Staggering/Unbalanced Movement,1,0.8971498012542725,1
13822,19,Staggering/Unbalanced Movement,1,0.562732458114624,1
13823,19,Staggering/Unbalanced Movement,1,0.8552258610725403,1
13824,19,Staggering/Unbalanced Movement,1,0.7588983178138733,1
13825,19,Staggering/Unbalanced Movement,1,0.951530933380127,1
13826,19,Staggering/Unbalanced Movement,1,0.8688342571258545,1
13827,19,Staggering/Unbalanced Movement,1,0.9099381566047668,1
13828,19,Staggering/Unbalanced Movement,1,0.9836554527282715,1
13829,19,Staggering/Unbalanced Movement,1,0.7546512484550476,1
13830,19,Staggering/Unbalanced Movement,1,0.7906305193901062,1
13831,19,Staggering/Unbalanced Movement,1,0.8947150707244873,1
13832,19,Staggering/Unbalanced Movement,1,0.9710448384284973,1
13833,19,Staggering/Unbalanced Movement,1,0.9870837926864624,1
13834,19,Staggering/Unbalanced Movement,1,0.9264470338821411,1
13835,19,Staggering/Unbalanced Movement,1,0.9787229299545288,1
13836,19,Staggering/Unbalanced Movement,1,0.9076859951019287,1
13837,19,Staggering/Unbalanced Movement,1,0.8683149218559265,1
13838,19,Staggering/Unbalanced Movement,1,0.9420803785324097,1
13839,19,Staggering/Unbalanced Movement,1,0.926405668258667,1
13840,19,Staggering/Unbalanced Movement,1,0.7094312906265259,1
13841,19,Staggering/Unbalanced Movement,1,0.9588719606399536,1
13842,19,Staggering/Unbalanced Movement,1,0.9511024951934814,1
13843,19,Staggering/Unbalanced Movement,1,0.9155433177947998,1
13844,19,Staggering/Unbalanced Movement,1,0.9426983594894409,1
13845,19,Staggering/Unbalanced Movement,1,0.8234436511993408,1
13846,19,Staggering/Unbalanced Movement,1,0.928047239780426,1
13847,19,Staggering/Unbalanced Movement,1,0.9747467041015625,1
13848,19,Staggering/Unbalanced Movement,1,0.9848091006278992,1
13849,19,Staggering/Unbalanced Movement,1,0.941565215587616,1
13850,19,Staggering/Unbalanced Movement,1,0.9179827570915222,1
13851,19,Staggering/Unbalanced Movement,1,0.9189242124557495,1
13852,19,Staggering/Unbalanced Movement,1,0.9547812938690186,1
13853,19,Staggering/Unbalanced Movement,1,0.9119648933410645,1
13854,19,Staggering/Unbalanced Movement,1,0.9356967210769653,1
13855,19,Staggering/Unbalanced Movement,1,0.92457115650177,1
13856,19,Staggering/Unbalanced Movement,1,0.8083840012550354,1
13857,19,Staggering/Unbalanced Movement,1,0.7316853404045105,1
13858,19,Staggering/Unbalanced Movement,1,0.4852391183376312,0
13859,19,Staggering/Unbalanced Movement,1,0.5819256901741028,1
13860,19,Staggering/Unbalanced Movement,1,0.8870877623558044,1
13861,19,Staggering/Unbalanced Movement,1,0.8744869828224182,1
13862,19,Staggering/Unbalanced Movement,1,0.9650717377662659,1
13863,19,Staggering/Unbalanced Movement,1,0.9711446762084961,1
13864,19,Staggering/Unbalanced Movement,1,0.9659349322319031,1
13865,19,Staggering/Unbalanced Movement,1,0.8131791353225708,1
13866,19,Staggering/Unbalanced Movement,1,0.9149157404899597,1
13867,19,Staggering/Unbalanced Movement,1,0.9842924475669861,1
13868,19,Staggering/Unbalanced Movement,1,0.9921923279762268,1
13869,19,Staggering/Unbalanced Movement,1,0.9752750396728516,1
13870,19,Staggering/Unbalanced Movement,1,0.96766597032547,1
13871,19,Staggering/Unbalanced Movement,1,0.9774814248085022,1
13872,19,Staggering/Unbalanced Movement,1,0.9188779592514038,1
13873,19,Staggering/Unbalanced Movement,1,0.8032642006874084,1
13874,19,Staggering/Unbalanced Movement,1,0.6954144835472107,1
13875,19,Staggering/Unbalanced Movement,1,0.9624643325805664,1
13876,19,Staggering/Unbalanced Movement,1,0.9711396098136902,1
13877,19,Staggering/Unbalanced Movement,1,0.9276700019836426,1
13878,19,Staggering/Unbalanced Movement,1,0.960817813873291,1
13879,19,Staggering/Unbalanced Movement,1,0.9589887261390686,1
13880,19,Staggering/Unbalanced Movement,1,0.9600892663002014,1
13881,19,Staggering/Unbalanced Movement,1,0.962805986404419,1
13882,19,Staggering/Unbalanced Movement,1,0.9559848308563232,1
13883,19,Staggering/Unbalanced Movement,1,0.9412941336631775,1
13884,19,Staggering/Unbalanced Movement,1,0.8654812574386597,1
13885,19,Staggering/Unbalanced Movement,1,0.5984401106834412,1
13886,19,Staggering/Unbalanced Movement,1,0.9327622652053833,1
13887,19,Staggering/Unbalanced Movement,1,0.983661949634552,1
13888,19,Staggering/Unbalanced Movement,1,0.9806482195854187,1
13889,19,Staggering/Unbalanced Movement,1,0.8661699891090393,1
13890,19,Staggering/Unbalanced Movement,1,0.9378937482833862,1
13891,19,Staggering/Unbalanced Movement,1,0.9233196377754211,1
13892,19,Staggering/Unbalanced Movement,1,0.9544647932052612,1
13893,19,Staggering/Unbalanced Movement,1,0.9481154680252075,1
13894,19,Staggering/Unbalanced Movement,1,0.9445857405662537,1
13895,19,Staggering/Unbalanced Movement,1,0.909762978553772,1
13896,19,Staggering/Unbalanced Movement,1,0.9471316933631897,1
13897,19,Staggering/Unbalanced Movement,1,0.19112169742584229,0
13898,19,Staggering/Unbalanced Movement,1,0.9389563798904419,1
13899,19,Staggering/Unbalanced Movement,1,0.9794847369194031,1
13900,19,Staggering/Unbalanced Movement,1,0.9636231064796448,1
13901,19,Staggering/Unbalanced Movement,1,0.9408607482910156,1
13902,19,Staggering/Unbalanced Movement,1,0.9198798537254333,1
13903,19,Staggering/Unbalanced Movement,1,0.9260877966880798,1
13904,19,Staggering/Unbalanced Movement,1,0.9748329520225525,1
13905,19,Staggering/Unbalanced Movement,1,0.9602381587028503,1
13906,19,Staggering/Unbalanced Movement,1,0.9764627814292908,1
13907,19,Staggering/Unbalanced Movement,1,0.950878381729126,1
13908,19,Staggering/Unbalanced Movement,1,0.9255987405776978,1
13909,19,Staggering/Unbalanced Movement,1,0.3632349967956543,0
13910,19,Staggering/Unbalanced Movement,1,0.28988876938819885,0
13911,19,Staggering/Unbalanced Movement,1,0.9639630317687988,1
13912,19,Staggering/Unbalanced Movement,1,0.9605090618133545,1
13913,19,Staggering/Unbalanced Movement,1,0.968643069267273,1
13914,19,Staggering/Unbalanced Movement,1,0.9690291285514832,1
13915,19,Staggering/Unbalanced Movement,1,0.7048137187957764,1
13916,19,Staggering/Unbalanced Movement,1,0.6372388005256653,1
13917,19,Staggering/Unbalanced Movement,1,0.9002888798713684,1
13918,19,Staggering/Unbalanced Movement,1,0.7924506664276123,1
13919,19,Staggering/Unbalanced Movement,1,0.9684523940086365,1
13920,19,Staggering/Unbalanced Movement,1,0.9434850811958313,1
13921,19,Staggering/Unbalanced Movement,1,0.9818698763847351,1
13922,19,Staggering/Unbalanced Movement,1,0.9690455794334412,1
13923,19,Staggering/Unbalanced Movement,1,0.9287872910499573,1
13924,19,Staggering/Unbalanced Movement,1,0.9822334051132202,1
13925,19,Staggering/Unbalanced Movement,1,0.5681443214416504,1
13926,19,Staggering/Unbalanced Movement,1,0.9169049859046936,1
13927,19,Staggering/Unbalanced Movement,1,0.9634586572647095,1
13928,19,Staggering/Unbalanced Movement,1,0.9380072355270386,1
13929,19,Staggering/Unbalanced Movement,1,0.9276253581047058,1
13930,19,Staggering/Unbalanced Movement,1,0.9186047911643982,1
13931,19,Staggering/Unbalanced Movement,1,0.9596433043479919,1
13932,19,Staggering/Unbalanced Movement,1,0.8246966600418091,1
13933,19,Staggering/Unbalanced Movement,1,0.9454295039176941,1
13934,19,Staggering/Unbalanced Movement,1,0.9609299302101135,1
13935,19,Staggering/Unbalanced Movement,1,0.9745757579803467,1
13936,19,Staggering/Unbalanced Movement,1,0.9198744893074036,1
13937,19,Staggering/Unbalanced Movement,1,0.9598494172096252,1
13938,19,Staggering/Unbalanced Movement,1,0.9862668514251709,1
13939,19,Staggering/Unbalanced Movement,1,0.8678885698318481,1
13940,19,Staggering/Unbalanced Movement,1,0.982890784740448,1
13941,19,Staggering/Unbalanced Movement,1,0.987255334854126,1
13942,19,Staggering/Unbalanced Movement,1,0.9446737170219421,1
13943,19,Staggering/Unbalanced Movement,1,0.7866813540458679,1
13944,19,Staggering/Unbalanced Movement,1,0.8126211166381836,1
13945,19,Staggering/Unbalanced Movement,1,0.8485186100006104,1
13946,19,Staggering/Unbalanced Movement,1,0.8857650756835938,1
13947,19,Staggering/Unbalanced Movement,1,0.9413838982582092,1
13948,19,Staggering/Unbalanced Movement,1,0.9832667112350464,1
13949,19,Staggering/Unbalanced Movement,1,0.9921258687973022,1
13950,19,Staggering/Unbalanced Movement,1,0.9534273147583008,1
13951,19,Staggering/Unbalanced Movement,1,0.9405984878540039,1
13952,19,Staggering/Unbalanced Movement,1,0.8885906934738159,1
13953,19,Staggering/Unbalanced Movement,1,0.9060797095298767,1
13954,19,Staggering/Unbalanced Movement,1,0.962966799736023,1
13955,19,Staggering/Unbalanced Movement,1,0.8584026098251343,1
13956,19,Staggering/Unbalanced Movement,1,0.9182151556015015,1
13957,19,Staggering/Unbalanced Movement,1,0.7661821842193604,1
13958,19,Staggering/Unbalanced Movement,1,0.8474813103675842,1
13959,19,Staggering/Unbalanced Movement,1,0.9409699440002441,1
13960,19,Staggering/Unbalanced Movement,1,0.7867202162742615,1
13961,19,Staggering/Unbalanced Movement,1,0.9714452028274536,1
13962,19,Staggering/Unbalanced Movement,1,0.8238419890403748,1
13963,19,Staggering/Unbalanced Movement,1,0.9336633682250977,1
13964,19,Staggering/Unbalanced Movement,1,0.9213992953300476,1
13965,19,Staggering/Unbalanced Movement,1,0.9591718316078186,1
13966,19,Staggering/Unbalanced Movement,1,0.9560232758522034,1
13967,19,Staggering/Unbalanced Movement,1,0.7312924265861511,1
13968,19,Staggering/Unbalanced Movement,1,0.5897831916809082,1
13969,19,Staggering/Unbalanced Movement,1,0.26918354630470276,0
13970,19,Staggering/Unbalanced Movement,1,0.8623899817466736,1
13971,19,Staggering/Unbalanced Movement,1,0.8846079707145691,1
13972,19,Staggering/Unbalanced Movement,1,0.6390307545661926,1
13973,19,Staggering/Unbalanced Movement,1,0.7139225602149963,1
13974,19,Staggering/Unbalanced Movement,1,0.9566755890846252,1
13975,19,Staggering/Unbalanced Movement,1,0.9757661819458008,1
13976,19,Staggering/Unbalanced Movement,1,0.9215850234031677,1
13977,19,Staggering/Unbalanced Movement,1,0.821905791759491,1
13978,19,Staggering/Unbalanced Movement,1,0.9090368151664734,1
13979,19,Staggering/Unbalanced Movement,1,0.9342807531356812,1
13980,19,Staggering/Unbalanced Movement,1,0.8789379000663757,1
13981,19,Staggering/Unbalanced Movement,1,0.9797834157943726,1
13982,19,Staggering/Unbalanced Movement,1,0.7965351343154907,1
13983,19,Staggering/Unbalanced Movement,1,0.837742269039154,1
13984,19,Staggering/Unbalanced Movement,1,0.9548112750053406,1
13985,19,Staggering/Unbalanced Movement,1,0.9663011431694031,1
13986,19,Staggering/Unbalanced Movement,1,0.9732154011726379,1
13987,19,Staggering/Unbalanced Movement,1,0.9662204384803772,1
13988,19,Staggering/Unbalanced Movement,1,0.9449126720428467,1
13989,19,Staggering/Unbalanced Movement,1,0.3385051190853119,0
13990,19,Staggering/Unbalanced Movement,1,0.9305211305618286,1
13991,19,Staggering/Unbalanced Movement,1,0.965180516242981,1
13992,19,Staggering/Unbalanced Movement,1,0.8962780833244324,1
13993,19,Staggering/Unbalanced Movement,1,0.9269160628318787,1
13994,19,Staggering/Unbalanced Movement,1,0.8895118236541748,1
13995,19,Staggering/Unbalanced Movement,1,0.9406573176383972,1
13996,19,Staggering/Unbalanced Movement,1,0.8674384951591492,1
13997,19,Staggering/Unbalanced Movement,1,0.8089898824691772,1
13998,19,Staggering/Unbalanced Movement,1,0.9396997690200806,1
13999,19,Staggering/Unbalanced Movement,1,0.7694366574287415,1
14000,19,Staggering/Unbalanced Movement,1,0.335513174533844,0
14001,19,Staggering/Unbalanced Movement,1,0.9306771159172058,1
14002,19,Staggering/Unbalanced Movement,1,0.9712574481964111,1
14003,19,Staggering/Unbalanced Movement,1,0.9764659404754639,1
14004,19,Staggering/Unbalanced Movement,1,0.9465133547782898,1
14005,19,Staggering/Unbalanced Movement,1,0.918275773525238,1
14006,19,Staggering/Unbalanced Movement,1,0.9101133942604065,1
14007,19,Staggering/Unbalanced Movement,1,0.9537532329559326,1
14008,19,Staggering/Unbalanced Movement,1,0.9182966947555542,1
14009,19,Staggering/Unbalanced Movement,1,0.7984866499900818,1
14010,19,Staggering/Unbalanced Movement,1,0.959096372127533,1
14011,19,Staggering/Unbalanced Movement,1,0.8603145480155945,1
14012,19,Staggering/Unbalanced Movement,1,0.6341716647148132,1
14013,19,Staggering/Unbalanced Movement,1,0.9631823897361755,1
14014,19,Staggering/Unbalanced Movement,1,0.9260634779930115,1
14015,19,Staggering/Unbalanced Movement,1,0.8463979959487915,1
14016,19,Staggering/Unbalanced Movement,1,0.9757574200630188,1
14017,19,Staggering/Unbalanced Movement,1,0.9113525152206421,1
14018,19,Staggering/Unbalanced Movement,1,0.9073579907417297,1
14019,19,Staggering/Unbalanced Movement,1,0.9259868264198303,1
14020,19,Staggering/Unbalanced Movement,1,0.9417507648468018,1
14021,19,Staggering/Unbalanced Movement,1,0.9527611136436462,1
14022,19,Staggering/Unbalanced Movement,1,0.841533362865448,1
14023,19,Staggering/Unbalanced Movement,1,0.9595908522605896,1
14024,19,Staggering/Unbalanced Movement,1,0.770613968372345,1
14025,19,Staggering/Unbalanced Movement,1,0.7824273109436035,1
14026,19,Staggering/Unbalanced Movement,1,0.952374279499054,1
14027,19,Staggering/Unbalanced Movement,1,0.9699287414550781,1
14028,19,Staggering/Unbalanced Movement,1,0.9376491904258728,1
14029,19,Staggering/Unbalanced Movement,1,0.9528158903121948,1
14030,19,Staggering/Unbalanced Movement,1,0.915314257144928,1
14031,19,Staggering/Unbalanced Movement,1,0.9557232856750488,1
14032,19,Staggering/Unbalanced Movement,1,0.7034252882003784,1
14033,19,Staggering/Unbalanced Movement,1,0.8844220042228699,1
14034,19,Staggering/Unbalanced Movement,1,0.8690734505653381,1
14035,19,Staggering/Unbalanced Movement,1,0.9223070740699768,1
14036,19,Staggering/Unbalanced Movement,1,0.9650104641914368,1
14037,19,Staggering/Unbalanced Movement,1,0.9363324642181396,1
14038,19,Staggering/Unbalanced Movement,1,0.9383889436721802,1
14039,19,Staggering/Unbalanced Movement,1,0.8643559217453003,1
14040,19,Staggering/Unbalanced Movement,1,0.851352870464325,1
14041,19,Staggering/Unbalanced Movement,1,0.9345721006393433,1
14042,19,Staggering/Unbalanced Movement,1,0.9547451734542847,1
14043,19,Staggering/Unbalanced Movement,1,0.9655057191848755,1
14044,19,Staggering/Unbalanced Movement,1,0.9762216210365295,1
14045,19,Staggering/Unbalanced Movement,1,0.8258704543113708,1
14046,19,Staggering/Unbalanced Movement,1,0.7919168472290039,1
14047,19,Staggering/Unbalanced Movement,1,0.8643723130226135,1
14048,19,Staggering/Unbalanced Movement,1,0.9123924970626831,1
14049,19,Staggering/Unbalanced Movement,1,0.9478983879089355,1
14050,19,Staggering/Unbalanced Movement,1,0.8901146054267883,1
14051,19,Staggering/Unbalanced Movement,1,0.9814549088478088,1
14052,19,Staggering/Unbalanced Movement,1,0.9554741382598877,1
14053,19,Staggering/Unbalanced Movement,1,0.982887327671051,1
14054,19,Staggering/Unbalanced Movement,1,0.9492520689964294,1
14055,19,Staggering/Unbalanced Movement,1,0.9501193165779114,1
14056,19,Staggering/Unbalanced Movement,1,0.9610612988471985,1
14057,19,Staggering/Unbalanced Movement,1,0.9714771509170532,1
14058,19,Staggering/Unbalanced Movement,1,0.978093147277832,1
14059,19,Staggering/Unbalanced Movement,1,0.9639192223548889,1
14060,19,Staggering/Unbalanced Movement,1,0.9805375933647156,1
14061,19,Staggering/Unbalanced Movement,1,0.9707220196723938,1
14062,19,Staggering/Unbalanced Movement,1,0.9704591631889343,1
14063,19,Staggering/Unbalanced Movement,1,0.9675233364105225,1
14064,19,Staggering/Unbalanced Movement,1,0.9842427968978882,1
14065,19,Staggering/Unbalanced Movement,1,0.9150838255882263,1
14066,19,Staggering/Unbalanced Movement,1,0.9753315448760986,1
14067,19,Staggering/Unbalanced Movement,1,0.9537233114242554,1
14068,19,Staggering/Unbalanced Movement,1,0.9680798053741455,1
14069,19,Staggering/Unbalanced Movement,1,0.9322608709335327,1
14070,19,Staggering/Unbalanced Movement,1,0.9353314638137817,1
14071,19,Staggering/Unbalanced Movement,1,0.9703120589256287,1
14072,19,Staggering/Unbalanced Movement,1,0.9484383463859558,1
14073,19,Staggering/Unbalanced Movement,1,0.6046144962310791,1
14074,19,Staggering/Unbalanced Movement,1,0.9479019641876221,1
14075,19,Staggering/Unbalanced Movement,1,0.9399906396865845,1
14076,19,Staggering/Unbalanced Movement,1,0.9661172032356262,1
14077,19,Staggering/Unbalanced Movement,1,0.9173018336296082,1
14078,19,Staggering/Unbalanced Movement,1,0.8546218872070312,1
14079,19,Staggering/Unbalanced Movement,1,0.9329061508178711,1
14080,19,Staggering/Unbalanced Movement,1,0.841761589050293,1
14081,19,Staggering/Unbalanced Movement,1,0.7786036729812622,1
14082,19,Staggering/Unbalanced Movement,1,0.8409984707832336,1
14083,19,Staggering/Unbalanced Movement,1,0.9162328839302063,1
14084,19,Staggering/Unbalanced Movement,1,0.46149981021881104,0
14085,19,Staggering/Unbalanced Movement,1,0.6930692195892334,1
14086,19,Staggering/Unbalanced Movement,1,0.8123221397399902,1
14087,19,Staggering/Unbalanced Movement,1,0.6951830983161926,1
14088,19,Staggering/Unbalanced Movement,1,0.7799233794212341,1
14089,19,Staggering/Unbalanced Movement,1,0.9517594575881958,1
14090,19,Staggering/Unbalanced Movement,1,0.9718531966209412,1
14091,19,Staggering/Unbalanced Movement,1,0.8661100268363953,1
14092,19,Staggering/Unbalanced Movement,1,0.9771728515625,1
14093,19,Staggering/Unbalanced Movement,1,0.9731220602989197,1
14094,19,Staggering/Unbalanced Movement,1,0.9752169847488403,1
14095,19,Staggering/Unbalanced Movement,1,0.9196975231170654,1
14096,19,Staggering/Unbalanced Movement,1,0.8604586720466614,1
14097,19,Staggering/Unbalanced Movement,1,0.947091281414032,1
14098,19,Staggering/Unbalanced Movement,1,0.9439438581466675,1
14099,19,Staggering/Unbalanced Movement,1,0.7767546772956848,1
14100,19,Staggering/Unbalanced Movement,1,0.882897138595581,1
14101,19,Staggering/Unbalanced Movement,1,0.9611917734146118,1
14102,19,Staggering/Unbalanced Movement,1,0.9200221300125122,1
14103,19,Staggering/Unbalanced Movement,1,0.9589035511016846,1
14104,19,Staggering/Unbalanced Movement,1,0.9267604947090149,1
14105,19,Staggering/Unbalanced Movement,1,0.7388863563537598,1
14106,19,Staggering/Unbalanced Movement,1,0.9866045117378235,1
14107,19,Staggering/Unbalanced Movement,1,0.8982688784599304,1
14108,19,Staggering/Unbalanced Movement,1,0.7769071459770203,1
14109,19,Staggering/Unbalanced Movement,1,0.8612469434738159,1
14110,19,Staggering/Unbalanced Movement,1,0.9585412740707397,1
14111,19,Staggering/Unbalanced Movement,1,0.9845284819602966,1
14112,19,Staggering/Unbalanced Movement,1,0.9436120390892029,1
14113,19,Staggering/Unbalanced Movement,1,0.9055503010749817,1
14114,19,Staggering/Unbalanced Movement,1,0.9510560035705566,1
14115,19,Staggering/Unbalanced Movement,1,0.9929096102714539,1
14116,19,Staggering/Unbalanced Movement,1,0.9472538232803345,1
14117,19,Staggering/Unbalanced Movement,1,0.8785437345504761,1
14118,19,Staggering/Unbalanced Movement,1,0.9850181937217712,1
14119,19,Staggering/Unbalanced Movement,1,0.9176868200302124,1
14120,19,Staggering/Unbalanced Movement,1,0.9433252811431885,1
14121,19,Staggering/Unbalanced Movement,1,0.9494457840919495,1
14122,19,Staggering/Unbalanced Movement,1,0.9770549535751343,1
14123,19,Staggering/Unbalanced Movement,1,0.972797155380249,1
14124,19,Staggering/Unbalanced Movement,1,0.9800037741661072,1
14125,19,Staggering/Unbalanced Movement,1,0.9864311814308167,1
14126,19,Staggering/Unbalanced Movement,1,0.9752689599990845,1
14127,19,Staggering/Unbalanced Movement,1,0.9417442679405212,1
14128,19,Staggering/Unbalanced Movement,1,0.9409956336021423,1
14129,19,Staggering/Unbalanced Movement,1,0.9776800274848938,1
14130,19,Staggering/Unbalanced Movement,1,0.9741316437721252,1
14131,19,Staggering/Unbalanced Movement,1,0.9622661471366882,1
14132,19,Staggering/Unbalanced Movement,1,0.9522513747215271,1
14133,19,Staggering/Unbalanced Movement,1,0.8638337254524231,1
14134,19,Staggering/Unbalanced Movement,1,0.9260653257369995,1
14135,19,Staggering/Unbalanced Movement,1,0.927604615688324,1
14136,19,Staggering/Unbalanced Movement,1,0.9352168440818787,1
14137,19,Staggering/Unbalanced Movement,1,0.954407274723053,1
14138,19,Staggering/Unbalanced Movement,1,0.9788586497306824,1
14139,19,Staggering/Unbalanced Movement,1,0.9243647456169128,1
14140,19,Staggering/Unbalanced Movement,1,0.788861095905304,1
14141,19,Staggering/Unbalanced Movement,1,0.9604118466377258,1
14142,19,Staggering/Unbalanced Movement,1,0.9721668362617493,1
14143,19,Staggering/Unbalanced Movement,1,0.9675567746162415,1
14144,19,Staggering/Unbalanced Movement,1,0.9157016277313232,1
14145,20,Staggering/Unbalanced Movement,1,0.9867061972618103,1
14146,20,Staggering/Unbalanced Movement,1,0.8417696952819824,1
14147,20,Staggering/Unbalanced Movement,1,0.8256464004516602,1
14148,20,Staggering/Unbalanced Movement,1,0.9837603569030762,1
14149,20,Staggering/Unbalanced Movement,1,0.8538197875022888,1
14150,20,Staggering/Unbalanced Movement,1,0.9112622141838074,1
14151,20,Staggering/Unbalanced Movement,1,0.9533694386482239,1
14152,20,Staggering/Unbalanced Movement,1,0.9445359706878662,1
14153,20,Staggering/Unbalanced Movement,1,0.9344474673271179,1
14154,20,Staggering/Unbalanced Movement,1,0.4508504271507263,0
14155,20,Staggering/Unbalanced Movement,1,0.9576506614685059,1
14156,20,Staggering/Unbalanced Movement,1,0.8013708591461182,1
14157,20,Staggering/Unbalanced Movement,1,0.9349721074104309,1
14158,20,Staggering/Unbalanced Movement,1,0.9182668328285217,1
14159,20,Staggering/Unbalanced Movement,1,0.9045593738555908,1
14160,20,Staggering/Unbalanced Movement,1,0.47420594096183777,0
14161,20,Staggering/Unbalanced Movement,1,0.979536771774292,1
14162,20,Staggering/Unbalanced Movement,1,0.9372546076774597,1
14163,20,Staggering/Unbalanced Movement,1,0.876936137676239,1
14164,20,Staggering/Unbalanced Movement,1,0.7194616794586182,1
14165,20,Staggering/Unbalanced Movement,1,0.8536179065704346,1
14166,20,Staggering/Unbalanced Movement,1,0.9220069050788879,1
14167,20,Staggering/Unbalanced Movement,1,0.8837741017341614,1
14168,20,Staggering/Unbalanced Movement,1,0.9273589253425598,1
14169,20,Staggering/Unbalanced Movement,1,0.986997127532959,1
14170,20,Staggering/Unbalanced Movement,1,0.9390304684638977,1
14171,20,Staggering/Unbalanced Movement,1,0.9018248319625854,1
14172,20,Staggering/Unbalanced Movement,1,0.9341330528259277,1
14173,20,Staggering/Unbalanced Movement,1,0.6655763983726501,1
14174,20,Staggering/Unbalanced Movement,1,0.8222904801368713,1
14175,20,Staggering/Unbalanced Movement,1,0.8668858408927917,1
14176,20,Staggering/Unbalanced Movement,1,0.8912527561187744,1
14177,20,Staggering/Unbalanced Movement,1,0.9354202151298523,1
14178,20,Staggering/Unbalanced Movement,1,0.9611010551452637,1
14179,20,Staggering/Unbalanced Movement,1,0.938281774520874,1
14180,20,Staggering/Unbalanced Movement,1,0.7887492179870605,1
14181,20,Staggering/Unbalanced Movement,1,0.9917336702346802,1
14182,20,Staggering/Unbalanced Movement,1,0.7990089654922485,1
14183,20,Staggering/Unbalanced Movement,1,0.4060399830341339,0
14184,20,Staggering/Unbalanced Movement,1,0.9217883944511414,1
14185,20,Staggering/Unbalanced Movement,1,0.9293330311775208,1
14186,20,Staggering/Unbalanced Movement,1,0.9242026209831238,1
14187,20,Staggering/Unbalanced Movement,1,0.7378429174423218,1
14188,20,Staggering/Unbalanced Movement,1,0.753487229347229,1
14189,20,Staggering/Unbalanced Movement,1,0.877196729183197,1
14190,20,Staggering/Unbalanced Movement,1,0.6272938251495361,1
14191,20,Staggering/Unbalanced Movement,1,0.40202590823173523,0
14192,20,Staggering/Unbalanced Movement,1,0.7616589069366455,1
14193,20,Staggering/Unbalanced Movement,1,0.8174197673797607,1
14194,20,Staggering/Unbalanced Movement,1,0.8121078610420227,1
14195,20,Staggering/Unbalanced Movement,1,0.5689927935600281,1
14196,20,Staggering/Unbalanced Movement,1,0.5535302758216858,1
14197,20,Staggering/Unbalanced Movement,1,0.8348829746246338,1
14198,20,Staggering/Unbalanced Movement,1,0.9319890737533569,1
14199,20,Staggering/Unbalanced Movement,1,0.8368323445320129,1
14200,20,Staggering/Unbalanced Movement,1,0.8151983618736267,1
14201,20,Staggering/Unbalanced Movement,1,0.905866265296936,1
14202,20,Staggering/Unbalanced Movement,1,0.824790358543396,1
14203,20,Staggering/Unbalanced Movement,1,0.6891245245933533,1
14204,20,Staggering/Unbalanced Movement,1,0.8046131730079651,1
14205,20,Staggering/Unbalanced Movement,1,0.7998999953269958,1
14206,20,Staggering/Unbalanced Movement,1,0.7397725582122803,1
14207,20,Staggering/Unbalanced Movement,1,0.5586690902709961,1
14208,20,Staggering/Unbalanced Movement,1,0.8323873281478882,1
14209,20,Staggering/Unbalanced Movement,1,0.8171985745429993,1
14210,20,Staggering/Unbalanced Movement,1,0.7648287415504456,1
14211,20,Staggering/Unbalanced Movement,1,0.8869118094444275,1
14212,20,Staggering/Unbalanced Movement,1,0.697651207447052,1
14213,20,Staggering/Unbalanced Movement,1,0.6954154968261719,1
14325,22,Staggering/Unbalanced Movement,1,0.7216736674308777,1
14326,22,Staggering/Unbalanced Movement,1,0.9320590496063232,1
14327,22,Staggering/Unbalanced Movement,1,0.8850936889648438,1
14328,22,Staggering/Unbalanced Movement,1,0.8473975658416748,1
14329,22,Staggering/Unbalanced Movement,1,0.8806549310684204,1
14330,22,Staggering/Unbalanced Movement,1,0.9628071784973145,1
14331,22,Staggering/Unbalanced Movement,1,0.49975383281707764,0
14332,22,Staggering/Unbalanced Movement,1,0.6896824240684509,1
14333,22,Staggering/Unbalanced Movement,1,0.8562003970146179,1
14334,22,Staggering/Unbalanced Movement,1,0.7648721933364868,1
14335,22,Staggering/Unbalanced Movement,1,0.9014825820922852,1
14336,22,Staggering/Unbalanced Movement,1,0.6237989068031311,1
14337,22,Staggering/Unbalanced Movement,1,0.7549470067024231,1
14338,22,Staggering/Unbalanced Movement,1,0.8821153044700623,1
14339,22,Staggering/Unbalanced Movement,1,0.8455211520195007,1
14340,22,Staggering/Unbalanced Movement,1,0.5291308164596558,1
14341,22,Staggering/Unbalanced Movement,1,0.9092445373535156,1
14342,22,Staggering/Unbalanced Movement,1,0.9736266136169434,1
14343,22,Staggering/Unbalanced Movement,1,0.9444147348403931,1
14344,22,Staggering/Unbalanced Movement,1,0.817570686340332,1
14345,22,Staggering/Unbalanced Movement,1,0.9169861674308777,1
14346,22,Staggering/Unbalanced Movement,1,0.9406386613845825,1
14347,22,Staggering/Unbalanced Movement,1,0.6922803521156311,1
14348,22,Staggering/Unbalanced Movement,1,0.8623859286308289,1
14349,22,Staggering/Unbalanced Movement,1,0.6995902061462402,1
14350,22,Staggering/Unbalanced Movement,1,0.5033602118492126,1
14351,22,Staggering/Unbalanced Movement,1,0.8678539991378784,1
14352,22,Staggering/Unbalanced Movement,1,0.832332968711853,1
14353,22,Staggering/Unbalanced Movement,1,0.7929332256317139,1
14354,22,Staggering/Unbalanced Movement,1,0.9004624485969543,1
14355,22,Staggering/Unbalanced Movement,1,0.954561173915863,1
14356,22,Staggering/Unbalanced Movement,1,0.9117813110351562,1
14357,22,Staggering/Unbalanced Movement,1,0.7677045464515686,1
14358,22,Staggering/Unbalanced Movement,1,0.8529722690582275,1
14359,22,Staggering/Unbalanced Movement,1,0.8818594813346863,1
14360,22,Staggering/Unbalanced Movement,1,0.9305557012557983,1
14361,22,Staggering/Unbalanced Movement,1,0.9134263396263123,1
14362,22,Staggering/Unbalanced Movement,1,0.8570289611816406,1
14363,22,Staggering/Unbalanced Movement,1,0.1794014722108841,0
14364,22,Staggering/Unbalanced Movement,1,0.19961008429527283,0
14365,22,Staggering/Unbalanced Movement,1,0.19819088280200958,0
14366,22,Staggering/Unbalanced Movement,1,0.33495858311653137,0
14367,22,Staggering/Unbalanced Movement,1,0.7207314968109131,1
14368,22,Staggering/Unbalanced Movement,1,0.8622295260429382,1
14369,22,Staggering/Unbalanced Movement,1,0.7760617733001709,1
14370,23,Staggering/Unbalanced Movement,1,0.9869030714035034,1
14371,23,Staggering/Unbalanced Movement,1,0.985517680644989,1
14372,23,Staggering/Unbalanced Movement,1,0.967906653881073,1
14373,23,Staggering/Unbalanced Movement,1,0.9805501103401184,1
14374,23,Staggering/Unbalanced Movement,1,0.9699200987815857,1
14375,23,Staggering/Unbalanced Movement,1,0.5082599520683289,1
14376,23,Staggering/Unbalanced Movement,1,0.7762874960899353,1
14377,23,Staggering/Unbalanced Movement,1,0.7541048526763916,1
14378,23,Staggering/Unbalanced Movement,1,0.5066279768943787,1
14379,23,Staggering/Unbalanced Movement,1,0.9751825332641602,1
14380,23,Staggering/Unbalanced Movement,1,0.9531951546669006,1
14381,23,Staggering/Unbalanced Movement,1,0.9728631377220154,1
14382,23,Staggering/Unbalanced Movement,1,0.9634397029876709,1
14383,23,Staggering/Unbalanced Movement,1,0.9594680666923523,1
14384,23,Staggering/Unbalanced Movement,1,0.8734557628631592,1
14385,23,Staggering/Unbalanced Movement,1,0.6985005736351013,1
14386,23,Staggering/Unbalanced Movement,1,0.934537410736084,1
14387,23,Staggering/Unbalanced Movement,1,0.9644210934638977,1
14388,23,Staggering/Unbalanced Movement,1,0.9687642455101013,1
14389,23,Staggering/Unbalanced Movement,1,0.709734320640564,1
14390,23,Staggering/Unbalanced Movement,1,0.9603453278541565,1
14391,23,Staggering/Unbalanced Movement,1,0.9643917083740234,1
14392,23,Staggering/Unbalanced Movement,1,0.9432696104049683,1
14393,23,Staggering/Unbalanced Movement,1,0.8392392992973328,1
14394,23,Staggering/Unbalanced Movement,1,0.7749503254890442,1
14395,23,Staggering/Unbalanced Movement,1,0.938726544380188,1
14396,23,Staggering/Unbalanced Movement,1,0.9331547617912292,1
14397,24,Staggering/Unbalanced Movement,1,0.7761105298995972,1
14398,24,Staggering/Unbalanced Movement,1,0.9682866334915161,1
14399,24,Staggering/Unbalanced Movement,1,0.9875754117965698,1
14400,24,Staggering/Unbalanced Movement,1,0.9395929574966431,1
14401,24,Staggering/Unbalanced Movement,1,0.9711496233940125,1
14402,24,Staggering/Unbalanced Movement,1,0.9756960272789001,1
14403,24,Staggering/Unbalanced Movement,1,0.8872957229614258,1
14404,24,Staggering/Unbalanced Movement,1,0.864825963973999,1
14405,24,Staggering/Unbalanced Movement,1,0.9448301196098328,1
14406,24,Staggering/Unbalanced Movement,1,0.8787713646888733,1
14407,24,Staggering/Unbalanced Movement,1,0.9759024977684021,1
14408,24,Staggering/Unbalanced Movement,1,0.985428512096405,1
14409,24,Staggering/Unbalanced Movement,1,0.9846156239509583,1
14410,24,Staggering/Unbalanced Movement,1,0.9412495493888855,1
14411,24,Staggering/Unbalanced Movement,1,0.06297263503074646,0
14412,24,Staggering/Unbalanced Movement,1,0.4708746373653412,0
14413,24,Staggering/Unbalanced Movement,1,0.9299493432044983,1
14414,24,Staggering/Unbalanced Movement,1,0.982785165309906,1
14415,24,Staggering/Unbalanced Movement,1,0.8098976612091064,1
14416,24,Staggering/Unbalanced Movement,1,0.9450350999832153,1
14417,24,Staggering/Unbalanced Movement,1,0.9434863328933716,1
14418,24,Staggering/Unbalanced Movement,1,0.9880198836326599,1
14419,24,Staggering/Unbalanced Movement,1,0.060052983462810516,0
14420,24,Staggering/Unbalanced Movement,1,0.6575228571891785,1
14421,24,Staggering/Unbalanced Movement,1,0.8722670674324036,1
14422,24,Staggering/Unbalanced Movement,1,0.8986859917640686,1
15010,29,Staggering/Unbalanced Movement,1,0.8872693181037903,1
15011,29,Staggering/Unbalanced Movement,1,0.9595338702201843,1
15012,29,Staggering/Unbalanced Movement,1,0.82688969373703,1
15013,29,Staggering/Unbalanced Movement,1,0.899725615978241,1
15014,29,Staggering/Unbalanced Movement,1,0.9901881814002991,1
15015,29,Staggering/Unbalanced Movement,1,0.3009079694747925,0
15016,29,Staggering/Unbalanced Movement,1,0.9503124952316284,1
15017,29,Staggering/Unbalanced Movement,1,0.7421994805335999,1
15018,29,Staggering/Unbalanced Movement,1,0.9852922558784485,1
15019,29,Staggering/Unbalanced Movement,1,0.9895752668380737,1
15020,29,Staggering/Unbalanced Movement,1,0.6748995184898376,1
15021,29,Staggering/Unbalanced Movement,1,0.9363671541213989,1
15022,29,Staggering/Unbalanced Movement,1,0.9330307245254517,1
15023,29,Staggering/Unbalanced Movement,1,0.4460119903087616,0
15024,29,Staggering/Unbalanced Movement,1,0.9930440783500671,1
15025,29,Staggering/Unbalanced Movement,1,0.9553782343864441,1
15026,29,Staggering/Unbalanced Movement,1,0.9565398693084717,1
15027,29,Staggering/Unbalanced Movement,1,0.9693887829780579,1
15028,29,Staggering/Unbalanced Movement,1,0.9892638325691223,1
15029,29,Staggering/Unbalanced Movement,1,0.9850577712059021,1
15030,29,Staggering/Unbalanced Movement,1,0.9771518111228943,1
15031,29,Staggering/Unbalanced Movement,1,0.9884296655654907,1
15032,29,Staggering/Unbalanced Movement,1,0.9507114291191101,1
15033,29,Staggering/Unbalanced Movement,1,0.9681687355041504,1
15034,29,Staggering/Unbalanced Movement,1,0.9747642874717712,1
15035,29,Staggering/Unbalanced Movement,1,0.9571220278739929,1
15036,29,Staggering/Unbalanced Movement,1,0.9840962886810303,1
15037,29,Staggering/Unbalanced Movement,1,0.8311808705329895,1
15038,29,Staggering/Unbalanced Movement,1,0.7929159998893738,1
15039,29,Staggering/Unbalanced Movement,1,0.7498461604118347,1
15040,30,Staggering/Unbalanced Movement,1,0.973016083240509,1
15041,30,Staggering/Unbalanced Movement,1,0.964065670967102,1
15042,30,Staggering/Unbalanced Movement,1,0.9726683497428894,1
15043,30,Staggering/Unbalanced Movement,1,0.9747515916824341,1
15044,30,Staggering/Unbalanced Movement,1,0.8788813948631287,1
15045,30,Staggering/Unbalanced Movement,1,0.9451879262924194,1
15046,30,Staggering/Unbalanced Movement,1,0.9603018164634705,1
15047,30,Staggering/Unbalanced Movement,1,0.8994501233100891,1
15048,30,Staggering/Unbalanced Movement,1,0.9025459885597229,1
15049,30,Staggering/Unbalanced Movement,1,0.9629656076431274,1
15050,30,Staggering/Unbalanced Movement,1,0.9811162948608398,1
15051,30,Staggering/Unbalanced Movement,1,0.9814961552619934,1
15052,30,Staggering/Unbalanced Movement,1,0.9047123789787292,1
15053,30,Staggering/Unbalanced Movement,1,0.9753178954124451,1
15054,30,Staggering/Unbalanced Movement,1,0.9878678321838379,1
15055,30,Staggering/Unbalanced Movement,1,0.9418492913246155,1
15056,30,Staggering/Unbalanced Movement,1,0.9482011795043945,1
15057,30,Staggering/Unbalanced Movement,1,0.9730527400970459,1
15058,30,Staggering/Unbalanced Movement,1,0.9848480820655823,1
15059,30,Staggering/Unbalanced Movement,1,0.9747509360313416,1
15060,30,Staggering/Unbalanced Movement,1,0.3443393111228943,0
15061,30,Staggering/Unbalanced Movement,1,0.2901589572429657,0
15062,30,Staggering/Unbalanced Movement,1,0.49141746759414673,0
15063,30,Staggering/Unbalanced Movement,1,0.42669862508773804,0
15064,31,Staggering/Unbalanced Movement,1,0.8280431032180786,1
15065,31,Staggering/Unbalanced Movement,1,0.913944661617279,1
15066,31,Staggering/Unbalanced Movement,1,0.9930850267410278,1
15067,31,Staggering/Unbalanced Movement,1,0.9711544513702393,1
15068,31,Staggering/Unbalanced Movement,1,0.9753095507621765,1
15069,31,Staggering/Unbalanced Movement,1,0.8096629977226257,1
15070,31,Staggering/Unbalanced Movement,1,0.9066348075866699,1
15071,31,Staggering/Unbalanced Movement,1,0.9677918553352356,1
15072,31,Staggering/Unbalanced Movement,1,0.7050637602806091,1
15073,31,Staggering/Unbalanced Movement,1,0.9704719185829163,1
15074,31,Staggering/Unbalanced Movement,1,0.6071165204048157,1
15075,31,Staggering/Unbalanced Movement,1,0.7956385612487793,1
15076,31,Staggering/Unbalanced Movement,1,0.9901595711708069,1
15077,31,Staggering/Unbalanced Movement,1,0.9904395341873169,1
15078,31,Staggering/Unbalanced Movement,1,0.9754677414894104,1
15079,31,Staggering/Unbalanced Movement,1,0.9225903749465942,1
15080,31,Staggering/Unbalanced Movement,1,0.9802879095077515,1
15081,31,Staggering/Unbalanced Movement,1,0.9810410141944885,1
15082,31,Staggering/Unbalanced Movement,1,0.9787769913673401,1
15083,31,Staggering/Unbalanced Movement,1,0.9824187159538269,1
15084,31,Staggering/Unbalanced Movement,1,0.9251030683517456,1
15085,31,Staggering/Unbalanced Movement,1,0.9387682676315308,1
15086,31,Staggering/Unbalanced Movement,1,0.961050808429718,1
15087,31,Staggering/Unbalanced Movement,1,0.9692299962043762,1
15088,31,Staggering/Unbalanced Movement,1,0.950667142868042,1
15089,31,Staggering/Unbalanced Movement,1,0.9730010628700256,1
15090,31,Staggering/Unbalanced Movement,1,0.9734730124473572,1
15091,31,Staggering/Unbalanced Movement,1,0.9859764575958252,1
15092,31,Staggering/Unbalanced Movement,1,0.8997907638549805,1
15093,31,Staggering/Unbalanced Movement,1,0.9497388005256653,1
15094,32,Staggering/Unbalanced Movement,1,0.957005500793457,1
15095,32,Staggering/Unbalanced Movement,1,0.9329063296318054,1
15096,32,Staggering/Unbalanced Movement,1,0.9417306780815125,1
15097,32,Staggering/Unbalanced Movement,1,0.6380770802497864,1
15098,32,Staggering/Unbalanced Movement,1,0.6995912194252014,1
15099,32,Staggering/Unbalanced Movement,1,0.8248009085655212,1
15100,32,Staggering/Unbalanced Movement,1,0.9034315943717957,1
15101,32,Staggering/Unbalanced Movement,1,0.9488272070884705,1
15102,32,Staggering/Unbalanced Movement,1,0.9037342667579651,1
15103,32,Staggering/Unbalanced Movement,1,0.9398511052131653,1
15104,32,Staggering/Unbalanced Movement,1,0.9494637250900269,1
15105,32,Staggering/Unbalanced Movement,1,0.7351158857345581,1
15106,32,Staggering/Unbalanced Movement,1,0.7234627604484558,1
15107,32,Staggering/Unbalanced Movement,1,0.7578262090682983,1
15108,32,Staggering/Unbalanced Movement,1,0.9385374188423157,1
15109,32,Staggering/Unbalanced Movement,1,0.8169357776641846,1
15110,32,Staggering/Unbalanced Movement,1,0.1065441220998764,0
15111,32,Staggering/Unbalanced Movement,1,0.802837610244751,1
15112,32,Staggering/Unbalanced Movement,1,0.9453793168067932,1
15113,32,Staggering/Unbalanced Movement,1,0.9417814016342163,1
15114,32,Staggering/Unbalanced Movement,1,0.9536525011062622,1
15115,32,Staggering/Unbalanced Movement,1,0.6763291358947754,1
15116,32,Staggering/Unbalanced Movement,1,0.9183709621429443,1
15117,32,Staggering/Unbalanced Movement,1,0.8770589828491211,1
15118,32,Staggering/Unbalanced Movement,1,0.920484185218811,1
15119,32,Staggering/Unbalanced Movement,1,0.9186962246894836,1
15120,32,Staggering/Unbalanced Movement,1,0.7833377718925476,1
15145,34,Staggering/Unbalanced Movement,1,0.4981633126735687,0
15146,34,Staggering/Unbalanced Movement,1,0.8017275333404541,1
15147,34,Staggering/Unbalanced Movement,1,0.7780443429946899,1
15148,34,Staggering/Unbalanced Movement,1,0.42700818181037903,0
15149,34,Staggering/Unbalanced Movement,1,0.3132074773311615,0
15150,34,Staggering/Unbalanced Movement,1,0.9705885052680969,1
15151,34,Staggering/Unbalanced Movement,1,0.919957160949707,1
15152,34,Staggering/Unbalanced Movement,1,0.9423817992210388,1
15153,34,Staggering/Unbalanced Movement,1,0.8142361044883728,1
15154,34,Staggering/Unbalanced Movement,1,0.9749530553817749,1
15155,34,Staggering/Unbalanced Movement,1,0.7339029908180237,1
15156,34,Staggering/Unbalanced Movement,1,0.31262457370758057,0
15157,34,Staggering/Unbalanced Movement,1,0.19729286432266235,0
15158,34,Staggering/Unbalanced Movement,1,0.5633167624473572,1
15159,34,Staggering/Unbalanced Movement,1,0.9774979948997498,1
15160,34,Staggering/Unbalanced Movement,1,0.9568324089050293,1
15161,34,Staggering/Unbalanced Movement,1,0.95209801197052,1
15162,34,Staggering/Unbalanced Movement,1,0.9514697194099426,1
15163,34,Staggering/Unbalanced Movement,1,0.9536768198013306,1
15164,34,Staggering/Unbalanced Movement,1,0.9677603840827942,1
15165,34,Staggering/Unbalanced Movement,1,0.906141459941864,1
15166,34,Staggering/Unbalanced Movement,1,0.7668247222900391,1
15167,34,Staggering/Unbalanced Movement,1,0.74748694896698,1
15168,34,Staggering/Unbalanced Movement,1,0.9016219973564148,1
15169,34,Staggering/Unbalanced Movement,1,0.8880432844161987,1
15170,34,Staggering/Unbalanced Movement,1,0.3939191699028015,0
15171,34,Staggering/Unbalanced Movement,1,0.39182227849960327,0
15172,34,Staggering/Unbalanced Movement,1,0.8977581262588501,1
15173,34,Staggering/Unbalanced Movement,1,0.5974621176719666,1
15174,34,Staggering/Unbalanced Movement,1,0.9106020331382751,1
15175,34,Staggering/Unbalanced Movement,1,0.7225179672241211,1
15176,35,Staggering/Unbalanced Movement,1,0.9542904496192932,1
15177,35,Staggering/Unbalanced Movement,1,0.9409158229827881,1
15178,35,Staggering/Unbalanced Movement,1,0.9532840847969055,1
15179,35,Staggering/Unbalanced Movement,1,0.9529350399971008,1
15180,35,Staggering/Unbalanced Movement,1,0.9610996246337891,1
15181,35,Staggering/Unbalanced Movement,1,0.9822622537612915,1
15182,35,Staggering/Unbalanced Movement,1,0.9287310242652893,1
15183,35,Staggering/Unbalanced Movement,1,0.6825857758522034,1
15184,35,Staggering/Unbalanced Movement,1,0.9338758587837219,1
15185,35,Staggering/Unbalanced Movement,1,0.9587790369987488,1
15186,35,Staggering/Unbalanced Movement,1,0.980191707611084,1
15187,35,Staggering/Unbalanced Movement,1,0.7669033408164978,1
15188,35,Staggering/Unbalanced Movement,1,0.9638583660125732,1
15189,35,Staggering/Unbalanced Movement,1,0.9299456477165222,1
15190,35,Staggering/Unbalanced Movement,1,0.7650507092475891,1
15191,35,Staggering/Unbalanced Movement,1,0.9466375708580017,1
15192,35,Staggering/Unbalanced Movement,1,0.9536582827568054,1
15193,35,Staggering/Unbalanced Movement,1,0.734466016292572,1
15194,35,Staggering/Unbalanced Movement,1,0.7795616388320923,1
15195,35,Staggering/Unbalanced Movement,1,0.8326699137687683,1
15196,35,Staggering/Unbalanced Movement,1,0.5945252776145935,1
15197,35,Staggering/Unbalanced Movement,1,0.43212369084358215,0
15198,35,Staggering/Unbalanced Movement,1,0.671199381351471,1
15199,35,Staggering/Unbalanced Movement,1,0.6821094155311584,1
15200,36,Staggering/Unbalanced Movement,1,0.9600629806518555,1
15201,36,Staggering/Unbalanced Movement,1,0.990213930606842,1
15202,36,Staggering/Unbalanced Movement,1,0.9880033731460571,1
15203,36,Staggering/Unbalanced Movement,1,0.9840880632400513,1
15204,36,Staggering/Unbalanced Movement,1,0.9344518780708313,1
15205,36,Staggering/Unbalanced Movement,1,0.9848825335502625,1
15206,36,Staggering/Unbalanced Movement,1,0.9662384986877441,1
15207,36,Staggering/Unbalanced Movement,1,0.9512130618095398,1
15208,36,Staggering/Unbalanced Movement,1,0.9478771090507507,1
15209,36,Staggering/Unbalanced Movement,1,0.9095503091812134,1
15210,36,Staggering/Unbalanced Movement,1,0.9873617887496948,1
15211,36,Staggering/Unbalanced Movement,1,0.9927821159362793,1
15212,36,Staggering/Unbalanced Movement,1,0.9920060038566589,1
15213,36,Staggering/Unbalanced Movement,1,0.9937022924423218,1
15214,36,Staggering/Unbalanced Movement,1,0.9667883515357971,1
15215,36,Staggering/Unbalanced Movement,1,0.8958640098571777,1
15216,36,Staggering/Unbalanced Movement,1,0.9909668564796448,1
15217,36,Staggering/Unbalanced Movement,1,0.9697005748748779,1
15218,36,Staggering/Unbalanced Movement,1,0.9501861333847046,1
15219,36,Staggering/Unbalanced Movement,1,0.9901245832443237,1
15220,36,Staggering/Unbalanced Movement,1,0.9731682538986206,1
15221,36,Staggering/Unbalanced Movement,1,0.7910158038139343,1
15222,36,Staggering/Unbalanced Movement,1,0.9940102100372314,1
15223,36,Staggering/Unbalanced Movement,1,0.9783438444137573,1
15224,36,Staggering/Unbalanced Movement,1,0.9914391040802002,1
15225,36,Staggering/Unbalanced Movement,1,0.9905243515968323,1
15226,36,Staggering/Unbalanced Movement,1,0.9724742770195007,1
15227,36,Staggering/Unbalanced Movement,1,0.7807831168174744,1
15228,36,Staggering/Unbalanced Movement,1,0.9253873825073242,1
15229,36,Staggering/Unbalanced Movement,1,0.8989537954330444,1
15230,36,Staggering/Unbalanced Movement,1,0.8235777616500854,1
15231,36,Staggering/Unbalanced Movement,1,0.9582479596138,1
15377,38,Staggering/Unbalanced Movement,1,0.8459175229072571,1
15378,38,Staggering/Unbalanced Movement,1,0.8200342655181885,1
15379,38,Staggering/Unbalanced Movement,1,0.9340052008628845,1
15380,38,Staggering/Unbalanced Movement,1,0.9857643246650696,1
15381,38,Staggering/Unbalanced Movement,1,0.9751508235931396,1
15382,38,Staggering/Unbalanced Movement,1,0.9916867613792419,1
15383,38,Staggering/Unbalanced Movement,1,0.67460036277771,1
15384,38,Staggering/Unbalanced Movement,1,0.9225795269012451,1
15385,38,Staggering/Unbalanced Movement,1,0.37614667415618896,0
15386,38,Staggering/Unbalanced Movement,1,0.7269527316093445,1
15387,38,Staggering/Unbalanced Movement,1,0.765873372554779,1
15388,38,Staggering/Unbalanced Movement,1,0.2875218093395233,0
15389,38,Staggering/Unbalanced Movement,1,0.6842265725135803,1
15390,38,Staggering/Unbalanced Movement,1,0.9570464491844177,1
15391,38,Staggering/Unbalanced Movement,1,0.9285914301872253,1
15392,38,Staggering/Unbalanced Movement,1,0.9168125987052917,1
15393,38,Staggering/Unbalanced Movement,1,0.977135419845581,1
15394,38,Staggering/Unbalanced Movement,1,0.9886260628700256,1
15395,38,Staggering/Unbalanced Movement,1,0.8596436381340027,1
15396,38,Staggering/Unbalanced Movement,1,0.7298293113708496,1
15397,38,Staggering/Unbalanced Movement,1,0.91597580909729,1
15398,38,Staggering/Unbalanced Movement,1,0.832526683807373,1
15399,38,Staggering/Unbalanced Movement,1,0.9819444417953491,1
15400,38,Staggering/Unbalanced Movement,1,0.4211902916431427,0
15401,38,Staggering/Unbalanced Movement,1,0.44873714447021484,0
15402,38,Staggering/Unbalanced Movement,1,0.6210947036743164,1
15403,38,Staggering/Unbalanced Movement,1,0.7935120463371277,1
15404,38,Staggering/Unbalanced Movement,1,0.7544984817504883,1
15405,38,Staggering/Unbalanced Movement,1,0.8835249543190002,1
15406,38,Staggering/Unbalanced Movement,1,0.8612149357795715,1
15407,38,Staggering/Unbalanced Movement,1,0.5551697611808777,1
15408,38,Staggering/Unbalanced Movement,1,0.6707386374473572,1
15409,38,Staggering/Unbalanced Movement,1,0.6916841864585876,1
15485,40,Staggering/Unbalanced Movement,1,0.9718009233474731,1
15486,40,Staggering/Unbalanced Movement,1,0.8471596837043762,1
15487,40,Staggering/Unbalanced Movement,1,0.8901889324188232,1
15488,40,Staggering/Unbalanced Movement,1,0.9683024883270264,1
15489,40,Staggering/Unbalanced Movement,1,0.9211808443069458,1
15490,40,Staggering/Unbalanced Movement,1,0.9876018166542053,1
15491,40,Staggering/Unbalanced Movement,1,0.96435546875,1
15492,40,Staggering/Unbalanced Movement,1,0.9369819164276123,1
15493,40,Staggering/Unbalanced Movement,1,0.9229410290718079,1
15494,40,Staggering/Unbalanced Movement,1,0.8120869398117065,1
15495,40,Staggering/Unbalanced Movement,1,0.948664128780365,1
15496,40,Staggering/Unbalanced Movement,1,0.937475323677063,1
15497,40,Staggering/Unbalanced Movement,1,0.9784996509552002,1
15498,40,Staggering/Unbalanced Movement,1,0.9793344736099243,1
15499,40,Staggering/Unbalanced Movement,1,0.7230567336082458,1
15500,40,Staggering/Unbalanced Movement,1,0.7822061777114868,1
15501,40,Staggering/Unbalanced Movement,1,0.8765759468078613,1
15502,40,Staggering/Unbalanced Movement,1,0.8302449584007263,1
15503,40,Staggering/Unbalanced Movement,1,0.7824222445487976,1
15504,40,Staggering/Unbalanced Movement,1,0.8950268626213074,1
15505,40,Staggering/Unbalanced Movement,1,0.9640217423439026,1
15506,40,Staggering/Unbalanced Movement,1,0.9018957614898682,1
15507,40,Staggering/Unbalanced Movement,1,0.675751268863678,1
15508,40,Staggering/Unbalanced Movement,1,0.5714982748031616,1
15509,40,Staggering/Unbalanced Movement,1,0.7113505005836487,1
15510,40,Staggering/Unbalanced Movement,1,0.7610536217689514,1
15511,40,Staggering/Unbalanced Movement,1,0.7405828833580017,1
15512,40,Staggering/Unbalanced Movement,1,0.7826889157295227,1
15513,40,Staggering/Unbalanced Movement,1,0.932751476764679,1
15514,40,Staggering/Unbalanced Movement,1,0.6918261647224426,1
15515,40,Staggering/Unbalanced Movement,1,0.8999704122543335,1
15516,40,Staggering/Unbalanced Movement,1,0.5440608859062195,1
15517,40,Staggering/Unbalanced Movement,1,0.5436123013496399,1
15518,40,Staggering/Unbalanced Movement,1,0.7013753652572632,1
15519,40,Staggering/Unbalanced Movement,1,0.5567020177841187,1
15520,40,Staggering/Unbalanced Movement,1,0.7456232905387878,1
15611,2,Falling Down,1,0.9645562767982483,1
15612,2,Falling Down,1,0.7674329280853271,1
15613,2,Falling Down,1,0.7813542485237122,1
15614,2,Falling Down,1,0.29532408714294434,0
15615,2,Falling Down,1,0.9471167922019958,1
15616,2,Falling Down,1,0.956301212310791,1
15617,2,Falling Down,1,0.4817546010017395,0
15618,2,Falling Down,1,0.40228408575057983,0
15619,2,Falling Down,1,0.9611581563949585,1
15620,2,Falling Down,1,0.9023571610450745,1
15621,2,Falling Down,1,0.8435081839561462,1
15622,2,Falling Down,1,0.8398358225822449,1
15623,2,Falling Down,1,0.9352810978889465,1
15624,2,Falling Down,1,0.9827666282653809,1
15625,2,Falling Down,1,0.9198197722434998,1
15626,2,Falling Down,1,0.29087722301483154,0
15627,2,Falling Down,1,0.6532803177833557,1
15628,2,Falling Down,1,0.7676656246185303,1
15629,2,Falling Down,1,0.5706189274787903,1
15630,2,Falling Down,1,0.510307788848877,1
15631,2,Falling Down,1,0.42350298166275024,0
15632,2,Falling Down,1,0.9838111996650696,1
15633,2,Falling Down,1,0.3208730220794678,0
15634,2,Falling Down,1,0.751569926738739,1
15635,2,Falling Down,1,0.7543855309486389,1
15636,2,Falling Down,1,0.35865673422813416,0
15637,2,Falling Down,1,0.643287181854248,1
15638,2,Falling Down,1,0.932149350643158,1
15639,2,Falling Down,1,0.672389566898346,1
15640,2,Falling Down,1,0.31087782979011536,0
15641,2,Falling Down,1,0.9452708959579468,1
15642,2,Falling Down,1,0.787300169467926,1
15643,2,Falling Down,1,0.18970753252506256,0
15644,2,Falling Down,1,0.9355659484863281,1
15645,2,Falling Down,1,0.9567680954933167,1
15646,2,Falling Down,1,0.9033462405204773,1
15647,2,Falling Down,1,0.9380889534950256,1
15648,2,Falling Down,1,0.9813091158866882,1
15649,2,Falling Down,1,0.8366142511367798,1
15650,2,Falling Down,1,0.7668381333351135,1
15651,2,Falling Down,1,0.9302176833152771,1
15652,2,Falling Down,1,0.8064954876899719,1
15653,2,Falling Down,1,0.858047366142273,1
15654,2,Falling Down,1,0.6819888949394226,1
15655,2,Falling Down,1,0.6956297159194946,1
15656,2,Falling Down,1,0.9866694211959839,1
15657,2,Falling Down,1,0.9408823847770691,1
15658,2,Falling Down,1,0.9276593923568726,1
15659,2,Falling Down,1,0.9607650637626648,1
15660,2,Falling Down,1,0.8167100548744202,1
15661,2,Falling Down,1,0.8518155813217163,1
15752,4,Falling Down,1,0.9120177626609802,1
15753,4,Falling Down,1,0.8715248703956604,1
15754,4,Falling Down,1,0.9086727499961853,1
15755,4,Falling Down,1,0.6093265414237976,1
15756,4,Falling Down,1,0.5430212616920471,1
15757,4,Falling Down,1,0.9775561690330505,1
15758,4,Falling Down,1,0.9667455554008484,1
15759,4,Falling Down,1,0.8268595933914185,1
15760,4,Falling Down,1,0.8880013823509216,1
15761,4,Falling Down,1,0.6925142407417297,1
15762,4,Falling Down,1,0.8306557536125183,1
15763,4,Falling Down,1,0.17951731383800507,0
15764,4,Falling Down,1,0.750184953212738,1
15765,4,Falling Down,1,0.945720911026001,1
15766,4,Falling Down,1,0.8015819191932678,1
15767,4,Falling Down,1,0.21473053097724915,0
15768,4,Falling Down,1,0.23980660736560822,0
15769,4,Falling Down,1,0.166982963681221,0
15770,4,Falling Down,1,0.8788650631904602,1
15771,4,Falling Down,1,0.8306670188903809,1
15772,4,Falling Down,1,0.9826295375823975,1
15773,4,Falling Down,1,0.8138193488121033,1
15774,4,Falling Down,1,0.9399256706237793,1
15775,4,Falling Down,1,0.7380329370498657,1
15776,4,Falling Down,1,0.9524195790290833,1
15777,4,Falling Down,1,0.8878415822982788,1
15778,4,Falling Down,1,0.9370299577713013,1
15779,4,Falling Down,1,0.779478132724762,1
15780,4,Falling Down,1,0.9528884887695312,1
15781,4,Falling Down,1,0.10029830783605576,0
15782,4,Falling Down,1,0.3737635314464569,0
15783,4,Falling Down,1,0.438492089509964,0
15784,4,Falling Down,1,0.21314699947834015,0
15785,4,Falling Down,1,0.4297138750553131,0
15786,4,Falling Down,1,0.5887662172317505,1
15787,4,Falling Down,1,0.9295784831047058,1
15788,4,Falling Down,1,0.8554688692092896,1
15789,4,Falling Down,1,0.7900723218917847,1
15790,4,Falling Down,1,0.9279004335403442,1
15791,4,Falling Down,1,0.9368727803230286,1
15792,4,Falling Down,1,0.9424300789833069,1
15793,4,Falling Down,1,0.09819411486387253,0
15794,4,Falling Down,1,0.8071221113204956,1
15795,4,Falling Down,1,0.6026897430419922,1
15796,4,Falling Down,1,0.9336039423942566,1
15797,5,Falling Down,1,0.9704211950302124,1
15798,5,Falling Down,1,0.936735212802887,1
15799,5,Falling Down,1,0.9357805252075195,1
15800,5,Falling Down,1,0.969562828540802,1
15801,5,Falling Down,1,0.9455298185348511,1
15802,5,Falling Down,1,0.8058228492736816,1
15803,5,Falling Down,1,0.9879680871963501,1
15804,5,Falling Down,1,0.966596782207489,1
15805,5,Falling Down,1,0.8600706458091736,1
15806,5,Falling Down,1,0.9639329314231873,1
15807,5,Falling Down,1,0.9459848999977112,1
15808,5,Falling Down,1,0.9628064632415771,1
15809,5,Falling Down,1,0.8017428517341614,1
15810,5,Falling Down,1,0.9627472162246704,1
15811,5,Falling Down,1,0.9857775568962097,1
15812,5,Falling Down,1,0.6707770824432373,1
15813,5,Falling Down,1,0.6193517446517944,1
15814,5,Falling Down,1,0.8183477520942688,1
15815,6,Falling Down,1,0.7454280853271484,1
15816,6,Falling Down,1,0.9868660569190979,1
15817,6,Falling Down,1,0.9477870464324951,1
15818,6,Falling Down,1,0.6411998271942139,1
15819,6,Falling Down,1,0.8791194558143616,1
15820,6,Falling Down,1,0.9169732332229614,1
15821,6,Falling Down,1,0.45878225564956665,0
15822,6,Falling Down,1,0.9165232181549072,1
15823,6,Falling Down,1,0.9212152361869812,1
15824,6,Falling Down,1,0.8701081871986389,1
15825,6,Falling Down,1,0.9792126417160034,1
15826,6,Falling Down,1,0.9116083383560181,1
15827,6,Falling Down,1,0.9022741913795471,1
15828,6,Falling Down,1,0.9915703535079956,1
15829,6,Falling Down,1,0.9493930339813232,1
15830,6,Falling Down,1,0.8830305933952332,1
15831,6,Falling Down,1,0.992483913898468,1
15832,6,Falling Down,1,0.9888725876808167,1
15833,7,Falling Down,1,0.8567625284194946,1
15834,7,Falling Down,1,0.9074200987815857,1
15835,7,Falling Down,1,0.848007082939148,1
15836,7,Falling Down,1,0.8494770526885986,1
15837,7,Falling Down,1,0.9826687574386597,1
15838,7,Falling Down,1,0.9411813020706177,1
15839,7,Falling Down,1,0.8974297642707825,1
15840,7,Falling Down,1,0.9093688726425171,1
15841,7,Falling Down,1,0.8972148299217224,1
15842,7,Falling Down,1,0.9144561290740967,1
15843,7,Falling Down,1,0.9313657283782959,1
15844,7,Falling Down,1,0.9465714693069458,1
15845,7,Falling Down,1,0.16577228903770447,0
15846,7,Falling Down,1,0.3891172409057617,0
15847,7,Falling Down,1,0.79994797706604,1
15848,7,Falling Down,1,0.869516909122467,1
15849,7,Falling Down,1,0.9813587069511414,1
15850,7,Falling Down,1,0.7436971664428711,1
15851,7,Falling Down,1,0.9005184769630432,1
15852,7,Falling Down,1,0.928382933139801,1
15853,7,Falling Down,1,0.2051505148410797,0
15854,7,Falling Down,1,0.7761974334716797,1
15855,7,Falling Down,1,0.9661837220191956,1
15856,7,Falling Down,1,0.7945519089698792,1
15857,7,Falling Down,1,0.8343285322189331,1
15858,7,Falling Down,1,0.9710546731948853,1
15859,7,Falling Down,1,0.8781705498695374,1
15860,7,Falling Down,1,0.8693251013755798,1
15861,7,Falling Down,1,0.7862368822097778,1
15862,7,Falling Down,1,0.8835800290107727,1
15863,7,Falling Down,1,0.609745979309082,1
15864,7,Falling Down,1,0.6395696997642517,1
15865,7,Falling Down,1,0.9193137884140015,1
15866,7,Falling Down,1,0.9262055158615112,1
15867,7,Falling Down,1,0.8997445106506348,1
15868,7,Falling Down,1,0.902877151966095,1
15869,7,Falling Down,1,0.8839883804321289,1
15870,7,Falling Down,1,0.6642554402351379,1
15871,7,Falling Down,1,0.9876956939697266,1
15872,7,Falling Down,1,0.7728355526924133,1
15873,7,Falling Down,1,0.6145044565200806,1
15874,7,Falling Down,1,0.2481062114238739,0
15875,7,Falling Down,1,0.84068763256073,1
15876,7,Falling Down,1,0.7271157503128052,1
15877,7,Falling Down,1,0.9328729510307312,1
15878,7,Falling Down,1,0.620107114315033,1
15879,7,Falling Down,1,0.9810247421264648,1
15880,7,Falling Down,1,0.913856029510498,1
15881,7,Falling Down,1,0.6352352499961853,1
15882,7,Falling Down,1,0.16699449717998505,0
15883,7,Falling Down,1,0.6231445074081421,1
15884,7,Falling Down,1,0.9742883443832397,1
15885,7,Falling Down,1,0.9624462127685547,1
15886,7,Falling Down,1,0.9687770009040833,1
15887,7,Falling Down,1,0.943571150302887,1
15888,7,Falling Down,1,0.9762012958526611,1
15889,7,Falling Down,1,0.9141302704811096,1
15890,7,Falling Down,1,0.9749574661254883,1
15891,7,Falling Down,1,0.8149176836013794,1
15892,7,Falling Down,1,0.9874435067176819,1
15893,7,Falling Down,1,0.7611933350563049,1
15894,7,Falling Down,1,0.7002423405647278,1
15895,7,Falling Down,1,0.9514340758323669,1
15896,7,Falling Down,1,0.8926118612289429,1
15897,7,Falling Down,1,0.8519527316093445,1
15898,7,Falling Down,1,0.9504294395446777,1
15899,7,Falling Down,1,0.9729647040367126,1
15900,7,Falling Down,1,0.9784213304519653,1
15901,7,Falling Down,1,0.8593940734863281,1
15902,7,Falling Down,1,0.642505943775177,1
15903,7,Falling Down,1,0.634465754032135,1
15904,7,Falling Down,1,0.8016639351844788,1
15905,7,Falling Down,1,0.6177277565002441,1
15906,7,Falling Down,1,0.794058084487915,1
15907,7,Falling Down,1,0.6177539229393005,1
15908,7,Falling Down,1,0.9452919960021973,1
15909,7,Falling Down,1,0.9474025368690491,1
15910,7,Falling Down,1,0.6875758171081543,1
15911,7,Falling Down,1,0.9017894864082336,1
15912,7,Falling Down,1,0.5742930769920349,1
15913,7,Falling Down,1,0.5527575016021729,1
15914,7,Falling Down,1,0.927309513092041,1
15915,7,Falling Down,1,0.8731440901756287,1
15916,7,Falling Down,1,0.6567721366882324,1
15917,7,Falling Down,1,0.683631956577301,1
15918,7,Falling Down,1,0.6800642013549805,1
15919,7,Falling Down,1,0.9436823725700378,1
15920,7,Falling Down,1,0.9108682870864868,1
15921,7,Falling Down,1,0.630263090133667,1
15922,7,Falling Down,1,0.9648120999336243,1
15923,7,Falling Down,1,0.8815038800239563,1
15924,7,Falling Down,1,0.5571461319923401,1
15925,7,Falling Down,1,0.7316551804542542,1
15926,7,Falling Down,1,0.7932794690132141,1
15927,7,Falling Down,1,0.5788111686706543,1
15928,7,Falling Down,1,0.9285878539085388,1
15929,7,Falling Down,1,0.5873335003852844,1
15930,7,Falling Down,1,0.5911626815795898,1
15931,7,Falling Down,1,0.7832756638526917,1
15932,7,Falling Down,1,0.39684155583381653,0
15933,7,Falling Down,1,0.9037908315658569,1
15934,7,Falling Down,1,0.8465846180915833,1
15935,7,Falling Down,1,0.9457395672798157,1
15936,7,Falling Down,1,0.8594154119491577,1
15937,7,Falling Down,1,0.32648858428001404,0
15938,7,Falling Down,1,0.7342612743377686,1
15939,7,Falling Down,1,0.6630513072013855,1
15940,7,Falling Down,1,0.9812219738960266,1
15941,7,Falling Down,1,0.7518608570098877,1
15942,7,Falling Down,1,0.7935051321983337,1
15943,7,Falling Down,1,0.8858466148376465,1
15944,7,Falling Down,1,0.8084436058998108,1
15945,7,Falling Down,1,0.9154700636863708,1
15946,7,Falling Down,1,0.7566027641296387,1
15947,7,Falling Down,1,0.6181014180183411,1
15948,7,Falling Down,1,0.9711806774139404,1
15949,7,Falling Down,1,0.7379143238067627,1
15950,7,Falling Down,1,0.7304791808128357,1
15951,7,Falling Down,1,0.9343224763870239,1
15952,7,Falling Down,1,0.7750040888786316,1
15953,7,Falling Down,1,0.8505077362060547,1
15954,7,Falling Down,1,0.7806313037872314,1
15955,7,Falling Down,1,0.6938537955284119,1
15956,7,Falling Down,1,0.5108786821365356,1
15957,7,Falling Down,1,0.8801699876785278,1
15958,7,Falling Down,1,0.8165730237960815,1
15959,7,Falling Down,1,0.7154895067214966,1
15960,7,Falling Down,1,0.8242273926734924,1
15961,7,Falling Down,1,0.5952879190444946,1
15962,7,Falling Down,1,0.24644337594509125,0
15963,7,Falling Down,1,0.6908764243125916,1
15964,7,Falling Down,1,0.6602256298065186,1
15965,7,Falling Down,1,0.6823690533638,1
15966,7,Falling Down,1,0.6859938502311707,1
15967,7,Falling Down,1,0.7822955846786499,1
15968,7,Falling Down,1,0.6065256595611572,1
15969,7,Falling Down,1,0.8982113003730774,1
15970,7,Falling Down,1,0.9249460697174072,1
15971,7,Falling Down,1,0.9172880053520203,1
15972,7,Falling Down,1,0.7984459400177002,1
15973,7,Falling Down,1,0.9678680300712585,1
15974,7,Falling Down,1,0.9725825190544128,1
15975,7,Falling Down,1,0.71499103307724,1
15976,7,Falling Down,1,0.8895647525787354,1
15977,7,Falling Down,1,0.7213138341903687,1
15978,7,Falling Down,1,0.79329514503479,1
15979,7,Falling Down,1,0.21862025558948517,0
15980,7,Falling Down,1,0.8624081611633301,1
15981,7,Falling Down,1,0.5823776721954346,1
15982,7,Falling Down,1,0.8226592540740967,1
15983,7,Falling Down,1,0.990790843963623,1
15984,7,Falling Down,1,0.9241998195648193,1
15985,7,Falling Down,1,0.8974447250366211,1
15986,7,Falling Down,1,0.9765857458114624,1
15987,7,Falling Down,1,0.9116750955581665,1
15988,7,Falling Down,1,0.9518114924430847,1
15989,7,Falling Down,1,0.9783717393875122,1
15990,7,Falling Down,1,0.9569113254547119,1
15991,7,Falling Down,1,0.9484328627586365,1
15992,7,Falling Down,1,0.9722088575363159,1
15993,7,Falling Down,1,0.8658314347267151,1
15994,7,Falling Down,1,0.9006369113922119,1
15995,7,Falling Down,1,0.9840818643569946,1
15996,7,Falling Down,1,0.8877644538879395,1
15997,7,Falling Down,1,0.7364609241485596,1
15998,7,Falling Down,1,0.7752200365066528,1
15999,7,Falling Down,1,0.7370790243148804,1
16000,7,Falling Down,1,0.7174662947654724,1
16001,7,Falling Down,1,0.7831318974494934,1
16002,7,Falling Down,1,0.921397864818573,1
16003,7,Falling Down,1,0.39720025658607483,0
16004,7,Falling Down,1,0.9056494832038879,1
16005,7,Falling Down,1,0.638171374797821,1
16006,7,Falling Down,1,0.9477521181106567,1
16007,7,Falling Down,1,0.9820481538772583,1
16008,7,Falling Down,1,0.8687781095504761,1
16009,7,Falling Down,1,0.7932742834091187,1
16010,7,Falling Down,1,0.9536545872688293,1
16011,7,Falling Down,1,0.95778888463974,1
16012,7,Falling Down,1,0.8975610136985779,1
16013,7,Falling Down,1,0.2644234597682953,0
16014,7,Falling Down,1,0.6306983828544617,1
16015,7,Falling Down,1,0.8834916949272156,1
16016,7,Falling Down,1,0.7750720381736755,1
16017,7,Falling Down,1,0.9328456521034241,1
16018,7,Falling Down,1,0.9525754451751709,1
16019,7,Falling Down,1,0.6986942291259766,1
16020,7,Falling Down,1,0.9675477743148804,1
16021,7,Falling Down,1,0.9596167802810669,1
16022,7,Falling Down,1,0.952173113822937,1
16023,7,Falling Down,1,0.4517371952533722,0
16024,7,Falling Down,1,0.7292978763580322,1
16025,7,Falling Down,1,0.8325292468070984,1
16026,7,Falling Down,1,0.758400022983551,1
16027,7,Falling Down,1,0.9628092050552368,1
16028,7,Falling Down,1,0.7967162132263184,1
16029,7,Falling Down,1,0.7674638032913208,1
16030,7,Falling Down,1,0.948628306388855,1
16031,7,Falling Down,1,0.9783516526222229,1
16032,7,Falling Down,1,0.8985346555709839,1
16033,7,Falling Down,1,0.9124845266342163,1
16034,7,Falling Down,1,0.8856404423713684,1
16035,7,Falling Down,1,0.6687037944793701,1
16036,7,Falling Down,1,0.9323237538337708,1
16037,7,Falling Down,1,0.9525952339172363,1
16038,7,Falling Down,1,0.9374172687530518,1
16039,7,Falling Down,1,0.968498170375824,1
16040,7,Falling Down,1,0.9282801747322083,1
16041,7,Falling Down,1,0.6389718055725098,1
16042,7,Falling Down,1,0.762690007686615,1
16043,7,Falling Down,1,0.886326789855957,1
16044,7,Falling Down,1,0.5554112792015076,1
16045,7,Falling Down,1,0.7775481939315796,1
16046,7,Falling Down,1,0.635187029838562,1
16047,7,Falling Down,1,0.31259605288505554,0
16048,7,Falling Down,1,0.9621701240539551,1
16049,7,Falling Down,1,0.9771073460578918,1
16050,7,Falling Down,1,0.270375519990921,0
16051,7,Falling Down,1,0.7777654528617859,1
16052,7,Falling Down,1,0.7058979868888855,1
16053,7,Falling Down,1,0.7337363362312317,1
16054,7,Falling Down,1,0.9201728105545044,1
16055,7,Falling Down,1,0.35678836703300476,0
16056,7,Falling Down,1,0.8507434725761414,1
16057,7,Falling Down,1,0.47212493419647217,0
16058,7,Falling Down,1,0.8425852060317993,1
16059,7,Falling Down,1,0.4763934314250946,0
16060,7,Falling Down,1,0.7583388090133667,1
16061,7,Falling Down,1,0.971203625202179,1
16062,7,Falling Down,1,0.9767397046089172,1
16063,7,Falling Down,1,0.5738762617111206,1
16064,7,Falling Down,1,0.39404284954071045,0
16065,7,Falling Down,1,0.8768821358680725,1
16066,7,Falling Down,1,0.4090634286403656,0
16067,7,Falling Down,1,0.8997039794921875,1
16068,7,Falling Down,1,0.9587085843086243,1
16069,7,Falling Down,1,0.9772478938102722,1
16070,7,Falling Down,1,0.9352609515190125,1
16071,7,Falling Down,1,0.6225074529647827,1
16072,7,Falling Down,1,0.7688056826591492,1
16073,7,Falling Down,1,0.9823009967803955,1
16074,7,Falling Down,1,0.9368947744369507,1
16075,7,Falling Down,1,0.5509793162345886,1
16076,7,Falling Down,1,0.6270754933357239,1
16077,7,Falling Down,1,0.8904231786727905,1
16078,7,Falling Down,1,0.6525112986564636,1
16079,7,Falling Down,1,0.9659792184829712,1
16080,7,Falling Down,1,0.9611386656761169,1
16081,7,Falling Down,1,0.8961014151573181,1
16082,7,Falling Down,1,0.7311069369316101,1
16083,7,Falling Down,1,0.9443676471710205,1
16084,7,Falling Down,1,0.7939265966415405,1
16085,7,Falling Down,1,0.9473497867584229,1
16086,7,Falling Down,1,0.9842965006828308,1
16087,7,Falling Down,1,0.9109801054000854,1
16088,7,Falling Down,1,0.7077032923698425,1
16089,7,Falling Down,1,0.9321385025978088,1
16090,7,Falling Down,1,0.8144127130508423,1
16091,7,Falling Down,1,0.9928609728813171,1
16092,7,Falling Down,1,0.8889287114143372,1
16093,7,Falling Down,1,0.8799868226051331,1
16094,7,Falling Down,1,0.9594604969024658,1
16095,7,Falling Down,1,0.9821020364761353,1
16096,7,Falling Down,1,0.8804879784584045,1
16097,7,Falling Down,1,0.8755428194999695,1
16098,7,Falling Down,1,0.923082172870636,1
16099,7,Falling Down,1,0.8683809638023376,1
16100,7,Falling Down,1,0.981330931186676,1
16101,7,Falling Down,1,0.9272074699401855,1
16102,7,Falling Down,1,0.952401876449585,1
16103,7,Falling Down,1,0.8943171501159668,1
16104,7,Falling Down,1,0.9354357719421387,1
16105,7,Falling Down,1,0.8876942992210388,1
16106,7,Falling Down,1,0.82740718126297,1
16107,7,Falling Down,1,0.8089878559112549,1
16108,7,Falling Down,1,0.7392953634262085,1
16109,7,Falling Down,1,0.9554551839828491,1
16110,7,Falling Down,1,0.5113685131072998,1
16111,7,Falling Down,1,0.9433698654174805,1
16112,7,Falling Down,1,0.981164276599884,1
16113,7,Falling Down,1,0.9563665986061096,1
16114,7,Falling Down,1,0.23563198745250702,0
16115,7,Falling Down,1,0.8878400325775146,1
16116,7,Falling Down,1,0.7970978021621704,1
16117,7,Falling Down,1,0.9873212575912476,1
16118,7,Falling Down,1,0.5862973928451538,1
16119,7,Falling Down,1,0.9415463209152222,1
16120,7,Falling Down,1,0.977460503578186,1
16121,7,Falling Down,1,0.8002591729164124,1
16122,7,Falling Down,1,0.7674055695533752,1
16123,7,Falling Down,1,0.9134646654129028,1
16124,7,Falling Down,1,0.8441699743270874,1
16125,7,Falling Down,1,0.8346637487411499,1
16126,7,Falling Down,1,0.7715156674385071,1
16127,7,Falling Down,1,0.5252063274383545,1
16128,7,Falling Down,1,0.848030149936676,1
16129,7,Falling Down,1,0.8226884007453918,1
16130,7,Falling Down,1,0.800460159778595,1
16131,7,Falling Down,1,0.987108051776886,1
16132,7,Falling Down,1,0.6108123660087585,1
16133,7,Falling Down,1,0.8653589487075806,1
16134,7,Falling Down,1,0.8721219897270203,1
16135,7,Falling Down,1,0.9354676604270935,1
16136,8,Falling Down,1,0.05020841956138611,0
16137,8,Falling Down,1,0.22651062905788422,0
16138,8,Falling Down,1,0.27649131417274475,0
16139,8,Falling Down,1,0.36243245005607605,0
16140,8,Falling Down,1,0.9261403679847717,1
16141,8,Falling Down,1,0.9516362547874451,1
16142,8,Falling Down,1,0.2695560157299042,0
16143,8,Falling Down,1,0.7969239354133606,1
16144,8,Falling Down,1,0.7768197655677795,1
16145,8,Falling Down,1,0.18165703117847443,0
16146,8,Falling Down,1,0.9122968912124634,1
16147,8,Falling Down,1,0.7838493585586548,1
16148,8,Falling Down,1,0.765364944934845,1
16149,8,Falling Down,1,0.9205486178398132,1
16150,8,Falling Down,1,0.9418227672576904,1
16151,8,Falling Down,1,0.38812151551246643,0
16152,8,Falling Down,1,0.7983840703964233,1
16153,8,Falling Down,1,0.8382762670516968,1
16154,8,Falling Down,1,0.7612966299057007,1
16155,8,Falling Down,1,0.7498288154602051,1
16156,8,Falling Down,1,0.8669301867485046,1
16157,8,Falling Down,1,0.8773108720779419,1
16158,8,Falling Down,1,0.6473279595375061,1
16159,8,Falling Down,1,0.7675232887268066,1
16160,8,Falling Down,1,0.9145873785018921,1
16161,8,Falling Down,1,0.7951785922050476,1
16162,8,Falling Down,1,0.9199768900871277,1
16163,8,Falling Down,1,0.8979061245918274,1
16164,8,Falling Down,1,0.8709843754768372,1
16165,8,Falling Down,1,0.9768701791763306,1
16166,8,Falling Down,1,0.7630937099456787,1
16167,8,Falling Down,1,0.820971667766571,1
16168,8,Falling Down,1,0.9040617346763611,1
16169,8,Falling Down,1,0.5220573544502258,1
16170,8,Falling Down,1,0.8443099856376648,1
16171,8,Falling Down,1,0.9081985950469971,1
16172,8,Falling Down,1,0.4348500967025757,0
16173,8,Falling Down,1,0.8559074997901917,1
16174,8,Falling Down,1,0.5949714183807373,1
16175,8,Falling Down,1,0.8957930207252502,1
16176,8,Falling Down,1,0.6880744695663452,1
16177,8,Falling Down,1,0.9430352449417114,1
16178,8,Falling Down,1,0.7353677749633789,1
16179,8,Falling Down,1,0.6362423300743103,1
16180,8,Falling Down,1,0.7360352277755737,1
16181,8,Falling Down,1,0.6740071177482605,1
16182,8,Falling Down,1,0.9432836174964905,1
16183,8,Falling Down,1,0.9284207224845886,1
16184,8,Falling Down,1,0.8418745398521423,1
16185,8,Falling Down,1,0.7722774147987366,1
16186,8,Falling Down,1,0.9404879808425903,1
16187,8,Falling Down,1,0.7731430530548096,1
16188,8,Falling Down,1,0.9435021877288818,1
16189,8,Falling Down,1,0.794983983039856,1
16190,8,Falling Down,1,0.7747091054916382,1
16191,8,Falling Down,1,0.8290085196495056,1
16192,8,Falling Down,1,0.7986909747123718,1
16193,8,Falling Down,1,0.8220875859260559,1
16194,8,Falling Down,1,0.899172842502594,1
16195,8,Falling Down,1,0.8897180557250977,1
16196,8,Falling Down,1,0.9212101697921753,1
16197,8,Falling Down,1,0.9557254910469055,1
16198,8,Falling Down,1,0.7918291687965393,1
16199,8,Falling Down,1,0.9512091875076294,1
16200,8,Falling Down,1,0.7895292639732361,1
16201,8,Falling Down,1,0.9911909699440002,1
16202,8,Falling Down,1,0.5766441822052002,1
16203,8,Falling Down,1,0.6185537576675415,1
16204,8,Falling Down,1,0.3912384510040283,0
16205,8,Falling Down,1,0.9105992913246155,1
16206,8,Falling Down,1,0.6672340631484985,1
16207,8,Falling Down,1,0.6237233877182007,1
16208,8,Falling Down,1,0.6229360699653625,1
16209,8,Falling Down,1,0.774390697479248,1
16210,8,Falling Down,1,0.8569858074188232,1
16211,8,Falling Down,1,0.7382364869117737,1
16212,8,Falling Down,1,0.9418115615844727,1
16213,8,Falling Down,1,0.7089918851852417,1
16214,8,Falling Down,1,0.9250801205635071,1
16215,8,Falling Down,1,0.9019111394882202,1
16216,8,Falling Down,1,0.5915959477424622,1
16217,8,Falling Down,1,0.9403678774833679,1
16218,8,Falling Down,1,0.9127820730209351,1
16219,8,Falling Down,1,0.979350745677948,1
16220,8,Falling Down,1,0.8443705439567566,1
16221,8,Falling Down,1,0.9796698093414307,1
16222,8,Falling Down,1,0.9829294681549072,1
16223,8,Falling Down,1,0.9159623980522156,1
16224,8,Falling Down,1,0.9712144136428833,1
16225,8,Falling Down,1,0.9673120975494385,1
16226,8,Falling Down,1,0.9360079169273376,1
16227,8,Falling Down,1,0.2946294844150543,0
16228,8,Falling Down,1,0.8572311997413635,1
16229,8,Falling Down,1,0.7283185124397278,1
16230,8,Falling Down,1,0.36320269107818604,0
16231,8,Falling Down,1,0.9428998827934265,1
16232,8,Falling Down,1,0.9786198735237122,1
16233,8,Falling Down,1,0.6363270878791809,1
16234,8,Falling Down,1,0.7944391965866089,1
16235,8,Falling Down,1,0.3925785720348358,0
16236,8,Falling Down,1,0.8950119614601135,1
16237,8,Falling Down,1,0.9439257979393005,1
16238,8,Falling Down,1,0.8551210761070251,1
16239,8,Falling Down,1,0.786855936050415,1
16240,8,Falling Down,1,0.9274104237556458,1
16241,8,Falling Down,1,0.4946838915348053,0
16242,8,Falling Down,1,0.9412801861763,1
16243,8,Falling Down,1,0.9413009881973267,1
16244,8,Falling Down,1,0.9071547389030457,1
16245,8,Falling Down,1,0.7820902466773987,1
16246,8,Falling Down,1,0.9017243385314941,1
16247,8,Falling Down,1,0.8368982076644897,1
16248,8,Falling Down,1,0.7841764092445374,1
16249,8,Falling Down,1,0.8747049570083618,1
16250,8,Falling Down,1,0.9333596229553223,1
16251,8,Falling Down,1,0.4245130121707916,0
16252,8,Falling Down,1,0.5486816167831421,1
16253,8,Falling Down,1,0.8523581624031067,1
16254,8,Falling Down,1,0.4280383884906769,0
16255,8,Falling Down,1,0.7191421389579773,1
16256,8,Falling Down,1,0.8951045274734497,1
16257,8,Falling Down,1,0.9098949432373047,1
16258,8,Falling Down,1,0.22653385996818542,0
16259,8,Falling Down,1,0.3038206398487091,0
16260,8,Falling Down,1,0.7794646620750427,1
16261,8,Falling Down,1,0.6124716997146606,1
16262,8,Falling Down,1,0.7645887732505798,1
16263,8,Falling Down,1,0.7170141935348511,1
16264,8,Falling Down,1,0.8145708441734314,1
16265,8,Falling Down,1,0.8199051022529602,1
16266,8,Falling Down,1,0.6253904104232788,1
16267,8,Falling Down,1,0.8989636301994324,1
16268,8,Falling Down,1,0.8267002105712891,1
16269,8,Falling Down,1,0.8158793449401855,1
16270,8,Falling Down,1,0.752027153968811,1
16271,8,Falling Down,1,0.7818417549133301,1
16272,8,Falling Down,1,0.7809351086616516,1
16273,8,Falling Down,1,0.9204620718955994,1
16274,8,Falling Down,1,0.9326304793357849,1
16275,8,Falling Down,1,0.7443703413009644,1
16276,8,Falling Down,1,0.911485493183136,1
16277,8,Falling Down,1,0.6104409694671631,1
16278,8,Falling Down,1,0.7895371317863464,1
16279,8,Falling Down,1,0.9335116147994995,1
16280,8,Falling Down,1,0.9069234132766724,1
16281,8,Falling Down,1,0.5246672034263611,1
16282,8,Falling Down,1,0.9495991468429565,1
16283,8,Falling Down,1,0.9736671447753906,1
16284,8,Falling Down,1,0.4938991367816925,0
16285,8,Falling Down,1,0.4790136516094208,0
16286,8,Falling Down,1,0.5682016015052795,1
16287,8,Falling Down,1,0.7881181836128235,1
16288,8,Falling Down,1,0.6081518530845642,1
16289,8,Falling Down,1,0.8273787498474121,1
16290,8,Falling Down,1,0.6510408520698547,1
16291,8,Falling Down,1,0.9750757813453674,1
16292,8,Falling Down,1,0.6446089148521423,1
16293,8,Falling Down,1,0.7645037174224854,1
16294,8,Falling Down,1,0.6872571706771851,1
16295,8,Falling Down,1,0.8403993248939514,1
16296,8,Falling Down,1,0.9107767343521118,1
16297,8,Falling Down,1,0.7144927978515625,1
16298,8,Falling Down,1,0.7928941249847412,1
16299,8,Falling Down,1,0.9203578233718872,1
16300,8,Falling Down,1,0.4696773290634155,0
16301,8,Falling Down,1,0.6594191193580627,1
16302,8,Falling Down,1,0.3089061975479126,0
16303,8,Falling Down,1,0.56912761926651,1
16304,8,Falling Down,1,0.8556018471717834,1
16305,8,Falling Down,1,0.8229180574417114,1
16306,8,Falling Down,1,0.42864543199539185,0
16307,8,Falling Down,1,0.9209831953048706,1
16308,8,Falling Down,1,0.9276660084724426,1
16309,8,Falling Down,1,0.76539146900177,1
16310,8,Falling Down,1,0.5468847751617432,1
16311,8,Falling Down,1,0.4675182104110718,0
16312,8,Falling Down,1,0.271945595741272,0
16313,8,Falling Down,1,0.8461352586746216,1
16314,8,Falling Down,1,0.9388486742973328,1
16315,8,Falling Down,1,0.29872116446495056,0
16316,8,Falling Down,1,0.8097823262214661,1
16317,8,Falling Down,1,0.878138542175293,1
16318,8,Falling Down,1,0.19314336776733398,0
16319,8,Falling Down,1,0.8733006119728088,1
16320,8,Falling Down,1,0.8675509691238403,1
16321,8,Falling Down,1,0.6359333395957947,1
16322,8,Falling Down,1,0.9657212495803833,1
16323,8,Falling Down,1,0.5651183128356934,1
16324,8,Falling Down,1,0.8104256987571716,1
16325,8,Falling Down,1,0.7562688589096069,1
16326,8,Falling Down,1,0.832467257976532,1
16327,8,Falling Down,1,0.6124667525291443,1
16328,8,Falling Down,1,0.8146761655807495,1
16329,8,Falling Down,1,0.8753271102905273,1
16330,8,Falling Down,1,0.5711649060249329,1
16331,8,Falling Down,1,0.7956312298774719,1
16332,8,Falling Down,1,0.802180826663971,1
16333,8,Falling Down,1,0.7085394263267517,1
16334,8,Falling Down,1,0.6249668598175049,1
16335,8,Falling Down,1,0.7823277115821838,1
16336,8,Falling Down,1,0.9772048592567444,1
16337,8,Falling Down,1,0.9019953608512878,1
16338,8,Falling Down,1,0.3019120991230011,0
16339,8,Falling Down,1,0.870109498500824,1
16340,8,Falling Down,1,0.8862265944480896,1
16341,8,Falling Down,1,0.25055789947509766,0
16342,8,Falling Down,1,0.7831555008888245,1
16343,8,Falling Down,1,0.32520610094070435,0
16344,8,Falling Down,1,0.9482086896896362,1
16345,8,Falling Down,1,0.9366465210914612,1
16346,8,Falling Down,1,0.8915299773216248,1
16347,8,Falling Down,1,0.35075297951698303,0
16348,8,Falling Down,1,0.642145574092865,1
16349,8,Falling Down,1,0.7534049153327942,1
16350,8,Falling Down,1,0.40288206934928894,0
16351,8,Falling Down,1,0.9189223647117615,1
16352,8,Falling Down,1,0.8138052225112915,1
16353,8,Falling Down,1,0.7892348170280457,1
16354,8,Falling Down,1,0.3652283251285553,0
16355,8,Falling Down,1,0.9698910713195801,1
16356,8,Falling Down,1,0.7842875719070435,1
16357,8,Falling Down,1,0.8621554374694824,1
16358,8,Falling Down,1,0.624416708946228,1
16359,8,Falling Down,1,0.6633169054985046,1
16360,8,Falling Down,1,0.5459750890731812,1
16361,8,Falling Down,1,0.9564913511276245,1
16362,8,Falling Down,1,0.8921903967857361,1
16363,8,Falling Down,1,0.8301021456718445,1
16364,8,Falling Down,1,0.47218748927116394,0
16365,8,Falling Down,1,0.6196186542510986,1
16366,8,Falling Down,1,0.9519149661064148,1
16367,8,Falling Down,1,0.9705818891525269,1
16368,8,Falling Down,1,0.633436381816864,1
16369,8,Falling Down,1,0.5303305387496948,1
16370,8,Falling Down,1,0.30430716276168823,0
16371,8,Falling Down,1,0.8955223560333252,1
16372,8,Falling Down,1,0.9545918703079224,1
16373,8,Falling Down,1,0.9180889129638672,1
16374,8,Falling Down,1,0.9346973896026611,1
16375,8,Falling Down,1,0.34952351450920105,0
16376,8,Falling Down,1,0.8438884615898132,1
16377,8,Falling Down,1,0.6780333518981934,1
16378,8,Falling Down,1,0.6282665133476257,1
16379,8,Falling Down,1,0.9262862801551819,1
16380,8,Falling Down,1,0.23752403259277344,0
16381,8,Falling Down,1,0.49109864234924316,0
16382,8,Falling Down,1,0.5247830748558044,1
16383,8,Falling Down,1,0.9319371581077576,1
16384,8,Falling Down,1,0.12626361846923828,0
16385,8,Falling Down,1,0.9469342231750488,1
16386,8,Falling Down,1,0.5453383326530457,1
16387,8,Falling Down,1,0.5840253233909607,1
16388,8,Falling Down,1,0.6414095163345337,1
16389,8,Falling Down,1,0.8881233334541321,1
16390,8,Falling Down,1,0.8876394033432007,1
16391,8,Falling Down,1,0.904655396938324,1
16392,8,Falling Down,1,0.9491696953773499,1
16393,8,Falling Down,1,0.2965017557144165,0
16394,8,Falling Down,1,0.2509775757789612,0
16395,8,Falling Down,1,0.9790012240409851,1
16396,8,Falling Down,1,0.6762077212333679,1
16397,8,Falling Down,1,0.9141215085983276,1
16398,8,Falling Down,1,0.859577476978302,1
16399,8,Falling Down,1,0.9007875323295593,1
16400,8,Falling Down,1,0.7887067794799805,1
16401,8,Falling Down,1,0.8138399124145508,1
16402,8,Falling Down,1,0.8034582734107971,1
16403,8,Falling Down,1,0.8968528509140015,1
16404,8,Falling Down,1,0.9753961563110352,1
16405,8,Falling Down,1,0.7249025106430054,1
16406,8,Falling Down,1,0.8045514225959778,1
16407,8,Falling Down,1,0.9547001123428345,1
16408,8,Falling Down,1,0.38814449310302734,0
16409,9,Falling Down,1,0.8963679075241089,1
16410,9,Falling Down,1,0.9554826021194458,1
16411,9,Falling Down,1,0.9651756286621094,1
16412,9,Falling Down,1,0.6714904308319092,1
16413,9,Falling Down,1,0.752156138420105,1
16414,9,Falling Down,1,0.7322118878364563,1
16415,9,Falling Down,1,0.8968613743782043,1
16416,9,Falling Down,1,0.7556122541427612,1
16417,9,Falling Down,1,0.6721237897872925,1
16418,9,Falling Down,1,0.9816569089889526,1
16419,9,Falling Down,1,0.9249289631843567,1
16420,9,Falling Down,1,0.8490036129951477,1
16421,9,Falling Down,1,0.7760310769081116,1
16422,9,Falling Down,1,0.9098170399665833,1
16423,9,Falling Down,1,0.5726988315582275,1
16424,9,Falling Down,1,0.9564512372016907,1
16425,9,Falling Down,1,0.5121419429779053,1
16426,9,Falling Down,1,0.48041290044784546,0
16427,9,Falling Down,1,0.462281733751297,0
16428,9,Falling Down,1,0.7618578672409058,1
16429,9,Falling Down,1,0.7205005288124084,1
16430,9,Falling Down,1,0.4020898640155792,0
16431,9,Falling Down,1,0.2670546770095825,0
16432,9,Falling Down,1,0.3698154091835022,0
16433,9,Falling Down,1,0.8977031707763672,1
16434,9,Falling Down,1,0.8636329770088196,1
16435,9,Falling Down,1,0.7397630214691162,1
16436,9,Falling Down,1,0.09076254069805145,0
16437,9,Falling Down,1,0.17574211955070496,0
16438,9,Falling Down,1,0.3602260947227478,0
16439,9,Falling Down,1,0.8818238973617554,1
16440,9,Falling Down,1,0.9660583138465881,1
16441,9,Falling Down,1,0.7114352583885193,1
16442,9,Falling Down,1,0.805866003036499,1
16443,9,Falling Down,1,0.7543060779571533,1
16444,9,Falling Down,1,0.7217439413070679,1
16445,10,Falling Down,1,0.9164177775382996,1
16446,10,Falling Down,1,0.5980929136276245,1
16447,10,Falling Down,1,0.8485531210899353,1
16448,10,Falling Down,1,0.3951191306114197,0
16449,10,Falling Down,1,0.28712302446365356,0
16450,10,Falling Down,1,0.8780155777931213,1
16451,10,Falling Down,1,0.32754889130592346,0
16452,10,Falling Down,1,0.6072192788124084,1
16453,10,Falling Down,1,0.3175339698791504,0
16454,10,Falling Down,1,0.17037464678287506,0
16455,10,Falling Down,1,0.6050583124160767,1
16456,10,Falling Down,1,0.7986725568771362,1
16457,10,Falling Down,1,0.7521358132362366,1
16458,10,Falling Down,1,0.27137237787246704,0
16459,10,Falling Down,1,0.3081423342227936,0
16460,10,Falling Down,1,0.9068784117698669,1
16461,10,Falling Down,1,0.952492892742157,1
16462,10,Falling Down,1,0.9092735052108765,1
16463,10,Falling Down,1,0.8493446111679077,1
16464,10,Falling Down,1,0.5985490679740906,1
16465,10,Falling Down,1,0.8499969244003296,1
16466,10,Falling Down,1,0.7891847491264343,1
16467,10,Falling Down,1,0.5667063593864441,1
16468,10,Falling Down,1,0.7991491556167603,1
16469,10,Falling Down,1,0.8956980109214783,1
16470,10,Falling Down,1,0.8886849284172058,1
16471,10,Falling Down,1,0.8429681062698364,1
16472,10,Falling Down,1,0.7682491540908813,1
16473,10,Falling Down,1,0.9733006954193115,1
16474,10,Falling Down,1,0.9701298475265503,1
16475,10,Falling Down,1,0.7483607530593872,1
16476,10,Falling Down,1,0.5531070828437805,1
16477,10,Falling Down,1,0.629635751247406,1
16478,10,Falling Down,1,0.8247782588005066,1
16479,10,Falling Down,1,0.8597823977470398,1
16480,10,Falling Down,1,0.6769967675209045,1
16481,10,Falling Down,1,0.8089905977249146,1
16482,10,Falling Down,1,0.5995151400566101,1
16483,10,Falling Down,1,0.5338003635406494,1
16484,10,Falling Down,1,0.9400940537452698,1
16485,10,Falling Down,1,0.5460441708564758,1
16486,10,Falling Down,1,0.9582376480102539,1
16487,10,Falling Down,1,0.9334813356399536,1
16488,10,Falling Down,1,0.501995861530304,1
16489,10,Falling Down,1,0.17936596274375916,0
16514,12,Falling Down,1,0.8555749654769897,1
16515,12,Falling Down,1,0.9576935172080994,1
16516,12,Falling Down,1,0.8759990334510803,1
16517,12,Falling Down,1,0.9343807697296143,1
16518,12,Falling Down,1,0.7969895005226135,1
16519,12,Falling Down,1,0.1543257087469101,0
16520,12,Falling Down,1,0.38203150033950806,0
16521,12,Falling Down,1,0.559156596660614,1
16522,12,Falling Down,1,0.8548911809921265,1
16523,12,Falling Down,1,0.4578574597835541,0
16524,12,Falling Down,1,0.7344688177108765,1
16525,12,Falling Down,1,0.7551243305206299,1
16526,12,Falling Down,1,0.8396220803260803,1
16527,12,Falling Down,1,0.9212084412574768,1
16528,12,Falling Down,1,0.914009153842926,1
16529,12,Falling Down,1,0.9635656476020813,1
16530,12,Falling Down,1,0.850145697593689,1
16531,12,Falling Down,1,0.40132197737693787,0
16532,13,Falling Down,1,0.7210732102394104,1
16533,13,Falling Down,1,0.871626615524292,1
16534,13,Falling Down,1,0.8541077971458435,1
16535,13,Falling Down,1,0.622317910194397,1
16536,13,Falling Down,1,0.9071446657180786,1
16537,13,Falling Down,1,0.9550846815109253,1
16538,13,Falling Down,1,0.7882579565048218,1
16539,13,Falling Down,1,0.6707079410552979,1
16540,13,Falling Down,1,0.23323193192481995,0
16541,13,Falling Down,1,0.4308578670024872,0
16542,13,Falling Down,1,0.9257689118385315,1
16543,13,Falling Down,1,0.8990668058395386,1
16544,13,Falling Down,1,0.9651150107383728,1
16545,13,Falling Down,1,0.11403267830610275,0
16546,13,Falling Down,1,0.18951068818569183,0
16547,13,Falling Down,1,0.7356275320053101,1
16548,13,Falling Down,1,0.4187728464603424,0
16549,13,Falling Down,1,0.8730429410934448,1
16550,13,Falling Down,1,0.5787744522094727,1
16551,13,Falling Down,1,0.950293779373169,1
16552,13,Falling Down,1,0.7193031311035156,1
16553,13,Falling Down,1,0.8871039152145386,1
16554,13,Falling Down,1,0.8734431862831116,1
16555,13,Falling Down,1,0.8924089074134827,1
16556,13,Falling Down,1,0.7797150611877441,1
16557,13,Falling Down,1,0.9618086218833923,1
16558,13,Falling Down,1,0.7829716801643372,1
16559,13,Falling Down,1,0.4191567003726959,0
16560,13,Falling Down,1,0.9271381497383118,1
16561,13,Falling Down,1,0.9304460883140564,1
16562,13,Falling Down,1,0.9565742611885071,1
16563,13,Falling Down,1,0.9684352874755859,1
16564,13,Falling Down,1,0.7119288444519043,1
16565,13,Falling Down,1,0.9323272705078125,1
16566,13,Falling Down,1,0.6170347332954407,1
16567,13,Falling Down,1,0.4733301103115082,0
16568,13,Falling Down,1,0.4118562936782837,0
16569,13,Falling Down,1,0.8275867700576782,1
16570,13,Falling Down,1,0.9362255334854126,1
16571,14,Falling Down,1,0.847505509853363,1
16572,14,Falling Down,1,0.8887767195701599,1
16573,14,Falling Down,1,0.9210994839668274,1
16574,14,Falling Down,1,0.7379442453384399,1
16575,14,Falling Down,1,0.868765652179718,1
16576,14,Falling Down,1,0.9746321439743042,1
16577,14,Falling Down,1,0.9169222712516785,1
16578,14,Falling Down,1,0.8267654776573181,1
16579,14,Falling Down,1,0.9402313828468323,1
16580,14,Falling Down,1,0.8821507692337036,1
16581,14,Falling Down,1,0.8988808989524841,1
16582,14,Falling Down,1,0.9528843760490417,1
16583,14,Falling Down,1,0.47137895226478577,0
16584,14,Falling Down,1,0.7633668184280396,1
16585,14,Falling Down,1,0.7037428617477417,1
16586,14,Falling Down,1,0.7923383116722107,1
16587,14,Falling Down,1,0.6837370991706848,1
16588,14,Falling Down,1,0.9451711773872375,1
16589,14,Falling Down,1,0.760199248790741,1
16590,15,Falling Down,1,0.4795544445514679,0
16591,15,Falling Down,1,0.9689841270446777,1
16592,15,Falling Down,1,0.9184447526931763,1
16593,15,Falling Down,1,0.6310822367668152,1
16594,15,Falling Down,1,0.7787420153617859,1
16595,15,Falling Down,1,0.511531412601471,1
16596,15,Falling Down,1,0.5364140272140503,1
16597,15,Falling Down,1,0.974159836769104,1
16598,15,Falling Down,1,0.37433815002441406,0
16599,15,Falling Down,1,0.5401199460029602,1
16600,15,Falling Down,1,0.9729211926460266,1
16601,15,Falling Down,1,0.2957875728607178,0
16602,15,Falling Down,1,0.6131466031074524,1
16603,15,Falling Down,1,0.27052414417266846,0
16604,15,Falling Down,1,0.83598393201828,1
16605,15,Falling Down,1,0.9567331075668335,1
16606,15,Falling Down,1,0.9252840876579285,1
16607,15,Falling Down,1,0.686915397644043,1
16608,15,Falling Down,1,0.9330646991729736,1
16609,15,Falling Down,1,0.9492247104644775,1
16610,15,Falling Down,1,0.8262520432472229,1
16611,15,Falling Down,1,0.794143557548523,1
16612,15,Falling Down,1,0.9507524967193604,1
16613,15,Falling Down,1,0.9334965348243713,1
16614,15,Falling Down,1,0.9722297191619873,1
16615,15,Falling Down,1,0.9580275416374207,1
16616,15,Falling Down,1,0.2396884262561798,0
16617,15,Falling Down,1,0.9732072949409485,1
16618,15,Falling Down,1,0.4319056570529938,0
16619,15,Falling Down,1,0.869868814945221,1
16620,15,Falling Down,1,0.7334122657775879,1
16621,15,Falling Down,1,0.9766234159469604,1
16622,15,Falling Down,1,0.7258262038230896,1
16623,15,Falling Down,1,0.9164361953735352,1
16624,15,Falling Down,1,0.41071927547454834,0
16625,15,Falling Down,1,0.7876705527305603,1
16626,15,Falling Down,1,0.8006783127784729,1
16627,15,Falling Down,1,0.9649208784103394,1
16628,15,Falling Down,1,0.9557244777679443,1
16629,15,Falling Down,1,0.9296849966049194,1
16630,15,Falling Down,1,0.9473699927330017,1
16631,15,Falling Down,1,0.41977348923683167,0
16632,15,Falling Down,1,0.8518666625022888,1
16633,15,Falling Down,1,0.35696184635162354,0
16634,15,Falling Down,1,0.951678991317749,1
16635,15,Falling Down,1,0.920377254486084,1
16636,15,Falling Down,1,0.8008677363395691,1
16637,15,Falling Down,1,0.2194662094116211,0
16638,15,Falling Down,1,0.7877824306488037,1
16639,15,Falling Down,1,0.7416467666625977,1
16640,15,Falling Down,1,0.8066389560699463,1
16641,15,Falling Down,1,0.7086024284362793,1
16642,15,Falling Down,1,0.8617649674415588,1
16643,15,Falling Down,1,0.5152257084846497,1
16644,15,Falling Down,1,0.47473224997520447,0
16645,15,Falling Down,1,0.3659721910953522,0
16646,15,Falling Down,1,0.6988022327423096,1
16647,15,Falling Down,1,0.3474942743778229,0
16648,15,Falling Down,1,0.5504754781723022,1
16649,15,Falling Down,1,0.8384634256362915,1
16650,15,Falling Down,1,0.5697287321090698,1
16651,15,Falling Down,1,0.6602389812469482,1
16652,15,Falling Down,1,0.8652318716049194,1
16653,15,Falling Down,1,0.9292385578155518,1
16654,15,Falling Down,1,0.940241277217865,1
16655,15,Falling Down,1,0.9402453899383545,1
16656,15,Falling Down,1,0.6209335327148438,1
16657,15,Falling Down,1,0.3556215167045593,0
16658,15,Falling Down,1,0.8546271324157715,1
16659,15,Falling Down,1,0.8752400875091553,1
16660,15,Falling Down,1,0.28993839025497437,0
16661,15,Falling Down,1,0.5446863770484924,1
16662,15,Falling Down,1,0.9408536553382874,1
16663,15,Falling Down,1,0.7893915176391602,1
16664,15,Falling Down,1,0.6013184785842896,1
16665,15,Falling Down,1,0.6753928661346436,1
16666,15,Falling Down,1,0.7036831974983215,1
16667,15,Falling Down,1,0.977241039276123,1
16668,15,Falling Down,1,0.7393690943717957,1
16669,15,Falling Down,1,0.9026029706001282,1
16670,15,Falling Down,1,0.9504809975624084,1
16671,15,Falling Down,1,0.8067523837089539,1
16672,15,Falling Down,1,0.5052936673164368,1
16673,15,Falling Down,1,0.39154013991355896,0
16674,15,Falling Down,1,0.5814239382743835,1
16675,15,Falling Down,1,0.37847742438316345,0
16676,15,Falling Down,1,0.5785521268844604,1
16677,15,Falling Down,1,0.859308123588562,1
16678,15,Falling Down,1,0.857516348361969,1
16679,15,Falling Down,1,0.37991416454315186,0
16680,15,Falling Down,1,0.766116738319397,1
16681,15,Falling Down,1,0.9818523526191711,1
16682,15,Falling Down,1,0.5428300499916077,1
16683,15,Falling Down,1,0.9505006074905396,1
16684,15,Falling Down,1,0.41578948497772217,0
16685,15,Falling Down,1,0.79503333568573,1
16686,15,Falling Down,1,0.5942453742027283,1
16687,15,Falling Down,1,0.9095832705497742,1
16688,15,Falling Down,1,0.6708308458328247,1
16689,15,Falling Down,1,0.9647359848022461,1
16690,15,Falling Down,1,0.816794753074646,1
16691,15,Falling Down,1,0.8673016428947449,1
16692,15,Falling Down,1,0.42395496368408203,0
16693,15,Falling Down,1,0.4521980285644531,0
16694,15,Falling Down,1,0.5900346040725708,1
16695,15,Falling Down,1,0.7893913984298706,1
16696,15,Falling Down,1,0.9751018285751343,1
16697,15,Falling Down,1,0.8714308142662048,1
16698,15,Falling Down,1,0.6582226157188416,1
16699,15,Falling Down,1,0.6090306043624878,1
16700,15,Falling Down,1,0.8744045495986938,1
16701,15,Falling Down,1,0.7665279507637024,1
16702,15,Falling Down,1,0.9834210276603699,1
16703,15,Falling Down,1,0.9026276469230652,1
16704,15,Falling Down,1,0.7578064799308777,1
16705,15,Falling Down,1,0.3538511097431183,0
16706,15,Falling Down,1,0.5712441205978394,1
16707,15,Falling Down,1,0.747340202331543,1
16708,15,Falling Down,1,0.8830998539924622,1
16709,15,Falling Down,1,0.7197823524475098,1
16710,15,Falling Down,1,0.799689769744873,1
16711,15,Falling Down,1,0.6132147908210754,1
16712,15,Falling Down,1,0.6857424378395081,1
16713,15,Falling Down,1,0.9572489261627197,1
16714,15,Falling Down,1,0.8124598264694214,1
16715,15,Falling Down,1,0.3961865305900574,0
16716,15,Falling Down,1,0.5583563446998596,1
16717,15,Falling Down,1,0.8289634585380554,1
16718,15,Falling Down,1,0.9489122033119202,1
16719,15,Falling Down,1,0.9654804468154907,1
16720,15,Falling Down,1,0.7452646493911743,1
16721,15,Falling Down,1,0.5886737704277039,1
16722,15,Falling Down,1,0.7222674489021301,1
16723,15,Falling Down,1,0.9478705525398254,1
16724,15,Falling Down,1,0.7425581812858582,1
16725,15,Falling Down,1,0.6905327439308167,1
16726,15,Falling Down,1,0.27393317222595215,0
16727,15,Falling Down,1,0.7005401253700256,1
16728,15,Falling Down,1,0.8515762686729431,1
16729,15,Falling Down,1,0.7167790532112122,1
16730,15,Falling Down,1,0.575565755367279,1
16731,15,Falling Down,1,0.9254452586174011,1
16732,15,Falling Down,1,0.9764664173126221,1
16733,15,Falling Down,1,0.8129454255104065,1
16734,15,Falling Down,1,0.5237746238708496,1
16735,15,Falling Down,1,0.615342378616333,1
16736,15,Falling Down,1,0.2639520764350891,0
16737,15,Falling Down,1,0.15792778134346008,0
16738,15,Falling Down,1,0.8946797847747803,1
16739,15,Falling Down,1,0.921551525592804,1
16740,15,Falling Down,1,0.4986392557621002,0
16741,15,Falling Down,1,0.1637229472398758,0
16742,15,Falling Down,1,0.5287049412727356,1
16743,15,Falling Down,1,0.9724987745285034,1
16744,15,Falling Down,1,0.9734110236167908,1
16745,15,Falling Down,1,0.7798807621002197,1
16746,16,Falling Down,1,0.5395098924636841,1
16747,16,Falling Down,1,0.9793397188186646,1
16748,16,Falling Down,1,0.9649661183357239,1
16749,16,Falling Down,1,0.4288521409034729,0
16750,16,Falling Down,1,0.4379328787326813,0
16751,16,Falling Down,1,0.3949965536594391,0
16752,16,Falling Down,1,0.7429665327072144,1
16753,16,Falling Down,1,0.9281610250473022,1
16754,16,Falling Down,1,0.8533487915992737,1
16755,16,Falling Down,1,0.9604326486587524,1
16756,16,Falling Down,1,0.2602309584617615,0
16757,16,Falling Down,1,0.20344091951847076,0
16758,16,Falling Down,1,0.8002596497535706,1
16759,16,Falling Down,1,0.8735973834991455,1
16760,16,Falling Down,1,0.6602416038513184,1
16761,16,Falling Down,1,0.899069607257843,1
16762,16,Falling Down,1,0.8075100183486938,1
16763,16,Falling Down,1,0.8740494251251221,1
16764,16,Falling Down,1,0.6519879698753357,1
16765,16,Falling Down,1,0.7537743449211121,1
16766,16,Falling Down,1,0.7772313952445984,1
16767,16,Falling Down,1,0.8372423052787781,1
16768,16,Falling Down,1,0.9354329109191895,1
16769,16,Falling Down,1,0.9247941374778748,1
16770,16,Falling Down,1,0.872783362865448,1
16771,16,Falling Down,1,0.9299089312553406,1
16772,16,Falling Down,1,0.8658897280693054,1
16773,16,Falling Down,1,0.4300692081451416,0
16774,16,Falling Down,1,0.6929720044136047,1
16775,16,Falling Down,1,0.6107730269432068,1
16776,16,Falling Down,1,0.1436881721019745,0
16777,16,Falling Down,1,0.32799896597862244,0
16778,16,Falling Down,1,0.531877338886261,1
16779,16,Falling Down,1,0.9094199538230896,1
16780,16,Falling Down,1,0.8848550319671631,1
16781,16,Falling Down,1,0.7909195423126221,1
16782,16,Falling Down,1,0.6275802850723267,1
16783,16,Falling Down,1,0.13632692396640778,0
16784,16,Falling Down,1,0.7609108090400696,1
16785,16,Falling Down,1,0.9302582144737244,1
16786,16,Falling Down,1,0.9276488423347473,1
16787,16,Falling Down,1,0.9398358464241028,1
16788,16,Falling Down,1,0.9307051301002502,1
16789,16,Falling Down,1,0.8388542532920837,1
16790,16,Falling Down,1,0.8497999310493469,1
16791,16,Falling Down,1,0.8737680912017822,1
16792,16,Falling Down,1,0.8755882382392883,1
16793,16,Falling Down,1,0.8331556916236877,1
16794,16,Falling Down,1,0.6617515087127686,1
16795,16,Falling Down,1,0.8467373847961426,1
16796,16,Falling Down,1,0.8479280471801758,1
16797,16,Falling Down,1,0.9435534477233887,1
16798,16,Falling Down,1,0.9770746827125549,1
16799,16,Falling Down,1,0.4979342222213745,0
16800,16,Falling Down,1,0.826488196849823,1
16801,16,Falling Down,1,0.8759425282478333,1
16802,16,Falling Down,1,0.8816112875938416,1
16803,16,Falling Down,1,0.8651815056800842,1
16804,16,Falling Down,1,0.9388626217842102,1
16805,16,Falling Down,1,0.3294621407985687,0
16806,16,Falling Down,1,0.7128240466117859,1
16807,16,Falling Down,1,0.9521360397338867,1
16808,16,Falling Down,1,0.8652774691581726,1
16809,16,Falling Down,1,0.16022537648677826,0
16810,16,Falling Down,1,0.9051888585090637,1
16811,16,Falling Down,1,0.5096191167831421,1
16812,16,Falling Down,1,0.5127822160720825,1
16813,16,Falling Down,1,0.28992292284965515,0
16814,16,Falling Down,1,0.9386488199234009,1
16815,16,Falling Down,1,0.24852123856544495,0
16816,16,Falling Down,1,0.5871226191520691,1
16817,16,Falling Down,1,0.662216305732727,1
16818,16,Falling Down,1,0.6654018759727478,1
16819,16,Falling Down,1,0.6504219174385071,1
16820,16,Falling Down,1,0.6238632202148438,1
16821,16,Falling Down,1,0.7572925090789795,1
16822,16,Falling Down,1,0.8182893991470337,1
16823,16,Falling Down,1,0.7557265162467957,1
16824,16,Falling Down,1,0.9093971848487854,1
16825,16,Falling Down,1,0.9150181412696838,1
16826,16,Falling Down,1,0.922259509563446,1
16827,16,Falling Down,1,0.37646782398223877,0
16828,16,Falling Down,1,0.8410277366638184,1
16829,16,Falling Down,1,0.7223328948020935,1
16830,16,Falling Down,1,0.6281756162643433,1
16831,16,Falling Down,1,0.943838357925415,1
16832,16,Falling Down,1,0.7729774117469788,1
16833,16,Falling Down,1,0.37600719928741455,0
16834,16,Falling Down,1,0.8967963457107544,1
16835,16,Falling Down,1,0.45744165778160095,0
16836,16,Falling Down,1,0.23370543122291565,0
16837,16,Falling Down,1,0.44030818343162537,0
16838,16,Falling Down,1,0.9692878723144531,1
16839,16,Falling Down,1,0.5821237564086914,1
16840,16,Falling Down,1,0.8582859635353088,1
16841,16,Falling Down,1,0.22556492686271667,0
16842,16,Falling Down,1,0.48440679907798767,0
16843,16,Falling Down,1,0.8614509701728821,1
16844,16,Falling Down,1,0.14886151254177094,0
16845,16,Falling Down,1,0.6286192536354065,1
16846,16,Falling Down,1,0.526477038860321,1
16847,16,Falling Down,1,0.4146820306777954,0
16848,16,Falling Down,1,0.6754491329193115,1
16849,16,Falling Down,1,0.9626457691192627,1
16850,16,Falling Down,1,0.5506956577301025,1
16851,16,Falling Down,1,0.5369755625724792,1
16852,16,Falling Down,1,0.8305229544639587,1
16853,16,Falling Down,1,0.9692999720573425,1
16854,16,Falling Down,1,0.6264337301254272,1
16855,16,Falling Down,1,0.8336920142173767,1
16856,16,Falling Down,1,0.6616312265396118,1
16857,16,Falling Down,1,0.1383827179670334,0
16858,16,Falling Down,1,0.48793286085128784,0
16859,16,Falling Down,1,0.6240021586418152,1
16860,16,Falling Down,1,0.40030908584594727,0
16861,16,Falling Down,1,0.6516348719596863,1
16862,16,Falling Down,1,0.7424240708351135,1
16863,16,Falling Down,1,0.5245749354362488,1
16864,16,Falling Down,1,0.09021446108818054,0
16865,16,Falling Down,1,0.1309356987476349,0
16866,16,Falling Down,1,0.1308082491159439,0
16867,16,Falling Down,1,0.48722603917121887,0
16868,16,Falling Down,1,0.8119377493858337,1
16869,16,Falling Down,1,0.15951433777809143,0
16870,16,Falling Down,1,0.4916791021823883,0
16871,16,Falling Down,1,0.9353298544883728,1
16872,16,Falling Down,1,0.802906334400177,1
16873,16,Falling Down,1,0.19400937855243683,0
16874,16,Falling Down,1,0.12497752159833908,0
16875,16,Falling Down,1,0.9551095962524414,1
16876,16,Falling Down,1,0.970391571521759,1
16877,16,Falling Down,1,0.9481465220451355,1
16878,16,Falling Down,1,0.8230882883071899,1
16879,16,Falling Down,1,0.9359569549560547,1
16880,16,Falling Down,1,0.0926271453499794,0
16881,16,Falling Down,1,0.9251564145088196,1
16882,16,Falling Down,1,0.8083109259605408,1
16883,16,Falling Down,1,0.8898537755012512,1
16884,16,Falling Down,1,0.7408831119537354,1
16885,16,Falling Down,1,0.6858559846878052,1
16886,16,Falling Down,1,0.9807674288749695,1
16887,16,Falling Down,1,0.828563392162323,1
16888,16,Falling Down,1,0.46641623973846436,0
16889,16,Falling Down,1,0.9340416193008423,1
16890,16,Falling Down,1,0.7661441564559937,1
16891,16,Falling Down,1,0.8048949837684631,1
16892,16,Falling Down,1,0.6431024074554443,1
16893,16,Falling Down,1,0.856417179107666,1
16894,16,Falling Down,1,0.7774701118469238,1
16895,16,Falling Down,1,0.9764397144317627,1
16896,16,Falling Down,1,0.9480624198913574,1
16897,16,Falling Down,1,0.7893676161766052,1
16898,16,Falling Down,1,0.9110733866691589,1
16899,16,Falling Down,1,0.8334412574768066,1
16900,16,Falling Down,1,0.5836063027381897,1
16901,16,Falling Down,1,0.446733683347702,0
16902,16,Falling Down,1,0.6033257246017456,1
16903,16,Falling Down,1,0.3877561092376709,0
16904,16,Falling Down,1,0.7941375970840454,1
16905,16,Falling Down,1,0.7907453775405884,1
16906,16,Falling Down,1,0.7226189374923706,1
16907,16,Falling Down,1,0.9424815773963928,1
16908,16,Falling Down,1,0.6347303986549377,1
16909,16,Falling Down,1,0.5525562167167664,1
16910,16,Falling Down,1,0.5514455437660217,1
16911,16,Falling Down,1,0.7576221823692322,1
16912,16,Falling Down,1,0.5082419514656067,1
16913,16,Falling Down,1,0.6002991795539856,1
16914,16,Falling Down,1,0.8011469841003418,1
16915,16,Falling Down,1,0.5289665460586548,1
16916,16,Falling Down,1,0.3935251235961914,0
16917,16,Falling Down,1,0.973953366279602,1
16918,16,Falling Down,1,0.8624428510665894,1
16919,16,Falling Down,1,0.6933425068855286,1
16920,16,Falling Down,1,0.6983367800712585,1
16921,16,Falling Down,1,0.517284095287323,1
16922,17,Falling Down,1,0.8549424409866333,1
16923,17,Falling Down,1,0.9570263624191284,1
16924,17,Falling Down,1,0.6124059557914734,1
16925,17,Falling Down,1,0.8640639185905457,1
16926,17,Falling Down,1,0.9379390478134155,1
16927,17,Falling Down,1,0.9230712056159973,1
16928,17,Falling Down,1,0.5733745098114014,1
16929,17,Falling Down,1,0.9912762641906738,1
16930,17,Falling Down,1,0.14166729152202606,0
16931,17,Falling Down,1,0.5448096990585327,1
16932,17,Falling Down,1,0.6156284809112549,1
16933,17,Falling Down,1,0.9879105091094971,1
16934,17,Falling Down,1,0.7723948359489441,1
16935,17,Falling Down,1,0.9721882343292236,1
16936,17,Falling Down,1,0.9643875956535339,1
16937,17,Falling Down,1,0.8971033692359924,1
16938,17,Falling Down,1,0.8248409032821655,1
16939,17,Falling Down,1,0.7059765458106995,1
16940,17,Falling Down,1,0.28843268752098083,0
16941,17,Falling Down,1,0.774135172367096,1
16942,17,Falling Down,1,0.8425973057746887,1
16943,17,Falling Down,1,0.7079406380653381,1
16944,17,Falling Down,1,0.8415747284889221,1
16945,17,Falling Down,1,0.4421347379684448,0
16946,17,Falling Down,1,0.730270504951477,1
16947,17,Falling Down,1,0.8753713369369507,1
16948,17,Falling Down,1,0.7856609225273132,1
16949,17,Falling Down,1,0.9855601191520691,1
16950,17,Falling Down,1,0.9665529727935791,1
16951,17,Falling Down,1,0.944642186164856,1
16952,17,Falling Down,1,0.7706413269042969,1
16953,17,Falling Down,1,0.9504549503326416,1
16954,17,Falling Down,1,0.7504922151565552,1
16955,17,Falling Down,1,0.8334744572639465,1
16956,17,Falling Down,1,0.9784819483757019,1
16957,17,Falling Down,1,0.9884838461875916,1
16958,17,Falling Down,1,0.9639899730682373,1
16959,17,Falling Down,1,0.9794638156890869,1
16960,17,Falling Down,1,0.9775639176368713,1
16961,17,Falling Down,1,0.7581794261932373,1
16962,17,Falling Down,1,0.9285082817077637,1
16963,17,Falling Down,1,0.9869937300682068,1
16964,17,Falling Down,1,0.9810007214546204,1
16965,17,Falling Down,1,0.986268937587738,1
16966,17,Falling Down,1,0.8630164861679077,1
16967,17,Falling Down,1,0.5952553749084473,1
16968,17,Falling Down,1,0.863695502281189,1
16969,17,Falling Down,1,0.977266788482666,1
16970,17,Falling Down,1,0.7757141590118408,1
16971,17,Falling Down,1,0.9817771315574646,1
16972,17,Falling Down,1,0.9646366834640503,1
16973,17,Falling Down,1,0.8591927289962769,1
16974,17,Falling Down,1,0.3377689719200134,0
16975,17,Falling Down,1,0.7033200263977051,1
16976,17,Falling Down,1,0.8790186643600464,1
16977,17,Falling Down,1,0.9861788749694824,1
16978,17,Falling Down,1,0.9681535363197327,1
16979,17,Falling Down,1,0.7873672842979431,1
16980,17,Falling Down,1,0.9635823965072632,1
16981,17,Falling Down,1,0.984735369682312,1
16982,17,Falling Down,1,0.890326976776123,1
16983,17,Falling Down,1,0.7360100150108337,1
16984,17,Falling Down,1,0.8474158644676208,1
16985,17,Falling Down,1,0.9833514094352722,1
16986,17,Falling Down,1,0.9677466750144958,1
16987,17,Falling Down,1,0.9187539219856262,1
16988,17,Falling Down,1,0.5280997157096863,1
16989,17,Falling Down,1,0.33528777956962585,0
16990,17,Falling Down,1,0.902431309223175,1
16991,17,Falling Down,1,0.9869128465652466,1
16992,17,Falling Down,1,0.8907259106636047,1
16993,17,Falling Down,1,0.8761558532714844,1
16994,17,Falling Down,1,0.6814318895339966,1
16995,17,Falling Down,1,0.6211186051368713,1
16996,17,Falling Down,1,0.49837571382522583,0
16997,17,Falling Down,1,0.9630981683731079,1
16998,17,Falling Down,1,0.8612240552902222,1
16999,17,Falling Down,1,0.9746209979057312,1
17000,17,Falling Down,1,0.7112852931022644,1
17001,17,Falling Down,1,0.763805091381073,1
17002,17,Falling Down,1,0.8548061847686768,1
17003,17,Falling Down,1,0.990056037902832,1
17004,17,Falling Down,1,0.886010468006134,1
17005,17,Falling Down,1,0.977099597454071,1
17006,17,Falling Down,1,0.9468230605125427,1
17007,17,Falling Down,1,0.2578221559524536,0
17008,17,Falling Down,1,0.9722549319267273,1
17009,17,Falling Down,1,0.9286103248596191,1
17010,17,Falling Down,1,0.1999680995941162,0
17011,17,Falling Down,1,0.6361802816390991,1
17012,17,Falling Down,1,0.15571719408035278,0
17013,17,Falling Down,1,0.6660774946212769,1
17014,17,Falling Down,1,0.9545912146568298,1
17015,17,Falling Down,1,0.2356140911579132,0
17016,17,Falling Down,1,0.9779592752456665,1
17017,17,Falling Down,1,0.5903899669647217,1
17018,17,Falling Down,1,0.837191104888916,1
17019,17,Falling Down,1,0.3753473460674286,0
17020,17,Falling Down,1,0.898973822593689,1
17021,17,Falling Down,1,0.9525067806243896,1
17022,17,Falling Down,1,0.60242760181427,1
17023,17,Falling Down,1,0.9751071333885193,1
17024,17,Falling Down,1,0.2454543262720108,0
17025,17,Falling Down,1,0.9470018744468689,1
17026,17,Falling Down,1,0.9133015275001526,1
17027,17,Falling Down,1,0.8301777839660645,1
17028,17,Falling Down,1,0.4223003387451172,0
17029,17,Falling Down,1,0.8415204882621765,1
17030,17,Falling Down,1,0.6531173586845398,1
17031,17,Falling Down,1,0.6506567597389221,1
17032,17,Falling Down,1,0.8420747518539429,1
17033,17,Falling Down,1,0.8384408950805664,1
17034,17,Falling Down,1,0.9787048101425171,1
17035,17,Falling Down,1,0.9408336281776428,1
17036,17,Falling Down,1,0.9670295119285583,1
17037,17,Falling Down,1,0.8879270553588867,1
17038,17,Falling Down,1,0.6733691692352295,1
17039,17,Falling Down,1,0.9838832020759583,1
17040,17,Falling Down,1,0.946355938911438,1
17041,17,Falling Down,1,0.5424090623855591,1
17042,17,Falling Down,1,0.9820127487182617,1
17043,17,Falling Down,1,0.9580647349357605,1
17044,17,Falling Down,1,0.9818739891052246,1
17045,17,Falling Down,1,0.9699947834014893,1
17046,17,Falling Down,1,0.8607305884361267,1
17047,17,Falling Down,1,0.5700972080230713,1
17048,17,Falling Down,1,0.9811811447143555,1
17049,17,Falling Down,1,0.9572515487670898,1
17050,17,Falling Down,1,0.9441190361976624,1
17051,17,Falling Down,1,0.9187650680541992,1
17052,17,Falling Down,1,0.982501208782196,1
17053,17,Falling Down,1,0.964896023273468,1
17054,17,Falling Down,1,0.9887867569923401,1
17055,17,Falling Down,1,0.9790520668029785,1
17056,17,Falling Down,1,0.9740405678749084,1
17057,17,Falling Down,1,0.972700297832489,1
17058,17,Falling Down,1,0.9663411974906921,1
17059,17,Falling Down,1,0.9832041263580322,1
17060,17,Falling Down,1,0.8886480331420898,1
17061,17,Falling Down,1,0.8441736102104187,1
17062,17,Falling Down,1,0.957533061504364,1
17063,17,Falling Down,1,0.9698394536972046,1
17064,17,Falling Down,1,0.554199755191803,1
17065,17,Falling Down,1,0.9504373073577881,1
17066,17,Falling Down,1,0.8775770664215088,1
17067,17,Falling Down,1,0.9160673022270203,1
17068,17,Falling Down,1,0.8355873823165894,1
17069,17,Falling Down,1,0.9888836741447449,1
17070,17,Falling Down,1,0.0784083753824234,0
17071,17,Falling Down,1,0.893963634967804,1
17072,17,Falling Down,1,0.7027541995048523,1
17073,17,Falling Down,1,0.8347031474113464,1
17074,17,Falling Down,1,0.874912440776825,1
17075,17,Falling Down,1,0.6141973733901978,1
17076,17,Falling Down,1,0.8106025457382202,1
17077,17,Falling Down,1,0.7336711287498474,1
17078,17,Falling Down,1,0.7088038325309753,1
17079,17,Falling Down,1,0.7342734932899475,1
17080,17,Falling Down,1,0.9646676182746887,1
17081,17,Falling Down,1,0.9580574035644531,1
17082,17,Falling Down,1,0.9088692665100098,1
17083,17,Falling Down,1,0.518547534942627,1
17185,19,Falling Down,1,0.956278383731842,1
17186,19,Falling Down,1,0.9477343559265137,1
17187,19,Falling Down,1,0.7904044389724731,1
17188,19,Falling Down,1,0.8078873753547668,1
17189,19,Falling Down,1,0.6879470348358154,1
17190,19,Falling Down,1,0.40388911962509155,0
17191,19,Falling Down,1,0.8418237566947937,1
17192,19,Falling Down,1,0.8715100288391113,1
17193,19,Falling Down,1,0.5905393362045288,1
17194,19,Falling Down,1,0.6482022404670715,1
17195,19,Falling Down,1,0.8979303240776062,1
17196,19,Falling Down,1,0.4020652174949646,0
17197,19,Falling Down,1,0.6022802591323853,1
17198,19,Falling Down,1,0.34744513034820557,0
17199,19,Falling Down,1,0.13664697110652924,0
17200,19,Falling Down,1,0.638164758682251,1
17201,19,Falling Down,1,0.4256906509399414,0
17202,19,Falling Down,1,0.11864403635263443,0
17203,19,Falling Down,1,0.9715274572372437,1
17204,19,Falling Down,1,0.08086693286895752,0
17205,19,Falling Down,1,0.36022207140922546,0
17206,19,Falling Down,1,0.6817083954811096,1
17207,19,Falling Down,1,0.3422441780567169,0
17208,19,Falling Down,1,0.6776537299156189,1
17209,19,Falling Down,1,0.9449302554130554,1
17210,19,Falling Down,1,0.3053586184978485,0
17211,19,Falling Down,1,0.7039707899093628,1
17212,19,Falling Down,1,0.634040355682373,1
17213,19,Falling Down,1,0.8465837836265564,1
17214,19,Falling Down,1,0.9449699521064758,1
17215,19,Falling Down,1,0.5883283615112305,1
17216,19,Falling Down,1,0.8722521066665649,1
17217,19,Falling Down,1,0.7357645630836487,1
17218,19,Falling Down,1,0.7070503234863281,1
17219,19,Falling Down,1,0.8229901194572449,1
17220,19,Falling Down,1,0.9481157064437866,1
17221,19,Falling Down,1,0.9661377668380737,1
17222,19,Falling Down,1,0.6219245791435242,1
17223,19,Falling Down,1,0.6667283177375793,1
17224,19,Falling Down,1,0.9495758414268494,1
17225,19,Falling Down,1,0.9743554592132568,1
17226,19,Falling Down,1,0.8695458769798279,1
17227,19,Falling Down,1,0.6781097054481506,1
17228,19,Falling Down,1,0.6534597277641296,1
17229,19,Falling Down,1,0.7391512393951416,1
17230,19,Falling Down,1,0.9780711531639099,1
17231,19,Falling Down,1,0.9585051536560059,1
17232,19,Falling Down,1,0.9031037092208862,1
17233,19,Falling Down,1,0.9495958089828491,1
17234,19,Falling Down,1,0.8445812463760376,1
17235,19,Falling Down,1,0.9204289317131042,1
17236,19,Falling Down,1,0.8689525127410889,1
17237,19,Falling Down,1,0.546819269657135,1
17238,19,Falling Down,1,0.944799542427063,1
17239,19,Falling Down,1,0.8738958239555359,1
17240,19,Falling Down,1,0.8528521060943604,1
17241,19,Falling Down,1,0.9561237096786499,1
17242,19,Falling Down,1,0.8439844846725464,1
17243,19,Falling Down,1,0.349762886762619,0
17244,19,Falling Down,1,0.7896520495414734,1
17245,19,Falling Down,1,0.9772639274597168,1
17246,19,Falling Down,1,0.8283639550209045,1
17247,19,Falling Down,1,0.7039841413497925,1
17248,19,Falling Down,1,0.9346895813941956,1
17249,19,Falling Down,1,0.9527440071105957,1
17250,19,Falling Down,1,0.44517239928245544,0
17251,19,Falling Down,1,0.7475488781929016,1
17252,19,Falling Down,1,0.8370177149772644,1
17253,19,Falling Down,1,0.26519519090652466,0
17254,19,Falling Down,1,0.9756389260292053,1
17255,19,Falling Down,1,0.9694672226905823,1
17256,19,Falling Down,1,0.930359423160553,1
17257,19,Falling Down,1,0.9311525225639343,1
17258,19,Falling Down,1,0.787518322467804,1
17259,19,Falling Down,1,0.2596588730812073,0
17260,19,Falling Down,1,0.9396212697029114,1
17261,19,Falling Down,1,0.8625150322914124,1
17262,19,Falling Down,1,0.22289583086967468,0
17263,19,Falling Down,1,0.8284552097320557,1
17264,19,Falling Down,1,0.8336998820304871,1
17265,19,Falling Down,1,0.09353505074977875,0
17266,19,Falling Down,1,0.7340216040611267,1
17267,19,Falling Down,1,0.5042555928230286,1
17268,19,Falling Down,1,0.2937230169773102,0
17269,19,Falling Down,1,0.8889500498771667,1
17270,19,Falling Down,1,0.9192406535148621,1
17271,19,Falling Down,1,0.9202601313591003,1
17272,19,Falling Down,1,0.9544627666473389,1
17273,19,Falling Down,1,0.6550884246826172,1
17274,19,Falling Down,1,0.5483887791633606,1
17275,19,Falling Down,1,0.9501529932022095,1
17276,19,Falling Down,1,0.8465360999107361,1
17277,19,Falling Down,1,0.9331169128417969,1
17278,19,Falling Down,1,0.9174903631210327,1
17279,19,Falling Down,1,0.9661997556686401,1
17280,19,Falling Down,1,0.6180412173271179,1
17281,19,Falling Down,1,0.7894453406333923,1
17282,19,Falling Down,1,0.8240088820457458,1
17283,19,Falling Down,1,0.8512331247329712,1
17284,19,Falling Down,1,0.8727620840072632,1
17285,19,Falling Down,1,0.8876646161079407,1
17286,19,Falling Down,1,0.5958513021469116,1
17287,19,Falling Down,1,0.8313310146331787,1
17288,19,Falling Down,1,0.8755149245262146,1
17289,19,Falling Down,1,0.6212633848190308,1
17290,19,Falling Down,1,0.6645398139953613,1
17291,19,Falling Down,1,0.8812422752380371,1
17292,19,Falling Down,1,0.9693426489830017,1
17293,19,Falling Down,1,0.9672775268554688,1
17294,19,Falling Down,1,0.8175267577171326,1
17295,19,Falling Down,1,0.8943702578544617,1
17296,19,Falling Down,1,0.8402441740036011,1
17297,19,Falling Down,1,0.942278265953064,1
17298,19,Falling Down,1,0.8248426914215088,1
17299,19,Falling Down,1,0.9215105175971985,1
17300,19,Falling Down,1,0.7160516381263733,1
17301,19,Falling Down,1,0.4640134572982788,0
17302,19,Falling Down,1,0.5914837121963501,1
17303,19,Falling Down,1,0.8022670745849609,1
17304,19,Falling Down,1,0.981590747833252,1
17305,19,Falling Down,1,0.9298607110977173,1
17306,19,Falling Down,1,0.8146305680274963,1
17307,19,Falling Down,1,0.9672594666481018,1
17308,19,Falling Down,1,0.6731722950935364,1
17309,19,Falling Down,1,0.38271379470825195,0
17310,19,Falling Down,1,0.9386778473854065,1
17311,19,Falling Down,1,0.9092745780944824,1
17312,19,Falling Down,1,0.6587083339691162,1
17313,19,Falling Down,1,0.9460638165473938,1
17314,19,Falling Down,1,0.7765180468559265,1
17315,19,Falling Down,1,0.46389225125312805,0
17316,19,Falling Down,1,0.9400876760482788,1
17317,19,Falling Down,1,0.8140912055969238,1
17318,19,Falling Down,1,0.8811423182487488,1
17319,19,Falling Down,1,0.9256903529167175,1
17320,19,Falling Down,1,0.4319572150707245,0
17321,19,Falling Down,1,0.7773101925849915,1
17322,19,Falling Down,1,0.9558876156806946,1
17323,19,Falling Down,1,0.7701371908187866,1
17324,19,Falling Down,1,0.9769158959388733,1
17325,19,Falling Down,1,0.7768217325210571,1
17326,19,Falling Down,1,0.9315948486328125,1
17327,19,Falling Down,1,0.7329787015914917,1
17328,19,Falling Down,1,0.9416208267211914,1
17329,19,Falling Down,1,0.24079959094524384,0
17330,19,Falling Down,1,0.8678549528121948,1
17331,19,Falling Down,1,0.8014824390411377,1
17332,19,Falling Down,1,0.6923942565917969,1
17333,19,Falling Down,1,0.23933036625385284,0
17334,19,Falling Down,1,0.9264105558395386,1
17335,19,Falling Down,1,0.944525420665741,1
17336,19,Falling Down,1,0.9531816840171814,1
17337,19,Falling Down,1,0.9692894816398621,1
17338,19,Falling Down,1,0.8202562928199768,1
17339,19,Falling Down,1,0.9305539727210999,1
17340,19,Falling Down,1,0.9824351668357849,1
17341,19,Falling Down,1,0.9159100651741028,1
17342,19,Falling Down,1,0.9334099292755127,1
17343,19,Falling Down,1,0.9674035906791687,1
17344,19,Falling Down,1,0.8680311441421509,1
17345,19,Falling Down,1,0.3461019694805145,0
17346,19,Falling Down,1,0.6362019777297974,1
17347,19,Falling Down,1,0.9735965132713318,1
17348,19,Falling Down,1,0.8383277654647827,1
17349,19,Falling Down,1,0.20657359063625336,0
17350,19,Falling Down,1,0.7211462259292603,1
17351,19,Falling Down,1,0.7738669514656067,1
17352,19,Falling Down,1,0.24419106543064117,0
17353,19,Falling Down,1,0.38653674721717834,0
17354,19,Falling Down,1,0.21627835929393768,0
17355,19,Falling Down,1,0.9034273028373718,1
17356,19,Falling Down,1,0.9569072723388672,1
17357,19,Falling Down,1,0.505760908126831,1
17358,19,Falling Down,1,0.7054827213287354,1
17359,19,Falling Down,1,0.853345513343811,1
17360,19,Falling Down,1,0.6526380181312561,1
17361,19,Falling Down,1,0.4817301630973816,0
17362,19,Falling Down,1,0.49449971318244934,0
17363,19,Falling Down,1,0.8747168183326721,1
17364,19,Falling Down,1,0.9691810607910156,1
17365,19,Falling Down,1,0.955070972442627,1
17366,19,Falling Down,1,0.9605864882469177,1
17367,19,Falling Down,1,0.9849395751953125,1
17368,19,Falling Down,1,0.7365661263465881,1
17369,19,Falling Down,1,0.979397714138031,1
17370,19,Falling Down,1,0.9489442110061646,1
17371,19,Falling Down,1,0.9524416327476501,1
17372,19,Falling Down,1,0.8253052234649658,1
17373,19,Falling Down,1,0.8519450426101685,1
17374,19,Falling Down,1,0.872140109539032,1
17375,19,Falling Down,1,0.4282306134700775,0
17376,19,Falling Down,1,0.939324140548706,1
17377,19,Falling Down,1,0.8300526738166809,1
17378,19,Falling Down,1,0.9460078477859497,1
17379,19,Falling Down,1,0.8637955784797668,1
17380,19,Falling Down,1,0.7753103375434875,1
17381,19,Falling Down,1,0.6884222030639648,1
17382,19,Falling Down,1,0.6461355686187744,1
17383,19,Falling Down,1,0.8092105984687805,1
17384,19,Falling Down,1,0.7619876861572266,1
17385,19,Falling Down,1,0.8802879452705383,1
17386,19,Falling Down,1,0.7357049584388733,1
17387,19,Falling Down,1,0.3669601082801819,0
17388,19,Falling Down,1,0.8854044675827026,1
17389,19,Falling Down,1,0.944580078125,1
17390,19,Falling Down,1,0.8848872184753418,1
17391,19,Falling Down,1,0.8575387597084045,1
17392,19,Falling Down,1,0.2547648549079895,0
17393,19,Falling Down,1,0.5085897445678711,1
17394,19,Falling Down,1,0.8223434686660767,1
17395,19,Falling Down,1,0.7044472694396973,1
17396,19,Falling Down,1,0.7466118335723877,1
17397,19,Falling Down,1,0.9690208435058594,1
17398,19,Falling Down,1,0.8708508014678955,1
17399,19,Falling Down,1,0.4225914776325226,0
17400,19,Falling Down,1,0.9447380900382996,1
17401,19,Falling Down,1,0.7607254981994629,1
17402,19,Falling Down,1,0.8048127293586731,1
17403,19,Falling Down,1,0.9653146266937256,1
17404,19,Falling Down,1,0.7529201507568359,1
17405,19,Falling Down,1,0.6121953725814819,1
17406,20,Falling Down,1,0.9664961695671082,1
17407,20,Falling Down,1,0.6884205341339111,1
17408,20,Falling Down,1,0.4807756543159485,0
17409,20,Falling Down,1,0.9274879097938538,1
17410,20,Falling Down,1,0.8001982569694519,1
17411,20,Falling Down,1,0.483590692281723,0
17412,20,Falling Down,1,0.7016807794570923,1
17413,20,Falling Down,1,0.6109806895256042,1
17414,20,Falling Down,1,0.9386178851127625,1
17415,20,Falling Down,1,0.8242248892784119,1
17416,20,Falling Down,1,0.2642687261104584,0
17417,20,Falling Down,1,0.26874440908432007,0
17418,20,Falling Down,1,0.9393745064735413,1
17419,20,Falling Down,1,0.9846753478050232,1
17420,20,Falling Down,1,0.9135698080062866,1
17421,20,Falling Down,1,0.9402875304222107,1
17422,20,Falling Down,1,0.5894690752029419,1
17423,20,Falling Down,1,0.9299428462982178,1
17424,20,Falling Down,1,0.9738896489143372,1
17425,20,Falling Down,1,0.6523529291152954,1
17426,20,Falling Down,1,0.3610956370830536,0
17427,20,Falling Down,1,0.5627031326293945,1
17428,20,Falling Down,1,0.9390246868133545,1
17429,20,Falling Down,1,0.7796210646629333,1
17430,20,Falling Down,1,0.38686051964759827,0
17431,20,Falling Down,1,0.662652850151062,1
17432,20,Falling Down,1,0.7829676270484924,1
17433,20,Falling Down,1,0.7980124354362488,1
17434,20,Falling Down,1,0.3371393382549286,0
17435,20,Falling Down,1,0.683036208152771,1
17436,20,Falling Down,1,0.8370554447174072,1
17437,20,Falling Down,1,0.8028106093406677,1
17438,20,Falling Down,1,0.4997312128543854,0
17439,20,Falling Down,1,0.8825870752334595,1
17440,20,Falling Down,1,0.17090657353401184,0
17441,20,Falling Down,1,0.879569411277771,1
17499,22,Falling Down,1,0.7448246479034424,1
17500,22,Falling Down,1,0.9696406722068787,1
17501,22,Falling Down,1,0.8411766290664673,1
17502,22,Falling Down,1,0.800889253616333,1
17503,22,Falling Down,1,0.8781705498695374,1
17504,22,Falling Down,1,0.8698312044143677,1
17505,22,Falling Down,1,0.9441157579421997,1
17506,22,Falling Down,1,0.5763142108917236,1
17507,22,Falling Down,1,0.7635195255279541,1
17508,22,Falling Down,1,0.8779253363609314,1
17509,22,Falling Down,1,0.2967108190059662,0
17510,22,Falling Down,1,0.3963806927204132,0
17511,22,Falling Down,1,0.5688506364822388,1
17512,22,Falling Down,1,0.9193016290664673,1
17513,22,Falling Down,1,0.947117269039154,1
17514,22,Falling Down,1,0.9201297760009766,1
17515,22,Falling Down,1,0.5735322833061218,1
17516,22,Falling Down,1,0.9864707589149475,1
17517,22,Falling Down,1,0.8615469932556152,1
17518,22,Falling Down,1,0.3290187418460846,0
17519,22,Falling Down,1,0.3270726799964905,0
17520,22,Falling Down,1,0.8595166802406311,1
17521,22,Falling Down,1,0.9453330039978027,1
17522,22,Falling Down,1,0.6098620891571045,1
17523,23,Falling Down,1,0.74732506275177,1
17524,23,Falling Down,1,0.7642607092857361,1
17525,23,Falling Down,1,0.7786955237388611,1
17526,23,Falling Down,1,0.3568662405014038,0
17527,23,Falling Down,1,0.3337846100330353,0
17528,23,Falling Down,1,0.8303249478340149,1
17529,23,Falling Down,1,0.7774763703346252,1
17530,23,Falling Down,1,0.6775559186935425,1
17531,23,Falling Down,1,0.6472049951553345,1
17532,23,Falling Down,1,0.755231499671936,1
17533,23,Falling Down,1,0.9833146333694458,1
17534,23,Falling Down,1,0.908087968826294,1
17535,23,Falling Down,1,0.8130029439926147,1
17536,23,Falling Down,1,0.9783948659896851,1
17537,23,Falling Down,1,0.6508004069328308,1
17538,23,Falling Down,1,0.5588549971580505,1
17539,23,Falling Down,1,0.6793396472930908,1
17540,23,Falling Down,1,0.2864152193069458,0
17541,24,Falling Down,1,0.9268501400947571,1
17542,24,Falling Down,1,0.8769318461418152,1
17543,24,Falling Down,1,0.8766340017318726,1
17544,24,Falling Down,1,0.7625751495361328,1
17545,24,Falling Down,1,0.9126894474029541,1
17546,24,Falling Down,1,0.6621373891830444,1
17547,24,Falling Down,1,0.7474885582923889,1
17548,24,Falling Down,1,0.38558030128479004,0
17549,24,Falling Down,1,0.9042428135871887,1
17550,24,Falling Down,1,0.8067250847816467,1
17551,24,Falling Down,1,0.8006108403205872,1
17552,24,Falling Down,1,0.9525622725486755,1
17553,24,Falling Down,1,0.8902485966682434,1
17554,24,Falling Down,1,0.9462722539901733,1
17555,24,Falling Down,1,0.8994265794754028,1
17556,24,Falling Down,1,0.8876343369483948,1
17557,24,Falling Down,1,0.9586314558982849,1
17558,24,Falling Down,1,0.9711342453956604,1
17559,24,Falling Down,1,0.8705106377601624,1
17560,24,Falling Down,1,0.36160147190093994,0
17561,24,Falling Down,1,0.728440523147583,1
17562,24,Falling Down,1,0.7317704558372498,1
17563,24,Falling Down,1,0.8518638014793396,1
17564,24,Falling Down,1,0.8962085843086243,1
17882,29,Falling Down,1,0.046761028468608856,0
17883,29,Falling Down,1,0.9053736329078674,1
17884,29,Falling Down,1,0.9094057679176331,1
17885,29,Falling Down,1,0.9245954751968384,1
17886,29,Falling Down,1,0.7581326961517334,1
17887,29,Falling Down,1,0.9160102009773254,1
17888,29,Falling Down,1,0.7043184041976929,1
17889,29,Falling Down,1,0.8452026844024658,1
17890,29,Falling Down,1,0.6448128819465637,1
17891,29,Falling Down,1,0.8722344040870667,1
17892,29,Falling Down,1,0.960575520992279,1
17893,29,Falling Down,1,0.8979660868644714,1
17894,29,Falling Down,1,0.941262423992157,1
17895,29,Falling Down,1,0.9108496308326721,1
17896,29,Falling Down,1,0.8825316429138184,1
17897,29,Falling Down,1,0.9051912426948547,1
17898,29,Falling Down,1,0.9603108167648315,1
17899,29,Falling Down,1,0.8215973377227783,1
17900,29,Falling Down,1,0.58814537525177,1
17901,29,Falling Down,1,0.6551360487937927,1
17902,29,Falling Down,1,0.8571071624755859,1
17903,30,Falling Down,1,0.2030385285615921,0
17904,30,Falling Down,1,0.9011436104774475,1
17905,30,Falling Down,1,0.46354854106903076,0
17906,30,Falling Down,1,0.7915933132171631,1
17907,30,Falling Down,1,0.07011996954679489,0
17908,30,Falling Down,1,0.956789493560791,1
17909,30,Falling Down,1,0.9338499903678894,1
17910,30,Falling Down,1,0.6611818075180054,1
17911,30,Falling Down,1,0.9619998335838318,1
17912,30,Falling Down,1,0.8017275929450989,1
17913,30,Falling Down,1,0.5715076923370361,1
17914,30,Falling Down,1,0.9092298150062561,1
17915,30,Falling Down,1,0.4921427071094513,0
17916,30,Falling Down,1,0.8267010450363159,1
17917,30,Falling Down,1,0.7753334045410156,1
17918,30,Falling Down,1,0.22025002539157867,0
17919,30,Falling Down,1,0.2745245099067688,0
17920,30,Falling Down,1,0.3369590640068054,0
17921,30,Falling Down,1,0.3047882914543152,0
17922,30,Falling Down,1,0.26946261525154114,0
17923,30,Falling Down,1,0.24053485691547394,0
17924,31,Falling Down,1,0.11076318472623825,0
17925,31,Falling Down,1,0.9688333868980408,1
17926,31,Falling Down,1,0.7416735291481018,1
17927,31,Falling Down,1,0.7511507868766785,1
17928,31,Falling Down,1,0.9329186081886292,1
17929,31,Falling Down,1,0.20024541020393372,0
17930,31,Falling Down,1,0.5611510276794434,1
17931,31,Falling Down,1,0.44781842827796936,0
17932,31,Falling Down,1,0.7638678550720215,1
17933,31,Falling Down,1,0.7157509922981262,1
17934,31,Falling Down,1,0.6474388241767883,1
17935,31,Falling Down,1,0.9016765356063843,1
17936,31,Falling Down,1,0.24366112053394318,0
17937,31,Falling Down,1,0.21404387056827545,0
17938,31,Falling Down,1,0.7317647933959961,1
17939,31,Falling Down,1,0.8985426425933838,1
17940,31,Falling Down,1,0.8720766305923462,1
17941,31,Falling Down,1,0.8033571243286133,1
17942,31,Falling Down,1,0.7077158689498901,1
17943,31,Falling Down,1,0.3512653112411499,0
17944,31,Falling Down,1,0.41416022181510925,0
17945,31,Falling Down,1,0.7146849632263184,1
17946,31,Falling Down,1,0.8682028651237488,1
17947,31,Falling Down,1,0.6241465210914612,1
17948,32,Falling Down,1,0.9027444124221802,1
17949,32,Falling Down,1,0.9770370125770569,1
17950,32,Falling Down,1,0.8142990469932556,1
17951,32,Falling Down,1,0.6850081086158752,1
17952,32,Falling Down,1,0.8431814908981323,1
17953,32,Falling Down,1,0.8626912832260132,1
17954,32,Falling Down,1,0.6159783601760864,1
17955,32,Falling Down,1,0.3550206422805786,0
17956,32,Falling Down,1,0.8990944623947144,1
17957,32,Falling Down,1,0.8055839538574219,1
17958,32,Falling Down,1,0.5047661662101746,1
17959,32,Falling Down,1,0.5538206100463867,1
17960,32,Falling Down,1,0.8494879603385925,1
17961,32,Falling Down,1,0.9509589672088623,1
17962,32,Falling Down,1,0.9196683764457703,1
17963,32,Falling Down,1,0.47866007685661316,0
17964,32,Falling Down,1,0.9013530611991882,1
17965,32,Falling Down,1,0.9562907218933105,1
17966,32,Falling Down,1,0.9066499471664429,1
17967,32,Falling Down,1,0.9041013717651367,1
17968,32,Falling Down,1,0.788579523563385,1
17969,32,Falling Down,1,0.3832874000072479,0
17970,32,Falling Down,1,0.9712128043174744,1
17971,32,Falling Down,1,0.909985363483429,1
17972,32,Falling Down,1,0.9440078735351562,1
17973,32,Falling Down,1,0.7749336361885071,1
17974,32,Falling Down,1,0.7320135831832886,1
17998,34,Falling Down,1,0.6036138534545898,1
17999,34,Falling Down,1,0.6717923879623413,1
18000,34,Falling Down,1,0.955583393573761,1
18001,34,Falling Down,1,0.9519429802894592,1
18002,34,Falling Down,1,0.9200294613838196,1
18003,34,Falling Down,1,0.60447096824646,1
18004,34,Falling Down,1,0.9088028073310852,1
18005,34,Falling Down,1,0.9409787058830261,1
18006,34,Falling Down,1,0.8344555497169495,1
18007,34,Falling Down,1,0.7171387076377869,1
18008,34,Falling Down,1,0.9577763080596924,1
18009,34,Falling Down,1,0.8477115631103516,1
18010,34,Falling Down,1,0.569654643535614,1
18011,34,Falling Down,1,0.9322990775108337,1
18012,34,Falling Down,1,0.9064668416976929,1
18013,34,Falling Down,1,0.6205843091011047,1
18014,34,Falling Down,1,0.42924314737319946,0
18015,34,Falling Down,1,0.29704993963241577,0
18016,34,Falling Down,1,0.9535530209541321,1
18017,34,Falling Down,1,0.9635658860206604,1
18018,35,Falling Down,1,0.886954128742218,1
18019,35,Falling Down,1,0.8857851028442383,1
18020,35,Falling Down,1,0.2613874077796936,0
18021,35,Falling Down,1,0.7571294903755188,1
18022,35,Falling Down,1,0.9591882824897766,1
18023,35,Falling Down,1,0.9689573645591736,1
18024,35,Falling Down,1,0.5377716422080994,1
18025,35,Falling Down,1,0.963556170463562,1
18026,35,Falling Down,1,0.6762180924415588,1
18027,35,Falling Down,1,0.3725550174713135,0
18028,35,Falling Down,1,0.5047147274017334,1
18029,35,Falling Down,1,0.5577029585838318,1
18030,36,Falling Down,1,0.11890476197004318,0
18031,36,Falling Down,1,0.8795527815818787,1
18032,36,Falling Down,1,0.46593594551086426,0
18033,36,Falling Down,1,0.8898861408233643,1
18034,36,Falling Down,1,0.8362030982971191,1
18035,36,Falling Down,1,0.9880361557006836,1
18036,36,Falling Down,1,0.2238931506872177,0
18037,36,Falling Down,1,0.9923020601272583,1
18038,36,Falling Down,1,0.8918564319610596,1
18039,36,Falling Down,1,0.5660999417304993,1
18040,36,Falling Down,1,0.9911360740661621,1
18041,36,Falling Down,1,0.9745386838912964,1
18042,36,Falling Down,1,0.9262892603874207,1
18043,36,Falling Down,1,0.9017147421836853,1
18044,36,Falling Down,1,0.6839601993560791,1
18107,38,Falling Down,1,0.9764159321784973,1
18108,38,Falling Down,1,0.7954217195510864,1
18109,38,Falling Down,1,0.9019573926925659,1
18110,38,Falling Down,1,0.7803894877433777,1
18111,38,Falling Down,1,0.8802334666252136,1
18112,38,Falling Down,1,0.7840895056724548,1
18113,38,Falling Down,1,0.7347901463508606,1
18114,38,Falling Down,1,0.3697379231452942,0
18115,38,Falling Down,1,0.9426029324531555,1
18116,38,Falling Down,1,0.883159339427948,1
18117,38,Falling Down,1,0.8972674608230591,1
18118,38,Falling Down,1,0.8519011735916138,1
18147,40,Falling Down,1,0.9620412588119507,1
18148,40,Falling Down,1,0.5915870666503906,1
18149,40,Falling Down,1,0.8349733352661133,1
18150,40,Falling Down,1,0.900006890296936,1
18151,40,Falling Down,1,0.7966715693473816,1
18152,40,Falling Down,1,0.7788479924201965,1
18153,40,Falling Down,1,0.5801100134849548,1
18154,40,Falling Down,1,0.6631050705909729,1
18155,40,Falling Down,1,0.9369166493415833,1
18156,40,Falling Down,1,0.7429974675178528,1
18157,40,Falling Down,1,0.5536542534828186,1
18158,40,Falling Down,1,0.7543480396270752,1
18282,2,Touch Chest,1,0.7560374140739441,1
18283,2,Touch Chest,1,0.22586262226104736,0
18284,2,Touch Chest,1,0.3650898337364197,0
18285,2,Touch Chest,1,0.5876377820968628,1
18286,2,Touch Chest,1,0.5262109041213989,1
18287,2,Touch Chest,1,0.5116124153137207,1
18288,2,Touch Chest,1,0.713100254535675,1
18289,2,Touch Chest,1,0.5018519759178162,1
18290,2,Touch Chest,1,0.3636263608932495,0
18291,2,Touch Chest,1,0.3879140019416809,0
18292,2,Touch Chest,1,0.4221336543560028,0
18293,2,Touch Chest,1,0.3995482325553894,0
18294,2,Touch Chest,1,0.8939424753189087,1
18295,2,Touch Chest,1,0.7077166438102722,1
18296,2,Touch Chest,1,0.5526893138885498,1
18297,2,Touch Chest,1,0.4895228147506714,0
18298,2,Touch Chest,1,0.4583025276660919,0
18299,2,Touch Chest,1,0.6637065410614014,1
18300,2,Touch Chest,1,0.5999637246131897,1
18301,2,Touch Chest,1,0.02197478525340557,0
18302,2,Touch Chest,1,0.029293250292539597,0
18303,2,Touch Chest,1,0.25029465556144714,0
18304,2,Touch Chest,1,0.23725886642932892,0
18305,2,Touch Chest,1,0.5343696475028992,1
18306,2,Touch Chest,1,0.7180802822113037,1
18307,2,Touch Chest,1,0.3127603828907013,0
18308,2,Touch Chest,1,0.3620157241821289,0
18309,2,Touch Chest,1,0.5354078412055969,1
18310,2,Touch Chest,1,0.9098029732704163,1
18311,2,Touch Chest,1,0.8437540531158447,1
18312,2,Touch Chest,1,0.6969597935676575,1
18313,2,Touch Chest,1,0.4815613925457001,0
18314,2,Touch Chest,1,0.4223097860813141,0
18315,2,Touch Chest,1,0.21123512089252472,0
18316,2,Touch Chest,1,0.42297258973121643,0
18317,2,Touch Chest,1,0.9665094614028931,1
18318,2,Touch Chest,1,0.6654136180877686,1
18319,2,Touch Chest,1,0.7215961217880249,1
18320,2,Touch Chest,1,0.4268905222415924,0
18321,2,Touch Chest,1,0.36925703287124634,0
18322,2,Touch Chest,1,0.7783129811286926,1
18323,2,Touch Chest,1,0.5271599292755127,1
18324,2,Touch Chest,1,0.3660600781440735,0
18325,2,Touch Chest,1,0.14025574922561646,0
18326,2,Touch Chest,1,0.381691575050354,0
18327,2,Touch Chest,1,0.11171602457761765,0
18328,2,Touch Chest,1,0.010191554203629494,0
18329,2,Touch Chest,1,0.04773382470011711,0
18330,2,Touch Chest,1,0.07442378252744675,0
18331,2,Touch Chest,1,0.0706101804971695,0
18332,2,Touch Chest,1,0.06311849504709244,0
18333,2,Touch Chest,1,0.33455607295036316,0
18334,2,Touch Chest,1,0.427033394575119,0
18335,2,Touch Chest,1,0.685589075088501,1
18336,2,Touch Chest,1,0.9571219086647034,1
18337,2,Touch Chest,1,0.8888127207756042,1
18338,2,Touch Chest,1,0.4238758385181427,0
18339,2,Touch Chest,1,0.8980827331542969,1
18340,2,Touch Chest,1,0.9023176431655884,1
18341,2,Touch Chest,1,0.49123615026474,0
18342,2,Touch Chest,1,0.6595607995986938,1
18343,2,Touch Chest,1,0.7486390471458435,1
18344,2,Touch Chest,1,0.5677576065063477,1
18345,2,Touch Chest,1,0.9298054575920105,1
18346,2,Touch Chest,1,0.8317670822143555,1
18347,2,Touch Chest,1,0.6508774161338806,1
18348,2,Touch Chest,1,0.6058735847473145,1
18349,2,Touch Chest,1,0.8060874342918396,1
18350,2,Touch Chest,1,0.5713286399841309,1
18351,2,Touch Chest,1,0.49770838022232056,0
18352,2,Touch Chest,1,0.9361460208892822,1
18353,2,Touch Chest,1,0.9249852299690247,1
18354,2,Touch Chest,1,0.5142252445220947,1
18355,2,Touch Chest,1,0.5938462018966675,1
18356,2,Touch Chest,1,0.49613887071609497,0
18357,2,Touch Chest,1,0.8137754201889038,1
18358,2,Touch Chest,1,0.7064251899719238,1
18359,2,Touch Chest,1,0.43183836340904236,0
18360,2,Touch Chest,1,0.6266940236091614,1
18361,2,Touch Chest,1,0.6023024320602417,1
18362,2,Touch Chest,1,0.45641329884529114,0
18363,2,Touch Chest,1,0.4164135754108429,0
18364,2,Touch Chest,1,0.5653650164604187,1
18365,2,Touch Chest,1,0.18902824819087982,0
18471,4,Touch Chest,1,0.6274036765098572,1
18472,4,Touch Chest,1,0.9344403147697449,1
18473,4,Touch Chest,1,0.9503995180130005,1
18474,4,Touch Chest,1,0.8283305764198303,1
18475,4,Touch Chest,1,0.9813557267189026,1
18476,4,Touch Chest,1,0.9620017409324646,1
18477,4,Touch Chest,1,0.8840013742446899,1
18478,4,Touch Chest,1,0.9914122819900513,1
18479,4,Touch Chest,1,0.9798076152801514,1
18480,4,Touch Chest,1,0.849429726600647,1
18481,4,Touch Chest,1,0.7760249972343445,1
18482,4,Touch Chest,1,0.17198140919208527,0
18483,4,Touch Chest,1,0.07620064169168472,0
18484,4,Touch Chest,1,0.24451373517513275,0
18485,4,Touch Chest,1,0.3839626908302307,0
18486,4,Touch Chest,1,0.21933631598949432,0
18487,4,Touch Chest,1,0.17623628675937653,0
18488,4,Touch Chest,1,0.9290757179260254,1
18489,4,Touch Chest,1,0.8052204847335815,1
18490,4,Touch Chest,1,0.5933326482772827,1
18491,4,Touch Chest,1,0.4651772379875183,0
18492,4,Touch Chest,1,0.271200567483902,0
18493,4,Touch Chest,1,0.9325510263442993,1
18494,4,Touch Chest,1,0.9100579023361206,1
18495,4,Touch Chest,1,0.9499238133430481,1
18496,4,Touch Chest,1,0.1751769483089447,0
18497,4,Touch Chest,1,0.9465404748916626,1
18498,4,Touch Chest,1,0.6023887395858765,1
18499,4,Touch Chest,1,0.6027756333351135,1
18500,4,Touch Chest,1,0.3873741030693054,0
18501,4,Touch Chest,1,0.804670512676239,1
18502,4,Touch Chest,1,0.7523097395896912,1
18503,4,Touch Chest,1,0.7740009427070618,1
18504,4,Touch Chest,1,0.8695109486579895,1
18505,4,Touch Chest,1,0.7676640152931213,1
18506,4,Touch Chest,1,0.37300387024879456,0
18507,4,Touch Chest,1,0.5702412724494934,1
18508,4,Touch Chest,1,0.9683824181556702,1
18509,4,Touch Chest,1,0.6815141439437866,1
18510,4,Touch Chest,1,0.3914693593978882,0
18511,4,Touch Chest,1,0.3041847050189972,0
18512,4,Touch Chest,1,0.29805049300193787,0
18513,5,Touch Chest,1,0.6834750175476074,1
18514,5,Touch Chest,1,0.1737213283777237,0
18515,5,Touch Chest,1,0.5071597099304199,1
18516,5,Touch Chest,1,0.6578991413116455,1
18517,5,Touch Chest,1,0.515475869178772,1
18518,5,Touch Chest,1,0.790424108505249,1
18519,5,Touch Chest,1,0.8880034685134888,1
18520,5,Touch Chest,1,0.8050548434257507,1
18521,5,Touch Chest,1,0.9758970141410828,1
18522,5,Touch Chest,1,0.7421891689300537,1
18523,5,Touch Chest,1,0.6424321532249451,1
18524,5,Touch Chest,1,0.8625577688217163,1
18525,5,Touch Chest,1,0.5470688939094543,1
18526,5,Touch Chest,1,0.5570827722549438,1
18527,5,Touch Chest,1,0.5680394768714905,1
18528,5,Touch Chest,1,0.7646889090538025,1
18529,5,Touch Chest,1,0.8344380259513855,1
18530,5,Touch Chest,1,0.8043017983436584,1
18531,5,Touch Chest,1,0.011067947372794151,0
18532,5,Touch Chest,1,0.1960504800081253,0
18533,5,Touch Chest,1,0.15085464715957642,0
18534,6,Touch Chest,1,0.9591222405433655,1
18535,6,Touch Chest,1,0.9968960285186768,1
18536,6,Touch Chest,1,0.9927923679351807,1
18537,6,Touch Chest,1,0.25357192754745483,0
18538,6,Touch Chest,1,0.8318972587585449,1
18539,6,Touch Chest,1,0.977311909198761,1
18540,6,Touch Chest,1,0.9783926010131836,1
18541,6,Touch Chest,1,0.9977259039878845,1
18542,6,Touch Chest,1,0.9853675961494446,1
18543,6,Touch Chest,1,0.9061448574066162,1
18544,6,Touch Chest,1,0.9576396346092224,1
18545,6,Touch Chest,1,0.9757044315338135,1
18546,6,Touch Chest,1,0.9745444655418396,1
18547,6,Touch Chest,1,0.8158314228057861,1
18548,6,Touch Chest,1,0.9652731418609619,1
18549,6,Touch Chest,1,0.860847532749176,1
18550,6,Touch Chest,1,0.858522891998291,1
18551,6,Touch Chest,1,0.5341264605522156,1
18552,6,Touch Chest,1,0.8907027244567871,1
18553,6,Touch Chest,1,0.9618122577667236,1
18554,6,Touch Chest,1,0.9819915890693665,1
18555,7,Touch Chest,1,0.8137155771255493,1
18556,7,Touch Chest,1,0.9698410034179688,1
18557,7,Touch Chest,1,0.990875244140625,1
18558,7,Touch Chest,1,0.9579075574874878,1
18559,7,Touch Chest,1,0.7973325252532959,1
18560,7,Touch Chest,1,0.6456146836280823,1
18561,7,Touch Chest,1,0.9484407901763916,1
18562,7,Touch Chest,1,0.9536140561103821,1
18563,7,Touch Chest,1,0.9332976341247559,1
18564,7,Touch Chest,1,0.7477102279663086,1
18565,7,Touch Chest,1,0.7809498310089111,1
18566,7,Touch Chest,1,0.9686276316642761,1
18567,7,Touch Chest,1,0.9825917482376099,1
18568,7,Touch Chest,1,0.9448975920677185,1
18569,7,Touch Chest,1,0.7494627833366394,1
18570,7,Touch Chest,1,0.951911211013794,1
18571,7,Touch Chest,1,0.9861494302749634,1
18572,7,Touch Chest,1,0.9893063902854919,1
18573,7,Touch Chest,1,0.9945963025093079,1
18574,7,Touch Chest,1,0.352718323469162,0
18575,7,Touch Chest,1,0.8128167986869812,1
18576,7,Touch Chest,1,0.8926371932029724,1
18577,7,Touch Chest,1,0.9501396417617798,1
18578,7,Touch Chest,1,0.8370015025138855,1
18579,7,Touch Chest,1,0.9804553389549255,1
18580,7,Touch Chest,1,0.9813979864120483,1
18581,7,Touch Chest,1,0.9635236263275146,1
18582,7,Touch Chest,1,0.9096946120262146,1
18583,7,Touch Chest,1,0.9029137492179871,1
18584,7,Touch Chest,1,0.855530321598053,1
18585,7,Touch Chest,1,0.9629303216934204,1
18586,7,Touch Chest,1,0.87260901927948,1
18587,7,Touch Chest,1,0.9315381050109863,1
18588,7,Touch Chest,1,0.8243882656097412,1
18589,7,Touch Chest,1,0.6867600083351135,1
18590,7,Touch Chest,1,0.8321982026100159,1
18591,7,Touch Chest,1,0.9564473032951355,1
18592,7,Touch Chest,1,0.9564155340194702,1
18593,7,Touch Chest,1,0.9849023222923279,1
18594,7,Touch Chest,1,0.7247230410575867,1
18595,7,Touch Chest,1,0.8772044777870178,1
18596,7,Touch Chest,1,0.7680726647377014,1
18597,7,Touch Chest,1,0.8374482989311218,1
18598,7,Touch Chest,1,0.8420442342758179,1
18599,7,Touch Chest,1,0.8731078505516052,1
18600,7,Touch Chest,1,0.694144070148468,1
18601,7,Touch Chest,1,0.8813542127609253,1
18602,7,Touch Chest,1,0.8531222939491272,1
18603,7,Touch Chest,1,0.8955533504486084,1
18604,7,Touch Chest,1,0.8883230686187744,1
18605,7,Touch Chest,1,0.7506800889968872,1
18606,7,Touch Chest,1,0.8067665696144104,1
18607,7,Touch Chest,1,0.9614635705947876,1
18608,7,Touch Chest,1,0.927608847618103,1
18609,7,Touch Chest,1,0.8396622538566589,1
18610,7,Touch Chest,1,0.9062568545341492,1
18611,7,Touch Chest,1,0.5204238891601562,1
18612,7,Touch Chest,1,0.362905353307724,0
18613,7,Touch Chest,1,0.6500149965286255,1
18614,7,Touch Chest,1,0.8498606085777283,1
18615,7,Touch Chest,1,0.4997650384902954,0
18616,7,Touch Chest,1,0.44008925557136536,0
18617,7,Touch Chest,1,0.3750818371772766,0
18618,7,Touch Chest,1,0.8100208044052124,1
18619,7,Touch Chest,1,0.6573716402053833,1
18620,7,Touch Chest,1,0.31913232803344727,0
18621,7,Touch Chest,1,0.08959275484085083,0
18622,7,Touch Chest,1,0.39183056354522705,0
18623,7,Touch Chest,1,0.5277484655380249,1
18624,7,Touch Chest,1,0.1933763474225998,0
18625,7,Touch Chest,1,0.08386912941932678,0
18626,7,Touch Chest,1,0.5209624767303467,1
18627,7,Touch Chest,1,0.15836165845394135,0
18628,7,Touch Chest,1,0.04374760761857033,0
18629,7,Touch Chest,1,0.0636899396777153,0
18630,7,Touch Chest,1,0.7410950064659119,1
18631,7,Touch Chest,1,0.9741060733795166,1
18632,7,Touch Chest,1,0.5158888697624207,1
18633,7,Touch Chest,1,0.9206198453903198,1
18634,7,Touch Chest,1,0.7240084409713745,1
18635,7,Touch Chest,1,0.9141864776611328,1
18636,7,Touch Chest,1,0.09661511331796646,0
18637,7,Touch Chest,1,0.1161782518029213,0
18638,7,Touch Chest,1,0.4747059643268585,0
18639,7,Touch Chest,1,0.8885557651519775,1
18640,7,Touch Chest,1,0.8967991471290588,1
18641,7,Touch Chest,1,0.8241941928863525,1
18642,7,Touch Chest,1,0.22000722587108612,0
18643,7,Touch Chest,1,0.5379871726036072,1
18644,7,Touch Chest,1,0.743985116481781,1
18645,7,Touch Chest,1,0.49184009432792664,0
18646,7,Touch Chest,1,0.11008386313915253,0
18647,7,Touch Chest,1,0.12401164323091507,0
18648,7,Touch Chest,1,0.10529486835002899,0
18649,7,Touch Chest,1,0.570456862449646,1
18650,7,Touch Chest,1,0.5080859065055847,1
18651,7,Touch Chest,1,0.805332601070404,1
18652,7,Touch Chest,1,0.44423073530197144,0
18653,7,Touch Chest,1,0.596904993057251,1
18654,7,Touch Chest,1,0.6790285706520081,1
18655,7,Touch Chest,1,0.22552825510501862,0
18656,7,Touch Chest,1,0.3276086449623108,0
18657,7,Touch Chest,1,0.33887219429016113,0
18658,7,Touch Chest,1,0.6313592791557312,1
18659,7,Touch Chest,1,0.9771139025688171,1
18660,7,Touch Chest,1,0.9923884272575378,1
18661,7,Touch Chest,1,0.9772689342498779,1
18662,7,Touch Chest,1,0.9187476634979248,1
18663,7,Touch Chest,1,0.8434306979179382,1
18664,7,Touch Chest,1,0.6452796459197998,1
18665,7,Touch Chest,1,0.5825827717781067,1
18666,7,Touch Chest,1,0.980046808719635,1
18667,7,Touch Chest,1,0.9457830786705017,1
18668,7,Touch Chest,1,0.9718074798583984,1
18669,7,Touch Chest,1,0.9035559296607971,1
18670,7,Touch Chest,1,0.9709423780441284,1
18671,7,Touch Chest,1,0.98223876953125,1
18672,7,Touch Chest,1,0.9449265599250793,1
18673,7,Touch Chest,1,0.9232336282730103,1
18674,7,Touch Chest,1,0.8797621726989746,1
18675,7,Touch Chest,1,0.7951656579971313,1
18676,7,Touch Chest,1,0.9131912589073181,1
18677,7,Touch Chest,1,0.8966240882873535,1
18678,7,Touch Chest,1,0.9196963906288147,1
18679,7,Touch Chest,1,0.7887795567512512,1
18680,7,Touch Chest,1,0.7338494658470154,1
18681,7,Touch Chest,1,0.26006650924682617,0
18682,7,Touch Chest,1,0.8691954612731934,1
18683,7,Touch Chest,1,0.9538016319274902,1
18684,7,Touch Chest,1,0.9603621959686279,1
18685,7,Touch Chest,1,0.9668735861778259,1
18686,7,Touch Chest,1,0.9430398344993591,1
18687,7,Touch Chest,1,0.9682658314704895,1
18688,7,Touch Chest,1,0.9707029461860657,1
18689,7,Touch Chest,1,0.9683544635772705,1
18690,7,Touch Chest,1,0.8710073232650757,1
18691,7,Touch Chest,1,0.7682368159294128,1
18692,7,Touch Chest,1,0.8839632868766785,1
18693,7,Touch Chest,1,0.450907826423645,0
18694,7,Touch Chest,1,0.2826653718948364,0
18695,7,Touch Chest,1,0.3075774312019348,0
18696,7,Touch Chest,1,0.3786483705043793,0
18697,7,Touch Chest,1,0.21223536133766174,0
18698,7,Touch Chest,1,0.2904619574546814,0
18699,7,Touch Chest,1,0.07706034928560257,0
18700,7,Touch Chest,1,0.6950920224189758,1
18701,7,Touch Chest,1,0.8348481059074402,1
18702,7,Touch Chest,1,0.2700924277305603,0
18703,7,Touch Chest,1,0.5452244281768799,1
18704,7,Touch Chest,1,0.3859788477420807,0
18705,7,Touch Chest,1,0.3581869900226593,0
18706,7,Touch Chest,1,0.33556535840034485,0
18707,7,Touch Chest,1,0.9669505953788757,1
18708,7,Touch Chest,1,0.9503335952758789,1
18709,7,Touch Chest,1,0.8497485518455505,1
18710,7,Touch Chest,1,0.6692292094230652,1
18711,7,Touch Chest,1,0.6843229532241821,1
18712,7,Touch Chest,1,0.9214923977851868,1
18713,7,Touch Chest,1,0.9248138070106506,1
18714,7,Touch Chest,1,0.4507012665271759,0
18715,7,Touch Chest,1,0.6552802324295044,1
18716,7,Touch Chest,1,0.6174821853637695,1
18717,7,Touch Chest,1,0.9771223664283752,1
18718,7,Touch Chest,1,0.9593437314033508,1
18719,7,Touch Chest,1,0.8851263523101807,1
18720,7,Touch Chest,1,0.12032702565193176,0
18721,7,Touch Chest,1,0.8786274790763855,1
18722,7,Touch Chest,1,0.6681153178215027,1
18723,7,Touch Chest,1,0.54536372423172,1
18724,7,Touch Chest,1,0.6719592809677124,1
18725,7,Touch Chest,1,0.2689063847064972,0
18726,7,Touch Chest,1,0.2421611100435257,0
18727,7,Touch Chest,1,0.2943347990512848,0
18728,7,Touch Chest,1,0.5657783150672913,1
18729,7,Touch Chest,1,0.3705645799636841,0
18730,7,Touch Chest,1,0.3201729953289032,0
18731,7,Touch Chest,1,0.8565943837165833,1
18732,7,Touch Chest,1,0.6898190975189209,1
18733,7,Touch Chest,1,0.9573708772659302,1
18734,7,Touch Chest,1,0.9490947127342224,1
18735,7,Touch Chest,1,0.8911522030830383,1
18736,7,Touch Chest,1,0.851140558719635,1
18737,7,Touch Chest,1,0.6512163281440735,1
18738,7,Touch Chest,1,0.8945757746696472,1
18739,7,Touch Chest,1,0.7616269588470459,1
18740,7,Touch Chest,1,0.8911184668540955,1
18741,7,Touch Chest,1,0.03706662729382515,0
18742,7,Touch Chest,1,0.7287107706069946,1
18743,7,Touch Chest,1,0.5367991924285889,1
18744,7,Touch Chest,1,0.30736425518989563,0
18745,7,Touch Chest,1,0.7996568083763123,1
18746,7,Touch Chest,1,0.488760769367218,0
18747,7,Touch Chest,1,0.6963221430778503,1
18748,7,Touch Chest,1,0.7914069294929504,1
18749,7,Touch Chest,1,0.03552425652742386,0
18750,7,Touch Chest,1,0.05518244206905365,0
18751,7,Touch Chest,1,0.041190020740032196,0
18752,7,Touch Chest,1,0.02253623865544796,0
18753,7,Touch Chest,1,0.6544325351715088,1
18754,7,Touch Chest,1,0.733990490436554,1
18755,7,Touch Chest,1,0.8822565078735352,1
18756,7,Touch Chest,1,0.8850234746932983,1
18757,7,Touch Chest,1,0.7859793901443481,1
18758,7,Touch Chest,1,0.9605812430381775,1
18759,7,Touch Chest,1,0.7779402732849121,1
18760,7,Touch Chest,1,0.7348222136497498,1
18761,7,Touch Chest,1,0.821674644947052,1
18762,7,Touch Chest,1,0.7659508585929871,1
18763,7,Touch Chest,1,0.9049997925758362,1
18764,7,Touch Chest,1,0.9373389482498169,1
18765,7,Touch Chest,1,0.7860862016677856,1
18766,7,Touch Chest,1,0.5763112306594849,1
18767,7,Touch Chest,1,0.7382104992866516,1
18768,7,Touch Chest,1,0.8169388771057129,1
18769,7,Touch Chest,1,0.33963802456855774,0
18770,7,Touch Chest,1,0.6949083805084229,1
18771,7,Touch Chest,1,0.8564147353172302,1
18772,7,Touch Chest,1,0.861469566822052,1
18773,7,Touch Chest,1,0.8745142221450806,1
18774,7,Touch Chest,1,0.8101423978805542,1
18775,7,Touch Chest,1,0.7860592603683472,1
18776,7,Touch Chest,1,0.9633810520172119,1
18777,7,Touch Chest,1,0.24680963158607483,0
18778,7,Touch Chest,1,0.28607115149497986,0
18779,7,Touch Chest,1,0.9422875046730042,1
18780,7,Touch Chest,1,0.9755731225013733,1
18781,7,Touch Chest,1,0.9920450448989868,1
18782,7,Touch Chest,1,0.9954907298088074,1
18783,7,Touch Chest,1,0.9311944842338562,1
18784,7,Touch Chest,1,0.9885303378105164,1
18785,7,Touch Chest,1,0.99162358045578,1
18786,7,Touch Chest,1,0.9796654582023621,1
18787,7,Touch Chest,1,0.9795857071876526,1
18788,7,Touch Chest,1,0.9945011138916016,1
18789,7,Touch Chest,1,0.9686136841773987,1
18790,7,Touch Chest,1,0.9948516488075256,1
18791,7,Touch Chest,1,0.9943745136260986,1
18792,7,Touch Chest,1,0.992483913898468,1
18793,7,Touch Chest,1,0.9314753413200378,1
18794,7,Touch Chest,1,0.9727758765220642,1
18795,7,Touch Chest,1,0.9899915456771851,1
18796,7,Touch Chest,1,0.9929969906806946,1
18797,7,Touch Chest,1,0.9929838180541992,1
18798,7,Touch Chest,1,0.9729429483413696,1
18799,7,Touch Chest,1,0.7377578616142273,1
18800,7,Touch Chest,1,0.963968813419342,1
18801,7,Touch Chest,1,0.8850653767585754,1
18802,7,Touch Chest,1,0.8749570846557617,1
18803,7,Touch Chest,1,0.5032452344894409,1
18804,7,Touch Chest,1,0.9715767502784729,1
18805,7,Touch Chest,1,0.9939678907394409,1
18806,7,Touch Chest,1,0.9956696033477783,1
18807,7,Touch Chest,1,0.9392703771591187,1
18808,7,Touch Chest,1,0.9949076771736145,1
18809,7,Touch Chest,1,0.9962676167488098,1
18810,7,Touch Chest,1,0.6812377572059631,1
18811,7,Touch Chest,1,0.9694855809211731,1
18812,7,Touch Chest,1,0.9549630880355835,1
18813,7,Touch Chest,1,0.6584680676460266,1
18814,7,Touch Chest,1,0.9796023368835449,1
18815,7,Touch Chest,1,0.9669830799102783,1
18816,7,Touch Chest,1,0.7032567858695984,1
18817,7,Touch Chest,1,0.9424096345901489,1
18818,7,Touch Chest,1,0.47061416506767273,0
18819,7,Touch Chest,1,0.2818431556224823,0
18820,7,Touch Chest,1,0.46533629298210144,0
18821,7,Touch Chest,1,0.3803807497024536,0
18822,7,Touch Chest,1,0.8560336828231812,1
18823,7,Touch Chest,1,0.4141727387905121,0
18824,7,Touch Chest,1,0.4964756667613983,0
18825,7,Touch Chest,1,0.30264386534690857,0
18826,7,Touch Chest,1,0.9566807150840759,1
18827,7,Touch Chest,1,0.9728743433952332,1
18828,7,Touch Chest,1,0.9665377140045166,1
18829,7,Touch Chest,1,0.9224891662597656,1
18830,7,Touch Chest,1,0.5777496695518494,1
18831,7,Touch Chest,1,0.7016633749008179,1
18832,7,Touch Chest,1,0.940265417098999,1
18833,7,Touch Chest,1,0.9264611005783081,1
18834,7,Touch Chest,1,0.4033587574958801,0
18835,7,Touch Chest,1,0.14932484924793243,0
18836,7,Touch Chest,1,0.6907874941825867,1
18837,7,Touch Chest,1,0.7291926741600037,1
18838,7,Touch Chest,1,0.268932580947876,0
18839,7,Touch Chest,1,0.5594512820243835,1
18840,7,Touch Chest,1,0.8597778081893921,1
18841,7,Touch Chest,1,0.925026535987854,1
18842,7,Touch Chest,1,0.9581468105316162,1
18843,7,Touch Chest,1,0.9812746644020081,1
18844,7,Touch Chest,1,0.8158778548240662,1
18845,7,Touch Chest,1,0.8351187705993652,1
18846,7,Touch Chest,1,0.8450691103935242,1
18847,7,Touch Chest,1,0.8015427589416504,1
18848,7,Touch Chest,1,0.7568703293800354,1
18849,7,Touch Chest,1,0.5567237138748169,1
18850,7,Touch Chest,1,0.9671434760093689,1
18851,7,Touch Chest,1,0.9793781638145447,1
18852,7,Touch Chest,1,0.8671398758888245,1
18853,7,Touch Chest,1,0.5647436380386353,1
18854,7,Touch Chest,1,0.7393110394477844,1
18855,7,Touch Chest,1,0.7632028460502625,1
18856,7,Touch Chest,1,0.8052093982696533,1
18857,7,Touch Chest,1,0.8219828009605408,1
18858,7,Touch Chest,1,0.1746508777141571,0
18859,7,Touch Chest,1,0.6096825003623962,1
18860,7,Touch Chest,1,0.9550327062606812,1
18861,7,Touch Chest,1,0.48690715432167053,0
18862,7,Touch Chest,1,0.19011139869689941,0
18863,7,Touch Chest,1,0.6521811485290527,1
18864,7,Touch Chest,1,0.6699327230453491,1
18865,7,Touch Chest,1,0.7609123587608337,1
18866,7,Touch Chest,1,0.49377185106277466,0
18867,7,Touch Chest,1,0.9101171493530273,1
18868,7,Touch Chest,1,0.966552197933197,1
18869,7,Touch Chest,1,0.9681440591812134,1
18870,7,Touch Chest,1,0.7326395511627197,1
18871,7,Touch Chest,1,0.9484473466873169,1
18872,7,Touch Chest,1,0.9536417722702026,1
18873,7,Touch Chest,1,0.9475287795066833,1
18874,7,Touch Chest,1,0.9744666218757629,1
18875,7,Touch Chest,1,0.9861956834793091,1
18876,7,Touch Chest,1,0.9903201460838318,1
18877,7,Touch Chest,1,0.9629612565040588,1
18878,7,Touch Chest,1,0.8973329663276672,1
18879,7,Touch Chest,1,0.848401665687561,1
18880,7,Touch Chest,1,0.6101288795471191,1
18881,7,Touch Chest,1,0.9461193084716797,1
18882,7,Touch Chest,1,0.8749175667762756,1
18883,7,Touch Chest,1,0.21994538605213165,0
18884,7,Touch Chest,1,0.9013324975967407,1
18885,7,Touch Chest,1,0.8905267715454102,1
18886,7,Touch Chest,1,0.7549573183059692,1
18887,7,Touch Chest,1,0.7086076736450195,1
18888,7,Touch Chest,1,0.41780999302864075,0
18889,7,Touch Chest,1,0.5659286975860596,1
18890,7,Touch Chest,1,0.7665764689445496,1
18891,7,Touch Chest,1,0.1726195216178894,0
18892,7,Touch Chest,1,0.5285615921020508,1
18893,7,Touch Chest,1,0.9812344908714294,1
18894,7,Touch Chest,1,0.992803156375885,1
18895,7,Touch Chest,1,0.9673442244529724,1
18896,7,Touch Chest,1,0.9689182043075562,1
18897,7,Touch Chest,1,0.1025877520442009,0
18898,7,Touch Chest,1,0.7982506155967712,1
18899,7,Touch Chest,1,0.9780558347702026,1
18900,7,Touch Chest,1,0.98821622133255,1
18901,7,Touch Chest,1,0.9406841397285461,1
18902,7,Touch Chest,1,0.8963707685470581,1
18903,7,Touch Chest,1,0.10936669260263443,0
18904,7,Touch Chest,1,0.17029914259910583,0
18905,7,Touch Chest,1,0.2518744468688965,0
18906,7,Touch Chest,1,0.2516123652458191,0
18907,7,Touch Chest,1,0.8078305721282959,1
18908,7,Touch Chest,1,0.6580122113227844,1
18909,7,Touch Chest,1,0.6111756563186646,1
18910,7,Touch Chest,1,0.5812510251998901,1
18911,7,Touch Chest,1,0.45452725887298584,0
18912,7,Touch Chest,1,0.15993326902389526,0
18913,7,Touch Chest,1,0.02944338507950306,0
18914,7,Touch Chest,1,0.07414957135915756,0
18915,7,Touch Chest,1,0.13581354916095734,0
18916,7,Touch Chest,1,0.03832636773586273,0
18917,7,Touch Chest,1,0.15443435311317444,0
18918,7,Touch Chest,1,0.6139664649963379,1
18919,7,Touch Chest,1,0.8644459843635559,1
18920,7,Touch Chest,1,0.9157183170318604,1
18921,7,Touch Chest,1,0.18296624720096588,0
18922,7,Touch Chest,1,0.18968480825424194,0
18923,7,Touch Chest,1,0.203664630651474,0
18924,7,Touch Chest,1,0.3366459310054779,0
18925,7,Touch Chest,1,0.03912724182009697,0
18926,7,Touch Chest,1,0.024131130427122116,0
18927,7,Touch Chest,1,0.08304062485694885,0
18928,7,Touch Chest,1,0.09043616056442261,0
18929,7,Touch Chest,1,0.46233001351356506,0
18930,7,Touch Chest,1,0.2020587921142578,0
18931,7,Touch Chest,1,0.4037295877933502,0
18932,7,Touch Chest,1,0.36110401153564453,0
18933,7,Touch Chest,1,0.3477534055709839,0
18934,7,Touch Chest,1,0.7031468152999878,1
18935,7,Touch Chest,1,0.4957682490348816,0
18936,7,Touch Chest,1,0.7754505276679993,1
18937,7,Touch Chest,1,0.8163663148880005,1
18938,7,Touch Chest,1,0.9899548292160034,1
18939,7,Touch Chest,1,0.9887220859527588,1
18940,7,Touch Chest,1,0.4995376467704773,0
18941,7,Touch Chest,1,0.7451228499412537,1
18942,7,Touch Chest,1,0.7983941435813904,1
18943,7,Touch Chest,1,0.9455739259719849,1
18944,7,Touch Chest,1,0.9274003505706787,1
18945,7,Touch Chest,1,0.438890278339386,0
18946,7,Touch Chest,1,0.885731041431427,1
18947,7,Touch Chest,1,0.8778464794158936,1
18948,7,Touch Chest,1,0.8779414892196655,1
18949,7,Touch Chest,1,0.5409969687461853,1
18950,7,Touch Chest,1,0.5005786418914795,1
18951,7,Touch Chest,1,0.8313698172569275,1
18952,7,Touch Chest,1,0.36164769530296326,0
18953,7,Touch Chest,1,0.5347192883491516,1
18954,7,Touch Chest,1,0.8994844555854797,1
18955,7,Touch Chest,1,0.9029883146286011,1
18956,7,Touch Chest,1,0.7791820168495178,1
18957,7,Touch Chest,1,0.9529623985290527,1
18958,7,Touch Chest,1,0.9690893292427063,1
18959,7,Touch Chest,1,0.9366626143455505,1
18960,7,Touch Chest,1,0.9540150761604309,1
18961,7,Touch Chest,1,0.1643182337284088,0
18962,7,Touch Chest,1,0.5835369229316711,1
18963,7,Touch Chest,1,0.8243677616119385,1
18964,7,Touch Chest,1,0.8872327208518982,1
18965,7,Touch Chest,1,0.8873821496963501,1
18966,7,Touch Chest,1,0.36635321378707886,0
18967,7,Touch Chest,1,0.5346134305000305,1
18968,7,Touch Chest,1,0.11609000712633133,0
18969,7,Touch Chest,1,0.2791321277618408,0
18970,7,Touch Chest,1,0.6326858401298523,1
18971,7,Touch Chest,1,0.5047287344932556,1
18972,7,Touch Chest,1,0.08106143772602081,0
18973,7,Touch Chest,1,0.259463369846344,0
18974,7,Touch Chest,1,0.6020986437797546,1
18975,7,Touch Chest,1,0.9301766157150269,1
18976,7,Touch Chest,1,0.9127769470214844,1
18977,7,Touch Chest,1,0.9067342281341553,1
18978,7,Touch Chest,1,0.9699591994285583,1
18979,7,Touch Chest,1,0.9409266710281372,1
18980,7,Touch Chest,1,0.6255152225494385,1
18981,7,Touch Chest,1,0.8964608311653137,1
18982,7,Touch Chest,1,0.8388159871101379,1
18983,7,Touch Chest,1,0.8374954462051392,1
18984,7,Touch Chest,1,0.8124679327011108,1
18985,7,Touch Chest,1,0.23258954286575317,0
18986,7,Touch Chest,1,0.36108162999153137,0
18987,7,Touch Chest,1,0.9750139117240906,1
18988,7,Touch Chest,1,0.9706180095672607,1
18989,7,Touch Chest,1,0.9843944907188416,1
18990,7,Touch Chest,1,0.9182551503181458,1
18991,7,Touch Chest,1,0.9310285449028015,1
18992,7,Touch Chest,1,0.6727006435394287,1
18993,7,Touch Chest,1,0.48547330498695374,0
18994,7,Touch Chest,1,0.517707347869873,1
18995,7,Touch Chest,1,0.9090810418128967,1
18996,8,Touch Chest,1,0.7262430787086487,1
18997,8,Touch Chest,1,0.5271203517913818,1
18998,8,Touch Chest,1,0.8511632680892944,1
18999,8,Touch Chest,1,0.9437171220779419,1
19000,8,Touch Chest,1,0.9901414513587952,1
19001,8,Touch Chest,1,0.9952396154403687,1
19002,8,Touch Chest,1,0.9455640316009521,1
19003,8,Touch Chest,1,0.97911137342453,1
19004,8,Touch Chest,1,0.9745154976844788,1
19005,8,Touch Chest,1,0.6523115634918213,1
19006,8,Touch Chest,1,0.6309295892715454,1
19007,8,Touch Chest,1,0.8060972690582275,1
19008,8,Touch Chest,1,0.6703707575798035,1
19009,8,Touch Chest,1,0.17552486062049866,0
19010,8,Touch Chest,1,0.9841116666793823,1
19011,8,Touch Chest,1,0.9696885347366333,1
19012,8,Touch Chest,1,0.9854624271392822,1
19013,8,Touch Chest,1,0.8979880213737488,1
19014,8,Touch Chest,1,0.9036160111427307,1
19015,8,Touch Chest,1,0.9780985116958618,1
19016,8,Touch Chest,1,0.9257033467292786,1
19017,8,Touch Chest,1,0.9339872002601624,1
19018,8,Touch Chest,1,0.8783872723579407,1
19019,8,Touch Chest,1,0.48838862776756287,0
19020,8,Touch Chest,1,0.7781760692596436,1
19021,8,Touch Chest,1,0.9118421673774719,1
19022,8,Touch Chest,1,0.5818750858306885,1
19023,8,Touch Chest,1,0.33516448736190796,0
19024,8,Touch Chest,1,0.8507201075553894,1
19025,8,Touch Chest,1,0.9425957202911377,1
19026,8,Touch Chest,1,0.9517239332199097,1
19027,8,Touch Chest,1,0.9912426471710205,1
19028,8,Touch Chest,1,0.9466428160667419,1
19029,8,Touch Chest,1,0.3213872015476227,0
19030,8,Touch Chest,1,0.24915392696857452,0
19031,8,Touch Chest,1,0.07756625860929489,0
19032,8,Touch Chest,1,0.21177248656749725,0
19033,8,Touch Chest,1,0.04367716610431671,0
19034,8,Touch Chest,1,0.08944737911224365,0
19035,8,Touch Chest,1,0.06880143284797668,0
19036,8,Touch Chest,1,0.03865882009267807,0
19037,8,Touch Chest,1,0.10080807656049728,0
19038,8,Touch Chest,1,0.045173924416303635,0
19039,8,Touch Chest,1,0.892318606376648,1
19040,8,Touch Chest,1,0.9167649149894714,1
19041,8,Touch Chest,1,0.2133207470178604,0
19042,8,Touch Chest,1,0.48076120018959045,0
19043,8,Touch Chest,1,0.20717976987361908,0
19044,8,Touch Chest,1,0.6052178740501404,1
19045,8,Touch Chest,1,0.8651143312454224,1
19046,8,Touch Chest,1,0.9135373830795288,1
19047,8,Touch Chest,1,0.8976026773452759,1
19048,8,Touch Chest,1,0.8717144727706909,1
19049,8,Touch Chest,1,0.7648770809173584,1
19050,8,Touch Chest,1,0.584507405757904,1
19051,8,Touch Chest,1,0.38106921315193176,0
19052,8,Touch Chest,1,0.3471887707710266,0
19053,8,Touch Chest,1,0.35576194524765015,0
19054,8,Touch Chest,1,0.1428402215242386,0
19055,8,Touch Chest,1,0.6011146903038025,1
19056,8,Touch Chest,1,0.6875092387199402,1
19057,8,Touch Chest,1,0.6764979958534241,1
19058,8,Touch Chest,1,0.454677551984787,0
19059,8,Touch Chest,1,0.6208674907684326,1
19060,8,Touch Chest,1,0.48925450444221497,0
19061,8,Touch Chest,1,0.6903479695320129,1
19062,8,Touch Chest,1,0.7091884613037109,1
19063,8,Touch Chest,1,0.6931946277618408,1
19064,8,Touch Chest,1,0.9519573450088501,1
19065,8,Touch Chest,1,0.718812108039856,1
19066,8,Touch Chest,1,0.7831261157989502,1
19067,8,Touch Chest,1,0.6458097100257874,1
19068,8,Touch Chest,1,0.12850181758403778,0
19069,8,Touch Chest,1,0.41793137788772583,0
19070,8,Touch Chest,1,0.3106815814971924,0
19071,8,Touch Chest,1,0.33678796887397766,0
19072,8,Touch Chest,1,0.4016866087913513,0
19073,8,Touch Chest,1,0.4632284641265869,0
19074,8,Touch Chest,1,0.9702060222625732,1
19075,8,Touch Chest,1,0.8372515439987183,1
19076,8,Touch Chest,1,0.8375794887542725,1
19077,8,Touch Chest,1,0.9266838431358337,1
19078,8,Touch Chest,1,0.421461284160614,0
19079,8,Touch Chest,1,0.7644314765930176,1
19080,8,Touch Chest,1,0.9632300734519958,1
19081,8,Touch Chest,1,0.7102788090705872,1
19082,8,Touch Chest,1,0.5327617526054382,1
19083,8,Touch Chest,1,0.9577347636222839,1
19084,8,Touch Chest,1,0.9804338812828064,1
19085,8,Touch Chest,1,0.8249833583831787,1
19086,8,Touch Chest,1,0.28230494260787964,0
19087,8,Touch Chest,1,0.9401371479034424,1
19088,8,Touch Chest,1,0.9800021648406982,1
19089,8,Touch Chest,1,0.6365869045257568,1
19090,8,Touch Chest,1,0.5261548161506653,1
19091,8,Touch Chest,1,0.8508448600769043,1
19092,8,Touch Chest,1,0.7842956781387329,1
19093,8,Touch Chest,1,0.23991744220256805,0
19094,8,Touch Chest,1,0.29596394300460815,0
19095,8,Touch Chest,1,0.584799587726593,1
19096,8,Touch Chest,1,0.6947838068008423,1
19097,8,Touch Chest,1,0.8481663465499878,1
19098,8,Touch Chest,1,0.8324542045593262,1
19099,8,Touch Chest,1,0.8907439708709717,1
19100,8,Touch Chest,1,0.8608192801475525,1
19101,8,Touch Chest,1,0.9679939150810242,1
19102,8,Touch Chest,1,0.9055730104446411,1
19103,8,Touch Chest,1,0.9852586984634399,1
19104,8,Touch Chest,1,0.8474489450454712,1
19105,8,Touch Chest,1,0.2600257992744446,0
19106,8,Touch Chest,1,0.26061463356018066,0
19107,8,Touch Chest,1,0.4052470028400421,0
19108,8,Touch Chest,1,0.38805878162384033,0
19109,8,Touch Chest,1,0.6372666358947754,1
19110,8,Touch Chest,1,0.7484522461891174,1
19111,8,Touch Chest,1,0.7494886517524719,1
19112,8,Touch Chest,1,0.9474276900291443,1
19113,8,Touch Chest,1,0.46812963485717773,0
19114,8,Touch Chest,1,0.6066225171089172,1
19115,8,Touch Chest,1,0.6024088859558105,1
19116,8,Touch Chest,1,0.358871728181839,0
19117,8,Touch Chest,1,0.6314480304718018,1
19118,8,Touch Chest,1,0.513429582118988,1
19119,8,Touch Chest,1,0.9756240844726562,1
19120,8,Touch Chest,1,0.9873995780944824,1
19121,8,Touch Chest,1,0.8845415115356445,1
19122,8,Touch Chest,1,0.7852768898010254,1
19123,8,Touch Chest,1,0.6049107909202576,1
19124,8,Touch Chest,1,0.707007110118866,1
19125,8,Touch Chest,1,0.07329674065113068,0
19126,8,Touch Chest,1,0.044276319444179535,0
19127,8,Touch Chest,1,0.4088180661201477,0
19128,8,Touch Chest,1,0.37217602133750916,0
19129,8,Touch Chest,1,0.4949304461479187,0
19130,8,Touch Chest,1,0.6807005405426025,1
19131,8,Touch Chest,1,0.3780973255634308,0
19132,8,Touch Chest,1,0.2930788993835449,0
19133,8,Touch Chest,1,0.15085595846176147,0
19134,8,Touch Chest,1,0.18852083384990692,0
19135,8,Touch Chest,1,0.2359447479248047,0
19136,8,Touch Chest,1,0.18308207392692566,0
19137,8,Touch Chest,1,0.31720197200775146,0
19138,8,Touch Chest,1,0.20796900987625122,0
19139,8,Touch Chest,1,0.735103189945221,1
19140,8,Touch Chest,1,0.13127699494361877,0
19141,8,Touch Chest,1,0.03664623573422432,0
19142,8,Touch Chest,1,0.39725032448768616,0
19143,8,Touch Chest,1,0.31043434143066406,0
19144,8,Touch Chest,1,0.31715986132621765,0
19145,8,Touch Chest,1,0.07980071008205414,0
19146,8,Touch Chest,1,0.9132062792778015,1
19147,8,Touch Chest,1,0.6755455136299133,1
19148,8,Touch Chest,1,0.17673228681087494,0
19149,8,Touch Chest,1,0.1494825780391693,0
19150,8,Touch Chest,1,0.07839077711105347,0
19151,8,Touch Chest,1,0.05815134570002556,0
19152,8,Touch Chest,1,0.9184690117835999,1
19153,8,Touch Chest,1,0.8524545431137085,1
19154,8,Touch Chest,1,0.3179280459880829,0
19155,8,Touch Chest,1,0.4199589490890503,0
19156,8,Touch Chest,1,0.5475780963897705,1
19157,8,Touch Chest,1,0.25058725476264954,0
19158,8,Touch Chest,1,0.9692497253417969,1
19159,8,Touch Chest,1,0.9118027687072754,1
19160,8,Touch Chest,1,0.47456094622612,0
19161,8,Touch Chest,1,0.2132171243429184,0
19162,8,Touch Chest,1,0.16783782839775085,0
19163,8,Touch Chest,1,0.17671284079551697,0
19164,8,Touch Chest,1,0.4471702575683594,0
19165,8,Touch Chest,1,0.6231206059455872,1
19166,8,Touch Chest,1,0.6824638247489929,1
19167,8,Touch Chest,1,0.699382483959198,1
19168,8,Touch Chest,1,0.8741796016693115,1
19169,8,Touch Chest,1,0.967246413230896,1
19170,8,Touch Chest,1,0.14183172583580017,0
19171,8,Touch Chest,1,0.5071486234664917,1
19172,8,Touch Chest,1,0.388935387134552,0
19173,8,Touch Chest,1,0.6924046277999878,1
19174,8,Touch Chest,1,0.5139365196228027,1
19175,8,Touch Chest,1,0.7331425547599792,1
19176,8,Touch Chest,1,0.5421499013900757,1
19177,8,Touch Chest,1,0.6702001690864563,1
19178,8,Touch Chest,1,0.7403731346130371,1
19179,8,Touch Chest,1,0.833659291267395,1
19180,8,Touch Chest,1,0.6338707804679871,1
19181,8,Touch Chest,1,0.75531405210495,1
19182,8,Touch Chest,1,0.8270589113235474,1
19183,8,Touch Chest,1,0.8395397067070007,1
19184,8,Touch Chest,1,0.40289416909217834,0
19185,8,Touch Chest,1,0.4848344027996063,0
19186,8,Touch Chest,1,0.6701796650886536,1
19187,8,Touch Chest,1,0.3552408814430237,0
19188,8,Touch Chest,1,0.338624507188797,0
19189,8,Touch Chest,1,0.68942791223526,1
19190,8,Touch Chest,1,0.8659085631370544,1
19191,8,Touch Chest,1,0.9797859787940979,1
19192,8,Touch Chest,1,0.9174551367759705,1
19193,8,Touch Chest,1,0.9515635967254639,1
19194,8,Touch Chest,1,0.8233990669250488,1
19195,8,Touch Chest,1,0.6556130051612854,1
19196,8,Touch Chest,1,0.8859853744506836,1
19197,8,Touch Chest,1,0.7851511240005493,1
19198,8,Touch Chest,1,0.7830175757408142,1
19199,8,Touch Chest,1,0.7884945273399353,1
19200,8,Touch Chest,1,0.8356869220733643,1
19201,8,Touch Chest,1,0.8815441131591797,1
19202,8,Touch Chest,1,0.7815060615539551,1
19203,8,Touch Chest,1,0.8938062787055969,1
19204,8,Touch Chest,1,0.8359172940254211,1
19205,8,Touch Chest,1,0.9170589447021484,1
19206,8,Touch Chest,1,0.7695088386535645,1
19207,8,Touch Chest,1,0.7290406227111816,1
19208,8,Touch Chest,1,0.7997089624404907,1
19209,8,Touch Chest,1,0.2855135202407837,0
19210,8,Touch Chest,1,0.4246082305908203,0
19211,8,Touch Chest,1,0.9414660930633545,1
19212,8,Touch Chest,1,0.943577229976654,1
19213,8,Touch Chest,1,0.7330622673034668,1
19214,8,Touch Chest,1,0.662054717540741,1
19215,8,Touch Chest,1,0.7739577889442444,1
19216,8,Touch Chest,1,0.6879532337188721,1
19217,8,Touch Chest,1,0.6761367321014404,1
19218,8,Touch Chest,1,0.7849156856536865,1
19219,8,Touch Chest,1,0.9011294841766357,1
19220,8,Touch Chest,1,0.7999436855316162,1
19221,8,Touch Chest,1,0.8411654233932495,1
19222,8,Touch Chest,1,0.8675342202186584,1
19223,8,Touch Chest,1,0.23294395208358765,0
19224,8,Touch Chest,1,0.5257150530815125,1
19225,8,Touch Chest,1,0.9264076948165894,1
19226,8,Touch Chest,1,0.9746524095535278,1
19227,8,Touch Chest,1,0.5144122242927551,1
19228,8,Touch Chest,1,0.891973078250885,1
19229,8,Touch Chest,1,0.38358092308044434,0
19230,8,Touch Chest,1,0.9593860507011414,1
19231,8,Touch Chest,1,0.9832982420921326,1
19232,8,Touch Chest,1,0.9122626185417175,1
19233,8,Touch Chest,1,0.9929634928703308,1
19234,8,Touch Chest,1,0.9951021671295166,1
19235,8,Touch Chest,1,0.9879383444786072,1
19236,8,Touch Chest,1,0.9483085870742798,1
19237,8,Touch Chest,1,0.9356167912483215,1
19238,8,Touch Chest,1,0.6880773901939392,1
19239,8,Touch Chest,1,0.907213032245636,1
19240,8,Touch Chest,1,0.9830885529518127,1
19241,8,Touch Chest,1,0.5503624081611633,1
19242,8,Touch Chest,1,0.6247645020484924,1
19243,8,Touch Chest,1,0.7775368094444275,1
19244,8,Touch Chest,1,0.9382007718086243,1
19245,8,Touch Chest,1,0.9834946990013123,1
19246,8,Touch Chest,1,0.8330849409103394,1
19247,8,Touch Chest,1,0.6059582829475403,1
19248,8,Touch Chest,1,0.7504317760467529,1
19249,8,Touch Chest,1,0.31090813875198364,0
19250,8,Touch Chest,1,0.9141926765441895,1
19251,8,Touch Chest,1,0.7280099391937256,1
19252,8,Touch Chest,1,0.4356490969657898,0
19253,8,Touch Chest,1,0.7669958472251892,1
19254,8,Touch Chest,1,0.9643098711967468,1
19255,8,Touch Chest,1,0.9561513066291809,1
19256,8,Touch Chest,1,0.9877243041992188,1
19257,8,Touch Chest,1,0.9053247570991516,1
19258,8,Touch Chest,1,0.9774609804153442,1
19259,8,Touch Chest,1,0.2966603934764862,0
19260,8,Touch Chest,1,0.9721570611000061,1
19261,8,Touch Chest,1,0.99220871925354,1
19262,8,Touch Chest,1,0.9794842600822449,1
19263,8,Touch Chest,1,0.9898406863212585,1
19264,8,Touch Chest,1,0.869526743888855,1
19265,8,Touch Chest,1,0.9842310547828674,1
19266,8,Touch Chest,1,0.9911240339279175,1
19267,8,Touch Chest,1,0.9476515650749207,1
19268,8,Touch Chest,1,0.8379974365234375,1
19269,8,Touch Chest,1,0.9058662056922913,1
19270,8,Touch Chest,1,0.8837142586708069,1
19271,8,Touch Chest,1,0.1536317616701126,0
19272,8,Touch Chest,1,0.037156056612730026,0
19273,8,Touch Chest,1,0.01647498831152916,0
19274,8,Touch Chest,1,0.9600613713264465,1
19275,8,Touch Chest,1,0.7171286940574646,1
19276,8,Touch Chest,1,0.3112880289554596,0
19277,8,Touch Chest,1,0.7976924777030945,1
19278,8,Touch Chest,1,0.8534320592880249,1
19279,8,Touch Chest,1,0.5804994106292725,1
19280,8,Touch Chest,1,0.4126296937465668,0
19281,8,Touch Chest,1,0.2243315428495407,0
19282,8,Touch Chest,1,0.49792179465293884,0
19283,8,Touch Chest,1,0.4831547439098358,0
19284,8,Touch Chest,1,0.8555604815483093,1
19285,8,Touch Chest,1,0.5096554160118103,1
19286,8,Touch Chest,1,0.6919986009597778,1
19287,8,Touch Chest,1,0.42580559849739075,0
19288,8,Touch Chest,1,0.9701334238052368,1
19289,8,Touch Chest,1,0.907139241695404,1
19290,8,Touch Chest,1,0.33850741386413574,0
19291,8,Touch Chest,1,0.6108554601669312,1
19292,8,Touch Chest,1,0.7999359369277954,1
19293,8,Touch Chest,1,0.7817128896713257,1
19294,8,Touch Chest,1,0.7585737109184265,1
19295,8,Touch Chest,1,0.8784570693969727,1
19296,8,Touch Chest,1,0.5823324918746948,1
19297,8,Touch Chest,1,0.5927232503890991,1
19298,8,Touch Chest,1,0.5686416029930115,1
19299,8,Touch Chest,1,0.5436168909072876,1
19300,8,Touch Chest,1,0.7567294836044312,1
19301,8,Touch Chest,1,0.6159181594848633,1
19302,8,Touch Chest,1,0.7010014057159424,1
19303,8,Touch Chest,1,0.8174007534980774,1
19304,8,Touch Chest,1,0.7712228298187256,1
19305,8,Touch Chest,1,0.08670543134212494,0
19306,8,Touch Chest,1,0.18262076377868652,0
19307,8,Touch Chest,1,0.14358174800872803,0
19308,8,Touch Chest,1,0.8915927410125732,1
19309,8,Touch Chest,1,0.911577045917511,1
19310,8,Touch Chest,1,0.1725723296403885,0
19311,8,Touch Chest,1,0.4474128484725952,0
19312,8,Touch Chest,1,0.2227589339017868,0
19313,8,Touch Chest,1,0.2267061471939087,0
19314,8,Touch Chest,1,0.3147861063480377,0
19315,8,Touch Chest,1,0.5703840255737305,1
19316,8,Touch Chest,1,0.7488009929656982,1
19317,8,Touch Chest,1,0.77558434009552,1
19318,8,Touch Chest,1,0.11557872593402863,0
19319,8,Touch Chest,1,0.22275401651859283,0
19320,8,Touch Chest,1,0.319577157497406,0
19321,8,Touch Chest,1,0.5351327061653137,1
19322,8,Touch Chest,1,0.6873019337654114,1
19323,8,Touch Chest,1,0.7323459982872009,1
19324,8,Touch Chest,1,0.27674973011016846,0
19325,8,Touch Chest,1,0.5153602957725525,1
19326,8,Touch Chest,1,0.8762840628623962,1
19327,8,Touch Chest,1,0.823012113571167,1
19328,8,Touch Chest,1,0.9558329582214355,1
19329,8,Touch Chest,1,0.5273721814155579,1
19330,8,Touch Chest,1,0.9705076217651367,1
19331,8,Touch Chest,1,0.8345652222633362,1
19332,8,Touch Chest,1,0.7098186016082764,1
19333,8,Touch Chest,1,0.6626007556915283,1
19334,8,Touch Chest,1,0.4744567573070526,0
19335,8,Touch Chest,1,0.3466035723686218,0
19336,8,Touch Chest,1,0.02998466230928898,0
19337,8,Touch Chest,1,0.316638708114624,0
19338,8,Touch Chest,1,0.6035977602005005,1
19339,8,Touch Chest,1,0.06772196292877197,0
19340,8,Touch Chest,1,0.043581414967775345,0
19341,8,Touch Chest,1,0.09977397322654724,0
19342,8,Touch Chest,1,0.9769017100334167,1
19343,8,Touch Chest,1,0.11520332098007202,0
19344,8,Touch Chest,1,0.03367558866739273,0
19345,8,Touch Chest,1,0.021365979686379433,0
19346,8,Touch Chest,1,0.9694017767906189,1
19347,8,Touch Chest,1,0.5195766687393188,1
19348,8,Touch Chest,1,0.6950300931930542,1
19349,8,Touch Chest,1,0.7400493025779724,1
19350,8,Touch Chest,1,0.8639987707138062,1
19351,8,Touch Chest,1,0.6085194945335388,1
19352,8,Touch Chest,1,0.45478108525276184,0
19353,8,Touch Chest,1,0.5218774080276489,1
19354,8,Touch Chest,1,0.6894737482070923,1
19355,8,Touch Chest,1,0.9691303372383118,1
19356,8,Touch Chest,1,0.4740982949733734,0
19357,8,Touch Chest,1,0.24943159520626068,0
19358,8,Touch Chest,1,0.18754246830940247,0
19359,8,Touch Chest,1,0.6431306004524231,1
19360,8,Touch Chest,1,0.9157549142837524,1
19361,8,Touch Chest,1,0.8193657994270325,1
19362,8,Touch Chest,1,0.8350498676300049,1
19363,8,Touch Chest,1,0.8371244072914124,1
19364,8,Touch Chest,1,0.8574810028076172,1
19365,8,Touch Chest,1,0.4117128551006317,0
19366,8,Touch Chest,1,0.9168382883071899,1
19367,8,Touch Chest,1,0.9051365256309509,1
19368,8,Touch Chest,1,0.14875036478042603,0
19369,8,Touch Chest,1,0.08297833055257797,0
19370,8,Touch Chest,1,0.13414499163627625,0
19371,8,Touch Chest,1,0.9045136570930481,1
19372,8,Touch Chest,1,0.9422678351402283,1
19373,8,Touch Chest,1,0.9903996586799622,1
19374,8,Touch Chest,1,0.9314699769020081,1
19375,8,Touch Chest,1,0.9013169407844543,1
19376,8,Touch Chest,1,0.9003095626831055,1
19377,8,Touch Chest,1,0.5638151168823242,1
19378,8,Touch Chest,1,0.504475474357605,1
19379,8,Touch Chest,1,0.543420672416687,1
19380,8,Touch Chest,1,0.698032796382904,1
19381,8,Touch Chest,1,0.4859654903411865,0
19382,8,Touch Chest,1,0.8267767429351807,1
19383,8,Touch Chest,1,0.5315650701522827,1
19384,8,Touch Chest,1,0.5431049466133118,1
19385,8,Touch Chest,1,0.37519311904907227,0
19386,8,Touch Chest,1,0.6647781133651733,1
19387,8,Touch Chest,1,0.20603035390377045,0
19388,8,Touch Chest,1,0.8727714419364929,1
19389,8,Touch Chest,1,0.5445842146873474,1
19390,8,Touch Chest,1,0.34635794162750244,0
19391,8,Touch Chest,1,0.41489502787590027,0
19392,8,Touch Chest,1,0.40386608242988586,0
19393,8,Touch Chest,1,0.43302685022354126,0
19394,8,Touch Chest,1,0.39093613624572754,0
19395,8,Touch Chest,1,0.04920939356088638,0
19396,8,Touch Chest,1,0.4534650444984436,0
19397,8,Touch Chest,1,0.14212757349014282,0
19398,8,Touch Chest,1,0.9206733107566833,1
19399,8,Touch Chest,1,0.9820131659507751,1
19400,8,Touch Chest,1,0.9762826561927795,1
19401,8,Touch Chest,1,0.8762679696083069,1
19402,8,Touch Chest,1,0.9777776002883911,1
19403,8,Touch Chest,1,0.8376738429069519,1
19404,8,Touch Chest,1,0.7743748426437378,1
19405,8,Touch Chest,1,0.8975171446800232,1
19406,8,Touch Chest,1,0.9223576188087463,1
19407,8,Touch Chest,1,0.9367051720619202,1
19408,8,Touch Chest,1,0.9184066653251648,1
19409,8,Touch Chest,1,0.8983993530273438,1
19410,8,Touch Chest,1,0.9042187333106995,1
19411,8,Touch Chest,1,0.9207910299301147,1
19412,8,Touch Chest,1,0.9285452961921692,1
19413,8,Touch Chest,1,0.2644112706184387,0
19414,8,Touch Chest,1,0.7111353278160095,1
19415,8,Touch Chest,1,0.8762381672859192,1
19416,8,Touch Chest,1,0.861275851726532,1
19417,8,Touch Chest,1,0.44783133268356323,0
19418,8,Touch Chest,1,0.953839123249054,1
19419,8,Touch Chest,1,0.9846663475036621,1
19420,8,Touch Chest,1,0.9792056679725647,1
19421,8,Touch Chest,1,0.8196588754653931,1
19422,8,Touch Chest,1,0.905232846736908,1
19423,8,Touch Chest,1,0.8129081130027771,1
19424,8,Touch Chest,1,0.9142449498176575,1
19425,8,Touch Chest,1,0.9622407555580139,1
19426,8,Touch Chest,1,0.8750067949295044,1
19427,8,Touch Chest,1,0.8170167207717896,1
19428,8,Touch Chest,1,0.4949934184551239,0
19429,8,Touch Chest,1,0.6841848492622375,1
19430,8,Touch Chest,1,0.7583320140838623,1
19431,8,Touch Chest,1,0.6133694648742676,1
19432,8,Touch Chest,1,0.6569795608520508,1
19433,8,Touch Chest,1,0.8567930459976196,1
19434,8,Touch Chest,1,0.9320713877677917,1
19435,8,Touch Chest,1,0.8456562161445618,1
19436,8,Touch Chest,1,0.9262233972549438,1
19437,8,Touch Chest,1,0.9629525542259216,1
19438,8,Touch Chest,1,0.8049502372741699,1
19439,8,Touch Chest,1,0.6001471877098083,1
19440,8,Touch Chest,1,0.6873832941055298,1
19441,8,Touch Chest,1,0.8651619553565979,1
19442,8,Touch Chest,1,0.8249691724777222,1
19443,8,Touch Chest,1,0.34579330682754517,0
19444,8,Touch Chest,1,0.414553701877594,0
19445,8,Touch Chest,1,0.640350878238678,1
19446,8,Touch Chest,1,0.7922559380531311,1
19447,8,Touch Chest,1,0.6803095936775208,1
19448,8,Touch Chest,1,0.5965369343757629,1
19449,8,Touch Chest,1,0.6763627529144287,1
19450,8,Touch Chest,1,0.8892461061477661,1
19451,8,Touch Chest,1,0.6783668994903564,1
19452,8,Touch Chest,1,0.9041838049888611,1
19453,8,Touch Chest,1,0.13280971348285675,0
19454,8,Touch Chest,1,0.05503733456134796,0
19455,8,Touch Chest,1,0.2144649773836136,0
19456,8,Touch Chest,1,0.3950943350791931,0
19457,8,Touch Chest,1,0.11788550764322281,0
19458,9,Touch Chest,1,0.9941632151603699,1
19459,9,Touch Chest,1,0.9792286157608032,1
19460,9,Touch Chest,1,0.9818758368492126,1
19461,9,Touch Chest,1,0.9384710788726807,1
19462,9,Touch Chest,1,0.9970219731330872,1
19463,9,Touch Chest,1,0.981099545955658,1
19464,9,Touch Chest,1,0.8076803684234619,1
19465,9,Touch Chest,1,0.6874419450759888,1
19466,9,Touch Chest,1,0.8702418208122253,1
19467,9,Touch Chest,1,0.7887333035469055,1
19468,9,Touch Chest,1,0.635528564453125,1
19469,9,Touch Chest,1,0.6019268035888672,1
19470,9,Touch Chest,1,0.8177952170372009,1
19471,9,Touch Chest,1,0.7206617593765259,1
19472,9,Touch Chest,1,0.8757920861244202,1
19473,9,Touch Chest,1,0.6833450198173523,1
19474,9,Touch Chest,1,0.5238568782806396,1
19475,9,Touch Chest,1,0.40487733483314514,0
19476,9,Touch Chest,1,0.9695383906364441,1
19477,9,Touch Chest,1,0.9752697348594666,1
19478,9,Touch Chest,1,0.9538066983222961,1
19479,9,Touch Chest,1,0.8388956189155579,1
19480,9,Touch Chest,1,0.9810219407081604,1
19481,9,Touch Chest,1,0.9848782420158386,1
19482,9,Touch Chest,1,0.989456832408905,1
19483,9,Touch Chest,1,0.9748021364212036,1
19484,9,Touch Chest,1,0.9576063752174377,1
19485,9,Touch Chest,1,0.9074028134346008,1
19486,9,Touch Chest,1,0.9001080989837646,1
19487,9,Touch Chest,1,0.7494236826896667,1
19488,9,Touch Chest,1,0.9567880034446716,1
19489,9,Touch Chest,1,0.9544247388839722,1
19490,9,Touch Chest,1,0.9771845936775208,1
19491,9,Touch Chest,1,0.8891234993934631,1
19492,9,Touch Chest,1,0.9500410556793213,1
19493,9,Touch Chest,1,0.980368435382843,1
19494,9,Touch Chest,1,0.8911359906196594,1
19495,9,Touch Chest,1,0.8035486936569214,1
19496,9,Touch Chest,1,0.9184284806251526,1
19497,10,Touch Chest,1,0.3472710847854614,0
19498,10,Touch Chest,1,0.6565237641334534,1
19499,10,Touch Chest,1,0.963341236114502,1
19500,10,Touch Chest,1,0.9471663236618042,1
19501,10,Touch Chest,1,0.6251283884048462,1
19502,10,Touch Chest,1,0.8344656825065613,1
19503,10,Touch Chest,1,0.8028135299682617,1
19504,10,Touch Chest,1,0.12265438586473465,0
19505,10,Touch Chest,1,0.32818546891212463,0
19506,10,Touch Chest,1,0.6557724475860596,1
19507,10,Touch Chest,1,0.5567868947982788,1
19508,10,Touch Chest,1,0.2740916311740875,0
19509,10,Touch Chest,1,0.7567430138587952,1
19510,10,Touch Chest,1,0.8859710693359375,1
19511,10,Touch Chest,1,0.04835623502731323,0
19512,10,Touch Chest,1,0.7705525755882263,1
19513,10,Touch Chest,1,0.9849883317947388,1
19514,10,Touch Chest,1,0.9206920862197876,1
19515,10,Touch Chest,1,0.720747172832489,1
19516,10,Touch Chest,1,0.7844545841217041,1
19517,10,Touch Chest,1,0.5288024544715881,1
19518,10,Touch Chest,1,0.44480037689208984,0
19519,10,Touch Chest,1,0.7263307571411133,1
19520,10,Touch Chest,1,0.10686700791120529,0
19521,10,Touch Chest,1,0.12347687780857086,0
19522,10,Touch Chest,1,0.3483494818210602,0
19523,10,Touch Chest,1,0.07150230556726456,0
19524,10,Touch Chest,1,0.25106683373451233,0
19525,10,Touch Chest,1,0.3435089588165283,0
19526,10,Touch Chest,1,0.0852460041642189,0
19527,10,Touch Chest,1,0.21639326214790344,0
19528,10,Touch Chest,1,0.4312075078487396,0
19529,10,Touch Chest,1,0.35032886266708374,0
19530,10,Touch Chest,1,0.08277425915002823,0
19531,10,Touch Chest,1,0.07872088253498077,0
19532,10,Touch Chest,1,0.040117524564266205,0
19533,10,Touch Chest,1,0.9933984279632568,1
19534,10,Touch Chest,1,0.5859363675117493,1
19535,10,Touch Chest,1,0.6475083231925964,1
19536,10,Touch Chest,1,0.9905514717102051,1
19537,10,Touch Chest,1,0.9157037138938904,1
19538,10,Touch Chest,1,0.7913292646408081,1
19539,10,Touch Chest,1,0.9627485275268555,1
19540,10,Touch Chest,1,0.8900370597839355,1
19541,10,Touch Chest,1,0.3556840717792511,0
19542,10,Touch Chest,1,0.9522950649261475,1
19543,10,Touch Chest,1,0.9900822043418884,1
19544,10,Touch Chest,1,0.9940114617347717,1
19545,10,Touch Chest,1,0.9326256513595581,1
19546,10,Touch Chest,1,0.9804553389549255,1
19547,10,Touch Chest,1,0.9872726798057556,1
19548,10,Touch Chest,1,0.9951663017272949,1
19549,10,Touch Chest,1,0.9214910864830017,1
19550,10,Touch Chest,1,0.6565986275672913,1
19551,10,Touch Chest,1,0.9589815735816956,1
19552,10,Touch Chest,1,0.9419127702713013,1
19553,10,Touch Chest,1,0.9686728119850159,1
19584,12,Touch Chest,1,0.8783312439918518,1
19585,12,Touch Chest,1,0.7705689072608948,1
19586,12,Touch Chest,1,0.9019533395767212,1
19587,12,Touch Chest,1,0.4673352539539337,0
19588,12,Touch Chest,1,0.7310494184494019,1
19589,12,Touch Chest,1,0.7879557609558105,1
19590,12,Touch Chest,1,0.6274226307868958,1
19591,12,Touch Chest,1,0.6487961411476135,1
19592,12,Touch Chest,1,0.7394450902938843,1
19593,12,Touch Chest,1,0.787163496017456,1
19594,12,Touch Chest,1,0.9461367130279541,1
19595,12,Touch Chest,1,0.7217307090759277,1
19596,12,Touch Chest,1,0.48909664154052734,0
19597,12,Touch Chest,1,0.282636821269989,0
19598,12,Touch Chest,1,0.4171670079231262,0
19599,12,Touch Chest,1,0.9069132804870605,1
19600,12,Touch Chest,1,0.7771517634391785,1
19601,12,Touch Chest,1,0.8776558041572571,1
19602,12,Touch Chest,1,0.6646488904953003,1
19603,12,Touch Chest,1,0.8541823625564575,1
19604,12,Touch Chest,1,0.9257944822311401,1
19605,12,Touch Chest,1,0.950480580329895,1
19606,12,Touch Chest,1,0.9178445339202881,1
19607,12,Touch Chest,1,0.7845205068588257,1
19608,12,Touch Chest,1,0.686048150062561,1
19609,12,Touch Chest,1,0.9227593541145325,1
19610,12,Touch Chest,1,0.7954124808311462,1
19611,12,Touch Chest,1,0.7251843810081482,1
19612,12,Touch Chest,1,0.962721586227417,1
19613,12,Touch Chest,1,0.9447529911994934,1
19614,13,Touch Chest,1,0.8598203063011169,1
19615,13,Touch Chest,1,0.7275292873382568,1
19616,13,Touch Chest,1,0.8240378499031067,1
19617,13,Touch Chest,1,0.9723310470581055,1
19618,13,Touch Chest,1,0.8321418166160583,1
19619,13,Touch Chest,1,0.9143158197402954,1
19620,13,Touch Chest,1,0.9801991581916809,1
19621,13,Touch Chest,1,0.9497140049934387,1
19622,13,Touch Chest,1,0.8753804564476013,1
19623,13,Touch Chest,1,0.983730673789978,1
19624,13,Touch Chest,1,0.9587472677230835,1
19625,13,Touch Chest,1,0.8518534302711487,1
19626,13,Touch Chest,1,0.6758738160133362,1
19627,13,Touch Chest,1,0.8820043206214905,1
19628,13,Touch Chest,1,0.9020487070083618,1
19629,13,Touch Chest,1,0.9913457632064819,1
19630,13,Touch Chest,1,0.9836825728416443,1
19631,13,Touch Chest,1,0.8304678201675415,1
19632,13,Touch Chest,1,0.9068341851234436,1
19633,13,Touch Chest,1,0.9849622249603271,1
19634,13,Touch Chest,1,0.707058310508728,1
19635,13,Touch Chest,1,0.42773592472076416,0
19636,13,Touch Chest,1,0.8477854132652283,1
19637,13,Touch Chest,1,0.8292810916900635,1
19638,13,Touch Chest,1,0.49372726678848267,0
19639,13,Touch Chest,1,0.8817287683486938,1
19640,13,Touch Chest,1,0.8876243829727173,1
19641,13,Touch Chest,1,0.9344936013221741,1
19642,13,Touch Chest,1,0.921535849571228,1
19643,13,Touch Chest,1,0.9450604319572449,1
19644,13,Touch Chest,1,0.952034056186676,1
19645,13,Touch Chest,1,0.834509015083313,1
19646,13,Touch Chest,1,0.9055771827697754,1
19647,13,Touch Chest,1,0.6590700149536133,1
19648,13,Touch Chest,1,0.916977047920227,1
19649,13,Touch Chest,1,0.9057626724243164,1
19650,13,Touch Chest,1,0.912499189376831,1
19651,13,Touch Chest,1,0.9663320779800415,1
19652,13,Touch Chest,1,0.9648516178131104,1
19653,13,Touch Chest,1,0.9588959813117981,1
19654,13,Touch Chest,1,0.8307555913925171,1
19655,13,Touch Chest,1,0.466745525598526,0
19656,13,Touch Chest,1,0.8859961628913879,1
19657,13,Touch Chest,1,0.9355279803276062,1
19658,13,Touch Chest,1,0.46661174297332764,0
19659,13,Touch Chest,1,0.3372667133808136,0
19660,13,Touch Chest,1,0.7698346972465515,1
19661,13,Touch Chest,1,0.7538433074951172,1
19662,13,Touch Chest,1,0.7582603096961975,1
19663,13,Touch Chest,1,0.3845754861831665,0
19664,13,Touch Chest,1,0.5496342182159424,1
19665,14,Touch Chest,1,0.854076087474823,1
19666,14,Touch Chest,1,0.31819653511047363,0
19667,14,Touch Chest,1,0.46763381361961365,0
19668,14,Touch Chest,1,0.4578423798084259,0
19669,14,Touch Chest,1,0.8268112540245056,1
19670,14,Touch Chest,1,0.13970567286014557,0
19671,14,Touch Chest,1,0.028744474053382874,0
19672,14,Touch Chest,1,0.04375205934047699,0
19673,14,Touch Chest,1,0.9274568557739258,1
19674,14,Touch Chest,1,0.3489082157611847,0
19675,14,Touch Chest,1,0.22623685002326965,0
19676,14,Touch Chest,1,0.058712445199489594,0
19677,14,Touch Chest,1,0.90482497215271,1
19678,14,Touch Chest,1,0.2142118513584137,0
19679,14,Touch Chest,1,0.44000688195228577,0
19680,14,Touch Chest,1,0.3902052044868469,0
19681,14,Touch Chest,1,0.6431348919868469,1
19682,14,Touch Chest,1,0.812252402305603,1
19683,14,Touch Chest,1,0.5143910646438599,1
19684,14,Touch Chest,1,0.5014601945877075,1
19685,14,Touch Chest,1,0.29382339119911194,0
19686,14,Touch Chest,1,0.555209219455719,1
19687,14,Touch Chest,1,0.6604471802711487,1
19688,14,Touch Chest,1,0.812669575214386,1
19689,14,Touch Chest,1,0.8004816770553589,1
19690,14,Touch Chest,1,0.8520755767822266,1
19691,14,Touch Chest,1,0.337856650352478,0
19692,15,Touch Chest,1,0.24143058061599731,0
19693,15,Touch Chest,1,0.5258421897888184,1
19694,15,Touch Chest,1,0.5929444432258606,1
19695,15,Touch Chest,1,0.12664802372455597,0
19696,15,Touch Chest,1,0.7997561097145081,1
19697,15,Touch Chest,1,0.9432786107063293,1
19698,15,Touch Chest,1,0.8254352807998657,1
19699,15,Touch Chest,1,0.5582410097122192,1
19700,15,Touch Chest,1,0.6963486075401306,1
19701,15,Touch Chest,1,0.08390002697706223,0
19702,15,Touch Chest,1,0.3162587285041809,0
19703,15,Touch Chest,1,0.1041715145111084,0
19704,15,Touch Chest,1,0.9677908420562744,1
19705,15,Touch Chest,1,0.9968129992485046,1
19706,15,Touch Chest,1,0.9055250883102417,1
19707,15,Touch Chest,1,0.8867486715316772,1
19708,15,Touch Chest,1,0.9931610822677612,1
19709,15,Touch Chest,1,0.9892863631248474,1
19710,15,Touch Chest,1,0.9315122961997986,1
19711,15,Touch Chest,1,0.9615386128425598,1
19712,15,Touch Chest,1,0.46918871998786926,0
19713,15,Touch Chest,1,0.711017370223999,1
19714,15,Touch Chest,1,0.8744122982025146,1
19715,15,Touch Chest,1,0.7230274081230164,1
19716,15,Touch Chest,1,0.6135468482971191,1
19717,15,Touch Chest,1,0.21646635234355927,0
19718,15,Touch Chest,1,0.7917330265045166,1
19719,15,Touch Chest,1,0.9824406504631042,1
19720,15,Touch Chest,1,0.8908332586288452,1
19721,15,Touch Chest,1,0.7437898516654968,1
19722,15,Touch Chest,1,0.9601873755455017,1
19723,15,Touch Chest,1,0.9137037396430969,1
19724,15,Touch Chest,1,0.7727823257446289,1
19725,15,Touch Chest,1,0.9668962359428406,1
19726,15,Touch Chest,1,0.9672728776931763,1
19727,15,Touch Chest,1,0.9680031538009644,1
19728,15,Touch Chest,1,0.7819183468818665,1
19729,15,Touch Chest,1,0.896450400352478,1
19730,15,Touch Chest,1,0.8358150720596313,1
19731,15,Touch Chest,1,0.6807585954666138,1
19732,15,Touch Chest,1,0.8590474724769592,1
19733,15,Touch Chest,1,0.8448593020439148,1
19734,15,Touch Chest,1,0.9645420908927917,1
19735,15,Touch Chest,1,0.9509710669517517,1
19736,15,Touch Chest,1,0.8562434911727905,1
19737,15,Touch Chest,1,0.970415472984314,1
19738,15,Touch Chest,1,0.7997728586196899,1
19739,15,Touch Chest,1,0.7162266373634338,1
19740,15,Touch Chest,1,0.8767989873886108,1
19741,15,Touch Chest,1,0.8959487080574036,1
19742,15,Touch Chest,1,0.44857946038246155,0
19743,15,Touch Chest,1,0.8096418976783752,1
19744,15,Touch Chest,1,0.42645248770713806,0
19745,15,Touch Chest,1,0.43392837047576904,0
19746,15,Touch Chest,1,0.7533928155899048,1
19747,15,Touch Chest,1,0.7682396173477173,1
19748,15,Touch Chest,1,0.6402119398117065,1
19749,15,Touch Chest,1,0.5442508459091187,1
19750,15,Touch Chest,1,0.6956576704978943,1
19751,15,Touch Chest,1,0.07793375104665756,0
19752,15,Touch Chest,1,0.8875393271446228,1
19753,15,Touch Chest,1,0.810063898563385,1
19754,15,Touch Chest,1,0.7354660630226135,1
19755,15,Touch Chest,1,0.9198727011680603,1
19756,15,Touch Chest,1,0.7077714800834656,1
19757,15,Touch Chest,1,0.6854341626167297,1
19758,15,Touch Chest,1,0.9814606308937073,1
19759,15,Touch Chest,1,0.7795828580856323,1
19760,15,Touch Chest,1,0.8072689771652222,1
19761,15,Touch Chest,1,0.9650064706802368,1
19762,15,Touch Chest,1,0.9759041666984558,1
19763,15,Touch Chest,1,0.8195382952690125,1
19764,15,Touch Chest,1,0.9459677338600159,1
19765,15,Touch Chest,1,0.9834432005882263,1
19766,15,Touch Chest,1,0.9710559844970703,1
19767,15,Touch Chest,1,0.7003021240234375,1
19768,15,Touch Chest,1,0.31387412548065186,0
19769,15,Touch Chest,1,0.918887734413147,1
19770,15,Touch Chest,1,0.9714053869247437,1
19771,15,Touch Chest,1,0.9392372965812683,1
19772,15,Touch Chest,1,0.8135649561882019,1
19773,15,Touch Chest,1,0.5120804905891418,1
19774,15,Touch Chest,1,0.8759534955024719,1
19775,15,Touch Chest,1,0.8640278577804565,1
19776,15,Touch Chest,1,0.4252645969390869,0
19777,15,Touch Chest,1,0.5128205418586731,1
19778,15,Touch Chest,1,0.9547475576400757,1
19779,15,Touch Chest,1,0.922208845615387,1
19780,15,Touch Chest,1,0.8168337345123291,1
19781,15,Touch Chest,1,0.9660813212394714,1
19782,15,Touch Chest,1,0.9691484570503235,1
19783,15,Touch Chest,1,0.922818124294281,1
19784,15,Touch Chest,1,0.8318880200386047,1
19785,15,Touch Chest,1,0.4540848433971405,0
19786,15,Touch Chest,1,0.8053518533706665,1
19787,15,Touch Chest,1,0.8826237320899963,1
19788,15,Touch Chest,1,0.7443130612373352,1
19789,15,Touch Chest,1,0.7043468952178955,1
19790,15,Touch Chest,1,0.7185419797897339,1
19791,15,Touch Chest,1,0.5355913639068604,1
19792,15,Touch Chest,1,0.843862771987915,1
19793,15,Touch Chest,1,0.7008534073829651,1
19794,15,Touch Chest,1,0.8305467963218689,1
19795,15,Touch Chest,1,0.9111915230751038,1
19796,15,Touch Chest,1,0.653010368347168,1
19797,15,Touch Chest,1,0.7421646118164062,1
19798,15,Touch Chest,1,0.6910139322280884,1
19799,15,Touch Chest,1,0.7749189138412476,1
19800,15,Touch Chest,1,0.32393714785575867,0
19801,15,Touch Chest,1,0.7002838253974915,1
19802,15,Touch Chest,1,0.7449563145637512,1
19803,15,Touch Chest,1,0.901726245880127,1
19804,15,Touch Chest,1,0.8090829253196716,1
19805,15,Touch Chest,1,0.8459380865097046,1
19806,15,Touch Chest,1,0.9585298895835876,1
19807,15,Touch Chest,1,0.9759823083877563,1
19808,15,Touch Chest,1,0.994065523147583,1
19809,15,Touch Chest,1,0.41536760330200195,0
19810,15,Touch Chest,1,0.9346557259559631,1
19811,15,Touch Chest,1,0.8651733994483948,1
19812,15,Touch Chest,1,0.9500471949577332,1
19813,15,Touch Chest,1,0.9797784090042114,1
19814,15,Touch Chest,1,0.9720383286476135,1
19815,15,Touch Chest,1,0.9878299236297607,1
19816,15,Touch Chest,1,0.9841094613075256,1
19817,15,Touch Chest,1,0.9451592564582825,1
19818,15,Touch Chest,1,0.9389276504516602,1
19819,15,Touch Chest,1,0.9388117790222168,1
19820,15,Touch Chest,1,0.9580475687980652,1
19821,15,Touch Chest,1,0.6455852389335632,1
19822,15,Touch Chest,1,0.5190672874450684,1
19823,15,Touch Chest,1,0.8089978694915771,1
19824,15,Touch Chest,1,0.9598515033721924,1
19825,15,Touch Chest,1,0.9138867855072021,1
19826,15,Touch Chest,1,0.967993438243866,1
19827,15,Touch Chest,1,0.6632245182991028,1
19828,15,Touch Chest,1,0.7505646347999573,1
19829,15,Touch Chest,1,0.9138294458389282,1
19830,15,Touch Chest,1,0.9382501244544983,1
19831,15,Touch Chest,1,0.8116074204444885,1
19832,15,Touch Chest,1,0.5354823470115662,1
19833,15,Touch Chest,1,0.30636999011039734,0
19834,15,Touch Chest,1,0.9358214735984802,1
19835,15,Touch Chest,1,0.9713005423545837,1
19836,15,Touch Chest,1,0.8667620420455933,1
19837,15,Touch Chest,1,0.717150092124939,1
19838,15,Touch Chest,1,0.7496613264083862,1
19839,15,Touch Chest,1,0.6187742948532104,1
19840,15,Touch Chest,1,0.5916852951049805,1
19841,15,Touch Chest,1,0.06895416975021362,0
19842,15,Touch Chest,1,0.7157561182975769,1
19843,15,Touch Chest,1,0.9258092641830444,1
19844,15,Touch Chest,1,0.7037246227264404,1
19845,15,Touch Chest,1,0.592115044593811,1
19846,15,Touch Chest,1,0.8715910315513611,1
19847,15,Touch Chest,1,0.7202801704406738,1
19848,15,Touch Chest,1,0.5472503304481506,1
19849,15,Touch Chest,1,0.2890419065952301,0
19850,15,Touch Chest,1,0.945454478263855,1
19851,15,Touch Chest,1,0.9777896404266357,1
19852,15,Touch Chest,1,0.9070709943771362,1
19853,15,Touch Chest,1,0.8887225985527039,1
19854,15,Touch Chest,1,0.9059199690818787,1
19855,15,Touch Chest,1,0.44141796231269836,0
19856,15,Touch Chest,1,0.9387856125831604,1
19857,15,Touch Chest,1,0.6357123255729675,1
19858,15,Touch Chest,1,0.8892536759376526,1
19859,15,Touch Chest,1,0.8183110356330872,1
19860,15,Touch Chest,1,0.8579680323600769,1
19861,15,Touch Chest,1,0.9199385643005371,1
19862,15,Touch Chest,1,0.7473693490028381,1
19863,15,Touch Chest,1,0.6548522710800171,1
19864,15,Touch Chest,1,0.7619087100028992,1
19865,15,Touch Chest,1,0.3852155804634094,0
19866,15,Touch Chest,1,0.558671772480011,1
19867,15,Touch Chest,1,0.9598074555397034,1
19868,15,Touch Chest,1,0.6265953779220581,1
19869,15,Touch Chest,1,0.6646813154220581,1
19870,15,Touch Chest,1,0.9522371292114258,1
19871,15,Touch Chest,1,0.2622540295124054,0
19872,15,Touch Chest,1,0.26238858699798584,0
19873,15,Touch Chest,1,0.664879322052002,1
19874,15,Touch Chest,1,0.1597886085510254,0
19875,15,Touch Chest,1,0.8120072484016418,1
19876,15,Touch Chest,1,0.9072681665420532,1
19877,15,Touch Chest,1,0.6626022458076477,1
19878,15,Touch Chest,1,0.8069465756416321,1
19879,15,Touch Chest,1,0.39882373809814453,0
19880,15,Touch Chest,1,0.3148679733276367,0
19881,15,Touch Chest,1,0.047543272376060486,0
19882,15,Touch Chest,1,0.7960038185119629,1
19883,15,Touch Chest,1,0.7859417200088501,1
19884,15,Touch Chest,1,0.7837693691253662,1
19885,15,Touch Chest,1,0.9256190657615662,1
19886,15,Touch Chest,1,0.9762439131736755,1
19887,15,Touch Chest,1,0.3593510687351227,0
19888,15,Touch Chest,1,0.9107570648193359,1
19889,15,Touch Chest,1,0.841084897518158,1
19890,15,Touch Chest,1,0.7271732687950134,1
19891,15,Touch Chest,1,0.6722329258918762,1
19892,15,Touch Chest,1,0.6380004286766052,1
19893,15,Touch Chest,1,0.8123711347579956,1
19894,15,Touch Chest,1,0.585424542427063,1
19895,15,Touch Chest,1,0.21321135759353638,0
19896,15,Touch Chest,1,0.5804635286331177,1
19897,15,Touch Chest,1,0.8078139424324036,1
19898,15,Touch Chest,1,0.629230260848999,1
19899,15,Touch Chest,1,0.9267672896385193,1
19900,15,Touch Chest,1,0.5182957649230957,1
19901,15,Touch Chest,1,0.9427332282066345,1
19902,15,Touch Chest,1,0.6237725019454956,1
19903,15,Touch Chest,1,0.9043961763381958,1
19904,15,Touch Chest,1,0.7620726227760315,1
19905,16,Touch Chest,1,0.7576058506965637,1
19906,16,Touch Chest,1,0.9434580206871033,1
19907,16,Touch Chest,1,0.9919607043266296,1
19908,16,Touch Chest,1,0.8334463238716125,1
19909,16,Touch Chest,1,0.8583316206932068,1
19910,16,Touch Chest,1,0.9642061591148376,1
19911,16,Touch Chest,1,0.9765539169311523,1
19912,16,Touch Chest,1,0.796156644821167,1
19913,16,Touch Chest,1,0.9811239838600159,1
19914,16,Touch Chest,1,0.9935786724090576,1
19915,16,Touch Chest,1,0.6343057155609131,1
19916,16,Touch Chest,1,0.5163063406944275,1
19917,16,Touch Chest,1,0.9880483150482178,1
19918,16,Touch Chest,1,0.9048920273780823,1
19919,16,Touch Chest,1,0.9449005722999573,1
19920,16,Touch Chest,1,0.8138944506645203,1
19921,16,Touch Chest,1,0.6043463945388794,1
19922,16,Touch Chest,1,0.9829644560813904,1
19923,16,Touch Chest,1,0.9120664596557617,1
19924,16,Touch Chest,1,0.8471255302429199,1
19925,16,Touch Chest,1,0.9719264507293701,1
19926,16,Touch Chest,1,0.9470740556716919,1
19927,16,Touch Chest,1,0.9189160466194153,1
19928,16,Touch Chest,1,0.5022537708282471,1
19929,16,Touch Chest,1,0.7569383382797241,1
19930,16,Touch Chest,1,0.5197960734367371,1
19931,16,Touch Chest,1,0.4796142280101776,0
19932,16,Touch Chest,1,0.8205999135971069,1
19933,16,Touch Chest,1,0.9784154295921326,1
19934,16,Touch Chest,1,0.9920759201049805,1
19935,16,Touch Chest,1,0.8849676251411438,1
19936,16,Touch Chest,1,0.9327675700187683,1
19937,16,Touch Chest,1,0.9945957064628601,1
19938,16,Touch Chest,1,0.9613433480262756,1
19939,16,Touch Chest,1,0.9857366681098938,1
19940,16,Touch Chest,1,0.982444703578949,1
19941,16,Touch Chest,1,0.9946611523628235,1
19942,16,Touch Chest,1,0.46046844124794006,0
19943,16,Touch Chest,1,0.587200403213501,1
19944,16,Touch Chest,1,0.7817052006721497,1
19945,16,Touch Chest,1,0.9209873676300049,1
19946,16,Touch Chest,1,0.630144476890564,1
19947,16,Touch Chest,1,0.37840116024017334,0
19948,16,Touch Chest,1,0.6992343664169312,1
19949,16,Touch Chest,1,0.7736828327178955,1
19950,16,Touch Chest,1,0.6787849068641663,1
19951,16,Touch Chest,1,0.6904646158218384,1
19952,16,Touch Chest,1,0.9466009140014648,1
19953,16,Touch Chest,1,0.8194925785064697,1
19954,16,Touch Chest,1,0.7143843173980713,1
19955,16,Touch Chest,1,0.4187912046909332,0
19956,16,Touch Chest,1,0.7556574940681458,1
19957,16,Touch Chest,1,0.7514013051986694,1
19958,16,Touch Chest,1,0.5891420841217041,1
19959,16,Touch Chest,1,0.7161859273910522,1
19960,16,Touch Chest,1,0.6904927492141724,1
19961,16,Touch Chest,1,0.5636287927627563,1
19962,16,Touch Chest,1,0.9900723695755005,1
19963,16,Touch Chest,1,0.7057328820228577,1
19964,16,Touch Chest,1,0.7379518151283264,1
19965,16,Touch Chest,1,0.9033229351043701,1
19966,16,Touch Chest,1,0.8165287971496582,1
19967,16,Touch Chest,1,0.6941664218902588,1
19968,16,Touch Chest,1,0.759925901889801,1
19969,16,Touch Chest,1,0.8871635794639587,1
19970,16,Touch Chest,1,0.5653850436210632,1
19971,16,Touch Chest,1,0.6593573093414307,1
19972,16,Touch Chest,1,0.9795922636985779,1
19973,16,Touch Chest,1,0.9202148914337158,1
19974,16,Touch Chest,1,0.43546345829963684,0
19975,16,Touch Chest,1,0.9775661826133728,1
19976,16,Touch Chest,1,0.9633927941322327,1
19977,16,Touch Chest,1,0.6962689757347107,1
19978,16,Touch Chest,1,0.6868990659713745,1
19979,16,Touch Chest,1,0.9853326678276062,1
19980,16,Touch Chest,1,0.9761592745780945,1
19981,16,Touch Chest,1,0.941936731338501,1
19982,16,Touch Chest,1,0.7942158579826355,1
19983,16,Touch Chest,1,0.24929176270961761,0
19984,16,Touch Chest,1,0.5070707201957703,1
19985,16,Touch Chest,1,0.8487562537193298,1
19986,16,Touch Chest,1,0.7504059076309204,1
19987,16,Touch Chest,1,0.9568697214126587,1
19988,16,Touch Chest,1,0.9549832344055176,1
19989,16,Touch Chest,1,0.5510256290435791,1
19990,16,Touch Chest,1,0.9587974548339844,1
19991,16,Touch Chest,1,0.9446456432342529,1
19992,16,Touch Chest,1,0.8651179671287537,1
19993,16,Touch Chest,1,0.7351452112197876,1
19994,16,Touch Chest,1,0.9606625437736511,1
19995,16,Touch Chest,1,0.9735157489776611,1
19996,16,Touch Chest,1,0.9594409465789795,1
19997,16,Touch Chest,1,0.9736884236335754,1
19998,16,Touch Chest,1,0.9773534536361694,1
19999,16,Touch Chest,1,0.9919341802597046,1
20000,16,Touch Chest,1,0.8058154582977295,1
20001,16,Touch Chest,1,0.9702945947647095,1
20002,16,Touch Chest,1,0.6381593942642212,1
20003,16,Touch Chest,1,0.3962506949901581,0
20004,16,Touch Chest,1,0.9726974368095398,1
20005,16,Touch Chest,1,0.9169492125511169,1
20006,16,Touch Chest,1,0.4614587724208832,0
20007,16,Touch Chest,1,0.1307147741317749,0
20008,16,Touch Chest,1,0.9414190649986267,1
20009,16,Touch Chest,1,0.5971309542655945,1
20010,16,Touch Chest,1,0.925278902053833,1
20011,16,Touch Chest,1,0.8556973934173584,1
20012,16,Touch Chest,1,0.9538075923919678,1
20013,16,Touch Chest,1,0.43132176995277405,0
20014,16,Touch Chest,1,0.22241368889808655,0
20015,16,Touch Chest,1,0.06949593871831894,0
20016,16,Touch Chest,1,0.03646604344248772,0
20017,16,Touch Chest,1,0.24288104474544525,0
20018,16,Touch Chest,1,0.5075969099998474,1
20019,16,Touch Chest,1,0.044479165226221085,0
20020,16,Touch Chest,1,0.3017263114452362,0
20021,16,Touch Chest,1,0.17845915257930756,0
20022,16,Touch Chest,1,0.09830032289028168,0
20023,16,Touch Chest,1,0.9809668064117432,1
20024,16,Touch Chest,1,0.9790773987770081,1
20025,16,Touch Chest,1,0.9634392857551575,1
20026,16,Touch Chest,1,0.9828472137451172,1
20027,16,Touch Chest,1,0.9843683838844299,1
20028,16,Touch Chest,1,0.9844149351119995,1
20029,16,Touch Chest,1,0.9864418506622314,1
20030,16,Touch Chest,1,0.9904932379722595,1
20031,16,Touch Chest,1,0.8399984240531921,1
20032,16,Touch Chest,1,0.6437020301818848,1
20033,16,Touch Chest,1,0.4773454964160919,0
20034,16,Touch Chest,1,0.8772550821304321,1
20035,16,Touch Chest,1,0.9783249497413635,1
20036,16,Touch Chest,1,0.5890812873840332,1
20037,16,Touch Chest,1,0.6452668905258179,1
20038,16,Touch Chest,1,0.8733042478561401,1
20039,16,Touch Chest,1,0.9526471495628357,1
20040,16,Touch Chest,1,0.9616018533706665,1
20041,16,Touch Chest,1,0.9351183176040649,1
20042,16,Touch Chest,1,0.8730855584144592,1
20043,16,Touch Chest,1,0.8885659575462341,1
20044,16,Touch Chest,1,0.9886292219161987,1
20045,16,Touch Chest,1,0.7568525075912476,1
20046,16,Touch Chest,1,0.6035324335098267,1
20047,16,Touch Chest,1,0.404513955116272,0
20048,16,Touch Chest,1,0.6267390847206116,1
20049,16,Touch Chest,1,0.9892304539680481,1
20050,16,Touch Chest,1,0.9371573328971863,1
20051,16,Touch Chest,1,0.9617274403572083,1
20052,16,Touch Chest,1,0.9679023027420044,1
20053,16,Touch Chest,1,0.951047956943512,1
20054,16,Touch Chest,1,0.8791282176971436,1
20055,16,Touch Chest,1,0.5593404769897461,1
20056,16,Touch Chest,1,0.7203572988510132,1
20057,16,Touch Chest,1,0.8888392448425293,1
20058,16,Touch Chest,1,0.8843387365341187,1
20059,16,Touch Chest,1,0.9322814345359802,1
20060,16,Touch Chest,1,0.518123209476471,1
20061,16,Touch Chest,1,0.9686316847801208,1
20062,16,Touch Chest,1,0.7055495977401733,1
20063,16,Touch Chest,1,0.5576086044311523,1
20064,16,Touch Chest,1,0.3698198199272156,0
20065,16,Touch Chest,1,0.6778954267501831,1
20066,16,Touch Chest,1,0.546130895614624,1
20067,16,Touch Chest,1,0.8761826753616333,1
20068,16,Touch Chest,1,0.94605553150177,1
20069,16,Touch Chest,1,0.25776389241218567,0
20070,16,Touch Chest,1,0.26449188590049744,0
20071,16,Touch Chest,1,0.8678914904594421,1
20072,16,Touch Chest,1,0.9814545512199402,1
20073,16,Touch Chest,1,0.982740581035614,1
20074,16,Touch Chest,1,0.9554290771484375,1
20075,16,Touch Chest,1,0.7277359962463379,1
20076,16,Touch Chest,1,0.8369227647781372,1
20077,16,Touch Chest,1,0.8290137052536011,1
20078,16,Touch Chest,1,0.9681556820869446,1
20079,16,Touch Chest,1,0.9720620512962341,1
20080,16,Touch Chest,1,0.8878964781761169,1
20081,16,Touch Chest,1,0.8932409286499023,1
20082,16,Touch Chest,1,0.9053852558135986,1
20083,16,Touch Chest,1,0.8556237816810608,1
20084,16,Touch Chest,1,0.6499079465866089,1
20085,16,Touch Chest,1,0.587890088558197,1
20086,16,Touch Chest,1,0.9090170860290527,1
20087,16,Touch Chest,1,0.9448915123939514,1
20088,16,Touch Chest,1,0.9342389106750488,1
20089,16,Touch Chest,1,0.6425583362579346,1
20090,16,Touch Chest,1,0.7582839131355286,1
20091,16,Touch Chest,1,0.8386523127555847,1
20092,16,Touch Chest,1,0.8475883603096008,1
20093,16,Touch Chest,1,0.7029795050621033,1
20094,16,Touch Chest,1,0.6652400493621826,1
20095,16,Touch Chest,1,0.80457603931427,1
20096,16,Touch Chest,1,0.7968882322311401,1
20097,16,Touch Chest,1,0.8396787047386169,1
20098,16,Touch Chest,1,0.9728903770446777,1
20099,16,Touch Chest,1,0.8086966276168823,1
20100,16,Touch Chest,1,0.8631882071495056,1
20101,17,Touch Chest,1,0.9418617486953735,1
20102,17,Touch Chest,1,0.9837663173675537,1
20103,17,Touch Chest,1,0.7604955434799194,1
20104,17,Touch Chest,1,0.7599679827690125,1
20105,17,Touch Chest,1,0.9659615159034729,1
20106,17,Touch Chest,1,0.9937310814857483,1
20107,17,Touch Chest,1,0.9602846503257751,1
20108,17,Touch Chest,1,0.9729322195053101,1
20109,17,Touch Chest,1,0.823614776134491,1
20110,17,Touch Chest,1,0.9353274703025818,1
20111,17,Touch Chest,1,0.5418933033943176,1
20112,17,Touch Chest,1,0.8343375325202942,1
20113,17,Touch Chest,1,0.9775826334953308,1
20114,17,Touch Chest,1,0.9768682718276978,1
20115,17,Touch Chest,1,0.9342080354690552,1
20116,17,Touch Chest,1,0.617266058921814,1
20117,17,Touch Chest,1,0.9370880722999573,1
20118,17,Touch Chest,1,0.916720449924469,1
20119,17,Touch Chest,1,0.8742496371269226,1
20120,17,Touch Chest,1,0.97571861743927,1
20121,17,Touch Chest,1,0.9951459765434265,1
20122,17,Touch Chest,1,0.9703809022903442,1
20123,17,Touch Chest,1,0.7195153832435608,1
20124,17,Touch Chest,1,0.4449536204338074,0
20125,17,Touch Chest,1,0.2967073619365692,0
20126,17,Touch Chest,1,0.8170931339263916,1
20127,17,Touch Chest,1,0.8314328789710999,1
20128,17,Touch Chest,1,0.6816620230674744,1
20129,17,Touch Chest,1,0.8698047399520874,1
20130,17,Touch Chest,1,0.8022080063819885,1
20131,17,Touch Chest,1,0.8959223628044128,1
20132,17,Touch Chest,1,0.6681126952171326,1
20133,17,Touch Chest,1,0.8193977475166321,1
20134,17,Touch Chest,1,0.9687836766242981,1
20135,17,Touch Chest,1,0.9931996464729309,1
20136,17,Touch Chest,1,0.9877052307128906,1
20137,17,Touch Chest,1,0.8067823052406311,1
20138,17,Touch Chest,1,0.842216432094574,1
20139,17,Touch Chest,1,0.9481930732727051,1
20140,17,Touch Chest,1,0.9217236638069153,1
20141,17,Touch Chest,1,0.6524016857147217,1
20142,17,Touch Chest,1,0.9677302241325378,1
20143,17,Touch Chest,1,0.985885500907898,1
20144,17,Touch Chest,1,0.9743295311927795,1
20145,17,Touch Chest,1,0.624188244342804,1
20146,17,Touch Chest,1,0.5914291739463806,1
20147,17,Touch Chest,1,0.7271673083305359,1
20148,17,Touch Chest,1,0.605927586555481,1
20149,17,Touch Chest,1,0.25794315338134766,0
20150,17,Touch Chest,1,0.91062992811203,1
20151,17,Touch Chest,1,0.9597373008728027,1
20152,17,Touch Chest,1,0.9267544746398926,1
20153,17,Touch Chest,1,0.8658040761947632,1
20154,17,Touch Chest,1,0.745207667350769,1
20155,17,Touch Chest,1,0.7899014949798584,1
20156,17,Touch Chest,1,0.8994849920272827,1
20157,17,Touch Chest,1,0.6099205017089844,1
20158,17,Touch Chest,1,0.9316518306732178,1
20159,17,Touch Chest,1,0.3998947739601135,0
20160,17,Touch Chest,1,0.827506422996521,1
20161,17,Touch Chest,1,0.8693864345550537,1
20162,17,Touch Chest,1,0.5342194437980652,1
20163,17,Touch Chest,1,0.09809248149394989,0
20164,17,Touch Chest,1,0.3593582212924957,0
20165,17,Touch Chest,1,0.6231033802032471,1
20166,17,Touch Chest,1,0.8944922089576721,1
20167,17,Touch Chest,1,0.18745802342891693,0
20168,17,Touch Chest,1,0.8626821041107178,1
20169,17,Touch Chest,1,0.9330195188522339,1
20170,17,Touch Chest,1,0.24804382026195526,0
20171,17,Touch Chest,1,0.2516268491744995,0
20172,17,Touch Chest,1,0.2066510170698166,0
20173,17,Touch Chest,1,0.28277239203453064,0
20174,17,Touch Chest,1,0.8356964588165283,1
20175,17,Touch Chest,1,0.8556213974952698,1
20176,17,Touch Chest,1,0.49203845858573914,0
20177,17,Touch Chest,1,0.5273366570472717,1
20178,17,Touch Chest,1,0.21293914318084717,0
20179,17,Touch Chest,1,0.3572019338607788,0
20180,17,Touch Chest,1,0.3274654448032379,0
20181,17,Touch Chest,1,0.4638383686542511,0
20182,17,Touch Chest,1,0.905188798904419,1
20183,17,Touch Chest,1,0.950596034526825,1
20184,17,Touch Chest,1,0.7891444563865662,1
20185,17,Touch Chest,1,0.7030665874481201,1
20186,17,Touch Chest,1,0.9281918406486511,1
20187,17,Touch Chest,1,0.6345760226249695,1
20188,17,Touch Chest,1,0.9602089524269104,1
20189,17,Touch Chest,1,0.9733679890632629,1
20190,17,Touch Chest,1,0.8753936886787415,1
20191,17,Touch Chest,1,0.6873151659965515,1
20192,17,Touch Chest,1,0.8287365436553955,1
20193,17,Touch Chest,1,0.13236209750175476,0
20194,17,Touch Chest,1,0.8876325488090515,1
20195,17,Touch Chest,1,0.6203340291976929,1
20196,17,Touch Chest,1,0.7721621990203857,1
20197,17,Touch Chest,1,0.21644455194473267,0
20198,17,Touch Chest,1,0.7136265635490417,1
20199,17,Touch Chest,1,0.7075803875923157,1
20200,17,Touch Chest,1,0.8246781229972839,1
20201,17,Touch Chest,1,0.932453989982605,1
20202,17,Touch Chest,1,0.7749425768852234,1
20203,17,Touch Chest,1,0.8071645498275757,1
20204,17,Touch Chest,1,0.7599257826805115,1
20205,17,Touch Chest,1,0.8858927488327026,1
20206,17,Touch Chest,1,0.695570170879364,1
20207,17,Touch Chest,1,0.9109526872634888,1
20208,17,Touch Chest,1,0.7192703485488892,1
20209,17,Touch Chest,1,0.09932278096675873,0
20210,17,Touch Chest,1,0.49702000617980957,0
20211,17,Touch Chest,1,0.5865912437438965,1
20212,17,Touch Chest,1,0.4781297743320465,0
20213,17,Touch Chest,1,0.3367059826850891,0
20214,17,Touch Chest,1,0.49701669812202454,0
20215,17,Touch Chest,1,0.40896788239479065,0
20216,17,Touch Chest,1,0.5090475678443909,1
20217,17,Touch Chest,1,0.5085204243659973,1
20218,17,Touch Chest,1,0.956680953502655,1
20219,17,Touch Chest,1,0.7852214574813843,1
20220,17,Touch Chest,1,0.9267758727073669,1
20221,17,Touch Chest,1,0.9721630215644836,1
20222,17,Touch Chest,1,0.990707278251648,1
20223,17,Touch Chest,1,0.9877417087554932,1
20224,17,Touch Chest,1,0.9816489219665527,1
20225,17,Touch Chest,1,0.49422165751457214,0
20226,17,Touch Chest,1,0.7751568555831909,1
20227,17,Touch Chest,1,0.8434846997261047,1
20228,17,Touch Chest,1,0.9393925070762634,1
20229,17,Touch Chest,1,0.9839333295822144,1
20230,17,Touch Chest,1,0.9933299422264099,1
20231,17,Touch Chest,1,0.8900160789489746,1
20232,17,Touch Chest,1,0.9569810628890991,1
20233,17,Touch Chest,1,0.8650420904159546,1
20234,17,Touch Chest,1,0.9267964363098145,1
20235,17,Touch Chest,1,0.7506576776504517,1
20236,17,Touch Chest,1,0.9815846681594849,1
20237,17,Touch Chest,1,0.5949059128761292,1
20238,17,Touch Chest,1,0.6445437073707581,1
20239,17,Touch Chest,1,0.9056602120399475,1
20240,17,Touch Chest,1,0.6225341558456421,1
20241,17,Touch Chest,1,0.3526441156864166,0
20242,17,Touch Chest,1,0.8115410804748535,1
20243,17,Touch Chest,1,0.848263144493103,1
20244,17,Touch Chest,1,0.4455951154232025,0
20245,17,Touch Chest,1,0.7823430895805359,1
20246,17,Touch Chest,1,0.8586711287498474,1
20247,17,Touch Chest,1,0.7960411310195923,1
20248,17,Touch Chest,1,0.8563199639320374,1
20249,17,Touch Chest,1,0.786687970161438,1
20250,17,Touch Chest,1,0.8581588864326477,1
20251,17,Touch Chest,1,0.8907986283302307,1
20252,17,Touch Chest,1,0.9760497808456421,1
20253,17,Touch Chest,1,0.8977783918380737,1
20254,17,Touch Chest,1,0.9598296880722046,1
20255,17,Touch Chest,1,0.9628435373306274,1
20256,17,Touch Chest,1,0.9104164242744446,1
20257,17,Touch Chest,1,0.767553985118866,1
20258,17,Touch Chest,1,0.6488964557647705,1
20259,17,Touch Chest,1,0.7579044699668884,1
20260,17,Touch Chest,1,0.6330629587173462,1
20261,17,Touch Chest,1,0.7809577584266663,1
20262,17,Touch Chest,1,0.32740873098373413,0
20263,17,Touch Chest,1,0.38376155495643616,0
20264,17,Touch Chest,1,0.33717024326324463,0
20265,17,Touch Chest,1,0.767230212688446,1
20266,17,Touch Chest,1,0.7150481343269348,1
20267,17,Touch Chest,1,0.6710060238838196,1
20268,17,Touch Chest,1,0.7877723574638367,1
20269,17,Touch Chest,1,0.33007708191871643,0
20270,17,Touch Chest,1,0.27093255519866943,0
20271,17,Touch Chest,1,0.2944160997867584,0
20272,17,Touch Chest,1,0.20635904371738434,0
20273,17,Touch Chest,1,0.16427484154701233,0
20274,17,Touch Chest,1,0.8866580724716187,1
20275,17,Touch Chest,1,0.7959646582603455,1
20276,17,Touch Chest,1,0.8083845973014832,1
20277,17,Touch Chest,1,0.6989188194274902,1
20278,17,Touch Chest,1,0.7807353734970093,1
20279,17,Touch Chest,1,0.4999100863933563,0
20280,17,Touch Chest,1,0.37180349230766296,0
20281,17,Touch Chest,1,0.9656372666358948,1
20282,17,Touch Chest,1,0.9613660573959351,1
20283,17,Touch Chest,1,0.6162703633308411,1
20284,17,Touch Chest,1,0.6626058220863342,1
20285,17,Touch Chest,1,0.5755336880683899,1
20286,17,Touch Chest,1,0.9203224778175354,1
20287,17,Touch Chest,1,0.6550429463386536,1
20288,17,Touch Chest,1,0.13110816478729248,0
20289,17,Touch Chest,1,0.5176310539245605,1
20290,17,Touch Chest,1,0.24551238119602203,0
20291,17,Touch Chest,1,0.38665661215782166,0
20292,17,Touch Chest,1,0.3825409710407257,0
20293,17,Touch Chest,1,0.29545897245407104,0
20294,17,Touch Chest,1,0.49450623989105225,0
20295,17,Touch Chest,1,0.18274766206741333,0
20296,17,Touch Chest,1,0.5856857299804688,1
20297,17,Touch Chest,1,0.7079268097877502,1
20298,17,Touch Chest,1,0.3862680196762085,0
20299,17,Touch Chest,1,0.30639657378196716,0
20300,17,Touch Chest,1,0.305624783039093,0
20301,17,Touch Chest,1,0.7051453590393066,1
20302,17,Touch Chest,1,0.5303628444671631,1
20303,17,Touch Chest,1,0.44928455352783203,0
20304,17,Touch Chest,1,0.17946863174438477,0
20305,17,Touch Chest,1,0.23662962019443512,0
20306,17,Touch Chest,1,0.35329756140708923,0
20307,17,Touch Chest,1,0.5197529792785645,1
20308,17,Touch Chest,1,0.41904252767562866,0
20309,17,Touch Chest,1,0.4371398091316223,0
20310,17,Touch Chest,1,0.27391523122787476,0
20311,17,Touch Chest,1,0.8407939672470093,1
20312,17,Touch Chest,1,0.9463710188865662,1
20313,17,Touch Chest,1,0.7692294716835022,1
20314,17,Touch Chest,1,0.8765027523040771,1
20315,17,Touch Chest,1,0.6646983623504639,1
20316,17,Touch Chest,1,0.839259922504425,1
20317,17,Touch Chest,1,0.3927457630634308,0
20318,17,Touch Chest,1,0.47186732292175293,0
20319,17,Touch Chest,1,0.9225696921348572,1
20320,17,Touch Chest,1,0.20836026966571808,0
20321,17,Touch Chest,1,0.6842138171195984,1
20322,17,Touch Chest,1,0.8602930307388306,1
20323,17,Touch Chest,1,0.6687237024307251,1
20324,17,Touch Chest,1,0.9485898017883301,1
20325,17,Touch Chest,1,0.5674634575843811,1
20326,17,Touch Chest,1,0.7003535032272339,1
20327,17,Touch Chest,1,0.773358166217804,1
20328,17,Touch Chest,1,0.4607199430465698,0
20329,17,Touch Chest,1,0.313770055770874,0
20330,17,Touch Chest,1,0.16149185597896576,0
20331,17,Touch Chest,1,0.8411607146263123,1
20332,17,Touch Chest,1,0.8760481476783752,1
20333,17,Touch Chest,1,0.4745882749557495,0
20334,17,Touch Chest,1,0.17842817306518555,0
20335,17,Touch Chest,1,0.05951020494103432,0
20336,17,Touch Chest,1,0.732025146484375,1
20337,17,Touch Chest,1,0.6511493921279907,1
20338,17,Touch Chest,1,0.9820911288261414,1
20339,17,Touch Chest,1,0.9449712634086609,1
20340,17,Touch Chest,1,0.72622150182724,1
20341,17,Touch Chest,1,0.3037198483943939,0
20342,17,Touch Chest,1,0.4786626100540161,0
20343,17,Touch Chest,1,0.16643789410591125,0
20344,17,Touch Chest,1,0.08779693394899368,0
20345,17,Touch Chest,1,0.526512622833252,1
20346,17,Touch Chest,1,0.7754995226860046,1
20347,17,Touch Chest,1,0.6514843106269836,1
20348,17,Touch Chest,1,0.4496414363384247,0
20349,17,Touch Chest,1,0.9681475162506104,1
20350,17,Touch Chest,1,0.5455115437507629,1
20351,17,Touch Chest,1,0.6928041577339172,1
20352,17,Touch Chest,1,0.6239897012710571,1
20483,19,Touch Chest,1,0.9942078590393066,1
20484,19,Touch Chest,1,0.9883747100830078,1
20485,19,Touch Chest,1,0.9810094833374023,1
20486,19,Touch Chest,1,0.9616559743881226,1
20487,19,Touch Chest,1,0.8340503573417664,1
20488,19,Touch Chest,1,0.8661940097808838,1
20489,19,Touch Chest,1,0.9888867735862732,1
20490,19,Touch Chest,1,0.9967345595359802,1
20491,19,Touch Chest,1,0.9921038150787354,1
20492,19,Touch Chest,1,0.8843258619308472,1
20493,19,Touch Chest,1,0.7142568826675415,1
20494,19,Touch Chest,1,0.12714141607284546,0
20495,19,Touch Chest,1,0.6899605393409729,1
20496,19,Touch Chest,1,0.16572842001914978,0
20497,19,Touch Chest,1,0.056293196976184845,0
20498,19,Touch Chest,1,0.04480132460594177,0
20499,19,Touch Chest,1,0.7833049297332764,1
20500,19,Touch Chest,1,0.7379055619239807,1
20501,19,Touch Chest,1,0.3757808208465576,0
20502,19,Touch Chest,1,0.5240651965141296,1
20503,19,Touch Chest,1,0.9644624590873718,1
20504,19,Touch Chest,1,0.9895610809326172,1
20505,19,Touch Chest,1,0.9001533389091492,1
20506,19,Touch Chest,1,0.46717408299446106,0
20507,19,Touch Chest,1,0.9329668283462524,1
20508,19,Touch Chest,1,0.8573352694511414,1
20509,19,Touch Chest,1,0.8358349800109863,1
20510,19,Touch Chest,1,0.6950021386146545,1
20511,19,Touch Chest,1,0.9805333614349365,1
20512,19,Touch Chest,1,0.5430318713188171,1
20513,19,Touch Chest,1,0.477958083152771,0
20514,19,Touch Chest,1,0.5036101937294006,1
20515,19,Touch Chest,1,0.9280482530593872,1
20516,19,Touch Chest,1,0.6089885830879211,1
20517,19,Touch Chest,1,0.8877755403518677,1
20518,19,Touch Chest,1,0.6719080805778503,1
20519,19,Touch Chest,1,0.26613137125968933,0
20520,19,Touch Chest,1,0.4599253535270691,0
20521,19,Touch Chest,1,0.5954809188842773,1
20522,19,Touch Chest,1,0.7144119143486023,1
20523,19,Touch Chest,1,0.2838078737258911,0
20524,19,Touch Chest,1,0.35203030705451965,0
20525,19,Touch Chest,1,0.9411978125572205,1
20526,19,Touch Chest,1,0.13217972218990326,0
20527,19,Touch Chest,1,0.14639227092266083,0
20528,19,Touch Chest,1,0.1080842837691307,0
20529,19,Touch Chest,1,0.13016560673713684,0
20530,19,Touch Chest,1,0.9440097808837891,1
20531,19,Touch Chest,1,0.6429679989814758,1
20532,19,Touch Chest,1,0.6610726714134216,1
20533,19,Touch Chest,1,0.7934685945510864,1
20534,19,Touch Chest,1,0.859277069568634,1
20535,19,Touch Chest,1,0.8982398509979248,1
20536,19,Touch Chest,1,0.978022575378418,1
20537,19,Touch Chest,1,0.6181450486183167,1
20538,19,Touch Chest,1,0.8402843475341797,1
20539,19,Touch Chest,1,0.8544711470603943,1
20540,19,Touch Chest,1,0.9525463581085205,1
20541,19,Touch Chest,1,0.9921046495437622,1
20542,19,Touch Chest,1,0.5026753544807434,1
20543,19,Touch Chest,1,0.7427352070808411,1
20544,19,Touch Chest,1,0.9225823879241943,1
20545,19,Touch Chest,1,0.7366887331008911,1
20546,19,Touch Chest,1,0.741488516330719,1
20547,19,Touch Chest,1,0.8691543936729431,1
20548,19,Touch Chest,1,0.8714406490325928,1
20549,19,Touch Chest,1,0.9415940642356873,1
20550,19,Touch Chest,1,0.5385444760322571,1
20551,19,Touch Chest,1,0.47117915749549866,0
20552,19,Touch Chest,1,0.3350231647491455,0
20553,19,Touch Chest,1,0.5990806818008423,1
20554,19,Touch Chest,1,0.32961153984069824,0
20555,19,Touch Chest,1,0.7732889652252197,1
20556,19,Touch Chest,1,0.9384920597076416,1
20557,19,Touch Chest,1,0.8626197576522827,1
20558,19,Touch Chest,1,0.6156660914421082,1
20559,19,Touch Chest,1,0.6060778498649597,1
20560,19,Touch Chest,1,0.33777573704719543,0
20561,19,Touch Chest,1,0.2985526919364929,0
20562,19,Touch Chest,1,0.1505373865365982,0
20563,19,Touch Chest,1,0.15833091735839844,0
20564,19,Touch Chest,1,0.26911500096321106,0
20565,19,Touch Chest,1,0.5329996347427368,1
20566,19,Touch Chest,1,0.18139071762561798,0
20567,19,Touch Chest,1,0.6957331299781799,1
20568,19,Touch Chest,1,0.8943853974342346,1
20569,19,Touch Chest,1,0.396944135427475,0
20570,19,Touch Chest,1,0.24653570353984833,0
20571,19,Touch Chest,1,0.9171910285949707,1
20572,19,Touch Chest,1,0.9628722071647644,1
20573,19,Touch Chest,1,0.9786562919616699,1
20574,19,Touch Chest,1,0.7458213567733765,1
20575,19,Touch Chest,1,0.6392974257469177,1
20576,19,Touch Chest,1,0.3529684245586395,0
20577,19,Touch Chest,1,0.3711017370223999,0
20578,19,Touch Chest,1,0.3781723380088806,0
20579,19,Touch Chest,1,0.3889226019382477,0
20580,19,Touch Chest,1,0.9942084550857544,1
20581,19,Touch Chest,1,0.9607318639755249,1
20582,19,Touch Chest,1,0.9432878494262695,1
20583,19,Touch Chest,1,0.8832895755767822,1
20584,19,Touch Chest,1,0.4260117709636688,0
20585,19,Touch Chest,1,0.7854729890823364,1
20586,19,Touch Chest,1,0.9907394647598267,1
20587,19,Touch Chest,1,0.8477287292480469,1
20588,19,Touch Chest,1,0.9276149868965149,1
20589,19,Touch Chest,1,0.8671240210533142,1
20590,19,Touch Chest,1,0.5911538600921631,1
20591,19,Touch Chest,1,0.8531396985054016,1
20592,19,Touch Chest,1,0.9056147336959839,1
20593,19,Touch Chest,1,0.886020302772522,1
20594,19,Touch Chest,1,0.5314992666244507,1
20595,19,Touch Chest,1,0.9369572401046753,1
20596,19,Touch Chest,1,0.8857260942459106,1
20597,19,Touch Chest,1,0.9623206853866577,1
20598,19,Touch Chest,1,0.8566445708274841,1
20599,19,Touch Chest,1,0.3679286241531372,0
20600,19,Touch Chest,1,0.7977567315101624,1
20601,19,Touch Chest,1,0.8875609040260315,1
20602,19,Touch Chest,1,0.7363585233688354,1
20603,19,Touch Chest,1,0.9082663059234619,1
20604,19,Touch Chest,1,0.8523956537246704,1
20605,19,Touch Chest,1,0.7226228713989258,1
20606,19,Touch Chest,1,0.6112325191497803,1
20607,19,Touch Chest,1,0.68771892786026,1
20608,19,Touch Chest,1,0.7951655983924866,1
20609,19,Touch Chest,1,0.4257083237171173,0
20610,19,Touch Chest,1,0.6497645974159241,1
20611,19,Touch Chest,1,0.47758758068084717,0
20612,19,Touch Chest,1,0.743776261806488,1
20613,19,Touch Chest,1,0.8524400591850281,1
20614,19,Touch Chest,1,0.5445729494094849,1
20615,19,Touch Chest,1,0.6912387609481812,1
20616,19,Touch Chest,1,0.7843188047409058,1
20617,19,Touch Chest,1,0.4905719757080078,0
20618,19,Touch Chest,1,0.540583610534668,1
20619,19,Touch Chest,1,0.15557067096233368,0
20620,19,Touch Chest,1,0.5407499670982361,1
20621,19,Touch Chest,1,0.44978469610214233,0
20622,19,Touch Chest,1,0.9860687255859375,1
20623,19,Touch Chest,1,0.9955019354820251,1
20624,19,Touch Chest,1,0.9876440167427063,1
20625,19,Touch Chest,1,0.9958012700080872,1
20626,19,Touch Chest,1,0.9847072958946228,1
20627,19,Touch Chest,1,0.9563647508621216,1
20628,19,Touch Chest,1,0.9493014812469482,1
20629,19,Touch Chest,1,0.9837227463722229,1
20630,19,Touch Chest,1,0.9780886769294739,1
20631,19,Touch Chest,1,0.8982380032539368,1
20632,19,Touch Chest,1,0.9865944385528564,1
20633,19,Touch Chest,1,0.9511322379112244,1
20634,19,Touch Chest,1,0.7209856510162354,1
20635,19,Touch Chest,1,0.6219149827957153,1
20636,19,Touch Chest,1,0.9066603183746338,1
20637,19,Touch Chest,1,0.9091465473175049,1
20638,19,Touch Chest,1,0.6165571808815002,1
20639,19,Touch Chest,1,0.9455506801605225,1
20640,19,Touch Chest,1,0.9424693584442139,1
20641,19,Touch Chest,1,0.9521728157997131,1
20642,19,Touch Chest,1,0.5199119448661804,1
20643,19,Touch Chest,1,0.2470187395811081,0
20644,19,Touch Chest,1,0.6104518175125122,1
20645,19,Touch Chest,1,0.6971619129180908,1
20646,19,Touch Chest,1,0.23540610074996948,0
20647,19,Touch Chest,1,0.5075424909591675,1
20648,19,Touch Chest,1,0.21804946660995483,0
20649,19,Touch Chest,1,0.3235415518283844,0
20650,19,Touch Chest,1,0.15285620093345642,0
20651,19,Touch Chest,1,0.46141692996025085,0
20652,19,Touch Chest,1,0.08002946525812149,0
20653,19,Touch Chest,1,0.16940754652023315,0
20654,19,Touch Chest,1,0.34290388226509094,0
20655,19,Touch Chest,1,0.2952207028865814,0
20656,19,Touch Chest,1,0.35081151127815247,0
20657,19,Touch Chest,1,0.08582790195941925,0
20658,19,Touch Chest,1,0.985008955001831,1
20659,19,Touch Chest,1,0.9462760090827942,1
20660,19,Touch Chest,1,0.987064003944397,1
20661,19,Touch Chest,1,0.9909909963607788,1
20662,19,Touch Chest,1,0.7736696004867554,1
20663,19,Touch Chest,1,0.842092752456665,1
20664,19,Touch Chest,1,0.7913649082183838,1
20665,19,Touch Chest,1,0.8357453346252441,1
20666,19,Touch Chest,1,0.9158061742782593,1
20667,19,Touch Chest,1,0.8837503790855408,1
20668,19,Touch Chest,1,0.18960851430892944,0
20669,19,Touch Chest,1,0.8337640762329102,1
20670,19,Touch Chest,1,0.587433397769928,1
20671,19,Touch Chest,1,0.8948668241500854,1
20672,19,Touch Chest,1,0.39080458879470825,0
20673,19,Touch Chest,1,0.5909648537635803,1
20674,19,Touch Chest,1,0.8545199632644653,1
20675,19,Touch Chest,1,0.7495994567871094,1
20676,19,Touch Chest,1,0.7606011629104614,1
20677,19,Touch Chest,1,0.6578752398490906,1
20678,19,Touch Chest,1,0.3950418531894684,0
20679,19,Touch Chest,1,0.14028793573379517,0
20680,19,Touch Chest,1,0.32507169246673584,0
20681,19,Touch Chest,1,0.09444940090179443,0
20682,19,Touch Chest,1,0.2767600119113922,0
20683,19,Touch Chest,1,0.5014489889144897,1
20684,19,Touch Chest,1,0.12763665616512299,0
20685,19,Touch Chest,1,0.6652858853340149,1
20686,19,Touch Chest,1,0.872433066368103,1
20687,19,Touch Chest,1,0.6011889576911926,1
20688,19,Touch Chest,1,0.9796783924102783,1
20689,19,Touch Chest,1,0.22047773003578186,0
20690,19,Touch Chest,1,0.38490384817123413,0
20691,19,Touch Chest,1,0.5443225502967834,1
20692,19,Touch Chest,1,0.49622204899787903,0
20693,19,Touch Chest,1,0.3800676167011261,0
20694,19,Touch Chest,1,0.5854426622390747,1
20695,19,Touch Chest,1,0.37083178758621216,0
20696,19,Touch Chest,1,0.41601523756980896,0
20697,19,Touch Chest,1,0.9282965064048767,1
20698,19,Touch Chest,1,0.8470141291618347,1
20699,19,Touch Chest,1,0.9463274478912354,1
20700,19,Touch Chest,1,0.8088887929916382,1
20701,19,Touch Chest,1,0.49988701939582825,0
20702,19,Touch Chest,1,0.9212996363639832,1
20703,19,Touch Chest,1,0.7424566745758057,1
20704,19,Touch Chest,1,0.6157275438308716,1
20705,19,Touch Chest,1,0.8431108593940735,1
20706,19,Touch Chest,1,0.980626106262207,1
20707,19,Touch Chest,1,0.9121756553649902,1
20708,19,Touch Chest,1,0.9769729375839233,1
20709,19,Touch Chest,1,0.715154767036438,1
20710,19,Touch Chest,1,0.7391209006309509,1
20711,19,Touch Chest,1,0.4780907928943634,0
20712,19,Touch Chest,1,0.9051759839057922,1
20713,19,Touch Chest,1,0.9851829409599304,1
20714,19,Touch Chest,1,0.8687101006507874,1
20715,19,Touch Chest,1,0.7953317165374756,1
20716,19,Touch Chest,1,0.9561235308647156,1
20717,19,Touch Chest,1,0.9860148429870605,1
20718,19,Touch Chest,1,0.6790704131126404,1
20719,19,Touch Chest,1,0.2426118105649948,0
20720,19,Touch Chest,1,0.7904623746871948,1
20721,19,Touch Chest,1,0.9259889721870422,1
20722,19,Touch Chest,1,0.9223018884658813,1
20723,19,Touch Chest,1,0.635459840297699,1
20724,19,Touch Chest,1,0.39055606722831726,0
20725,19,Touch Chest,1,0.7807148694992065,1
20726,19,Touch Chest,1,0.7767873406410217,1
20727,19,Touch Chest,1,0.4006524682044983,0
20728,19,Touch Chest,1,0.5518267750740051,1
20729,19,Touch Chest,1,0.8724735379219055,1
20730,19,Touch Chest,1,0.639685869216919,1
20731,19,Touch Chest,1,0.681826651096344,1
20732,20,Touch Chest,1,0.731689453125,1
20733,20,Touch Chest,1,0.9782121181488037,1
20734,20,Touch Chest,1,0.9953746199607849,1
20735,20,Touch Chest,1,0.8135612607002258,1
20736,20,Touch Chest,1,0.7720262408256531,1
20737,20,Touch Chest,1,0.9817160964012146,1
20738,20,Touch Chest,1,0.9829583764076233,1
20739,20,Touch Chest,1,0.9768220782279968,1
20740,20,Touch Chest,1,0.9336333870887756,1
20741,20,Touch Chest,1,0.992708146572113,1
20742,20,Touch Chest,1,0.9951840043067932,1
20743,20,Touch Chest,1,0.977165937423706,1
20744,20,Touch Chest,1,0.8756686449050903,1
20745,20,Touch Chest,1,0.8492698669433594,1
20746,20,Touch Chest,1,0.6143962740898132,1
20747,20,Touch Chest,1,0.9373329877853394,1
20748,20,Touch Chest,1,0.9577590227127075,1
20749,20,Touch Chest,1,0.9813551306724548,1
20750,20,Touch Chest,1,0.7289265990257263,1
20751,20,Touch Chest,1,0.6796661615371704,1
20752,20,Touch Chest,1,0.7298051714897156,1
20753,20,Touch Chest,1,0.8073611855506897,1
20754,20,Touch Chest,1,0.5842293500900269,1
20755,20,Touch Chest,1,0.7461866736412048,1
20756,20,Touch Chest,1,0.819582998752594,1
20757,20,Touch Chest,1,0.22422833740711212,0
20758,20,Touch Chest,1,0.26617223024368286,0
20759,20,Touch Chest,1,0.4047166109085083,0
20760,20,Touch Chest,1,0.8033074736595154,1
20761,20,Touch Chest,1,0.8488412499427795,1
20762,20,Touch Chest,1,0.20881833136081696,0
20763,20,Touch Chest,1,0.8216246962547302,1
20764,20,Touch Chest,1,0.11634757369756699,0
20765,20,Touch Chest,1,0.32580798864364624,0
20766,20,Touch Chest,1,0.86844801902771,1
20767,20,Touch Chest,1,0.7396794557571411,1
20768,20,Touch Chest,1,0.20583704113960266,0
20769,20,Touch Chest,1,0.9416248202323914,1
20770,20,Touch Chest,1,0.9260441660881042,1
20846,22,Touch Chest,1,0.9452981352806091,1
20847,22,Touch Chest,1,0.9851611852645874,1
20848,22,Touch Chest,1,0.9933052659034729,1
20849,22,Touch Chest,1,0.5063720345497131,1
20850,22,Touch Chest,1,0.20229841768741608,0
20851,22,Touch Chest,1,0.5803276896476746,1
20852,22,Touch Chest,1,0.9682067036628723,1
20853,22,Touch Chest,1,0.9611212015151978,1
20854,22,Touch Chest,1,0.9007884860038757,1
20855,22,Touch Chest,1,0.8588965535163879,1
20856,22,Touch Chest,1,0.9031723737716675,1
20857,22,Touch Chest,1,0.9719069004058838,1
20858,22,Touch Chest,1,0.8547417521476746,1
20859,22,Touch Chest,1,0.3299829065799713,0
20860,22,Touch Chest,1,0.7003762125968933,1
20861,22,Touch Chest,1,0.8706175088882446,1
20862,22,Touch Chest,1,0.9306270480155945,1
20863,22,Touch Chest,1,0.9251505136489868,1
20864,22,Touch Chest,1,0.9649282693862915,1
20865,22,Touch Chest,1,0.85843825340271,1
20866,22,Touch Chest,1,0.9427399039268494,1
20867,22,Touch Chest,1,0.8104328513145447,1
20868,22,Touch Chest,1,0.8687760829925537,1
20869,22,Touch Chest,1,0.9708887338638306,1
20870,23,Touch Chest,1,0.8583011627197266,1
20871,23,Touch Chest,1,0.8566862940788269,1
20872,23,Touch Chest,1,0.7097200155258179,1
20873,23,Touch Chest,1,0.5042803883552551,1
20874,23,Touch Chest,1,0.9191799163818359,1
20875,23,Touch Chest,1,0.3814488649368286,0
20876,23,Touch Chest,1,0.9261385202407837,1
20877,23,Touch Chest,1,0.9463024735450745,1
20878,23,Touch Chest,1,0.8698708415031433,1
20879,23,Touch Chest,1,0.9717513918876648,1
20880,23,Touch Chest,1,0.9396010637283325,1
20881,23,Touch Chest,1,0.8857051134109497,1
20882,23,Touch Chest,1,0.992191731929779,1
20883,23,Touch Chest,1,0.7013415098190308,1
20884,23,Touch Chest,1,0.7833253145217896,1
20885,24,Touch Chest,1,0.4442790150642395,0
20886,24,Touch Chest,1,0.8068122863769531,1
20887,24,Touch Chest,1,0.8547317981719971,1
20888,24,Touch Chest,1,0.8749237656593323,1
20889,24,Touch Chest,1,0.6529291868209839,1
20890,24,Touch Chest,1,0.9489126801490784,1
20891,24,Touch Chest,1,0.8137682676315308,1
20892,24,Touch Chest,1,0.9450305104255676,1
20893,24,Touch Chest,1,0.9470325708389282,1
20894,24,Touch Chest,1,0.86118483543396,1
20895,24,Touch Chest,1,0.5843179225921631,1
20896,24,Touch Chest,1,0.6871861815452576,1
20897,24,Touch Chest,1,0.861316442489624,1
20898,24,Touch Chest,1,0.9462567567825317,1
20899,24,Touch Chest,1,0.6843408942222595,1
20900,24,Touch Chest,1,0.1271602064371109,0
20901,24,Touch Chest,1,0.884917676448822,1
20902,24,Touch Chest,1,0.9442141652107239,1
20903,24,Touch Chest,1,0.747868537902832,1
20904,24,Touch Chest,1,0.8014941811561584,1
20905,24,Touch Chest,1,0.886246919631958,1
21296,29,Touch Chest,1,0.21996061503887177,0
21297,29,Touch Chest,1,0.9384374618530273,1
21298,29,Touch Chest,1,0.8498446345329285,1
21299,29,Touch Chest,1,0.9086968898773193,1
21300,29,Touch Chest,1,0.8986911773681641,1
21301,29,Touch Chest,1,0.8080728054046631,1
21302,29,Touch Chest,1,0.877859354019165,1
21303,29,Touch Chest,1,0.920041561126709,1
21304,29,Touch Chest,1,0.7591904401779175,1
21305,29,Touch Chest,1,0.18307383358478546,0
21306,29,Touch Chest,1,0.3227624297142029,0
21307,29,Touch Chest,1,0.6257278919219971,1
21308,29,Touch Chest,1,0.7738311290740967,1
21309,29,Touch Chest,1,0.5313572287559509,1
21310,29,Touch Chest,1,0.6135161519050598,1
21311,29,Touch Chest,1,0.6725537180900574,1
21312,29,Touch Chest,1,0.8295754194259644,1
21313,29,Touch Chest,1,0.13478974997997284,0
21314,29,Touch Chest,1,0.5802480578422546,1
21315,29,Touch Chest,1,0.6191987991333008,1
21316,29,Touch Chest,1,0.036072034388780594,0
21317,30,Touch Chest,1,0.9238321781158447,1
21318,30,Touch Chest,1,0.22829844057559967,0
21319,30,Touch Chest,1,0.6136350631713867,1
21320,30,Touch Chest,1,0.5330414175987244,1
21321,30,Touch Chest,1,0.9035866856575012,1
21322,30,Touch Chest,1,0.6422896385192871,1
21323,30,Touch Chest,1,0.8470138311386108,1
21324,30,Touch Chest,1,0.894378662109375,1
21325,30,Touch Chest,1,0.688718855381012,1
21326,30,Touch Chest,1,0.9230561852455139,1
21327,30,Touch Chest,1,0.9388169050216675,1
21328,30,Touch Chest,1,0.8601066470146179,1
21329,30,Touch Chest,1,0.2997359037399292,0
21330,30,Touch Chest,1,0.38893377780914307,0
21331,30,Touch Chest,1,0.36790981888771057,0
21332,31,Touch Chest,1,0.8428463935852051,1
21333,31,Touch Chest,1,0.730046808719635,1
21334,31,Touch Chest,1,0.8631521463394165,1
21335,31,Touch Chest,1,0.8295131921768188,1
21336,31,Touch Chest,1,0.9444741606712341,1
21337,31,Touch Chest,1,0.8601861000061035,1
21338,31,Touch Chest,1,0.909424901008606,1
21339,31,Touch Chest,1,0.9458292722702026,1
21340,31,Touch Chest,1,0.9728041887283325,1
21341,31,Touch Chest,1,0.9610492587089539,1
21342,31,Touch Chest,1,0.11581896245479584,0
21343,31,Touch Chest,1,0.06113548204302788,0
21344,32,Touch Chest,1,0.7232293486595154,1
21345,32,Touch Chest,1,0.0952368825674057,0
21346,32,Touch Chest,1,0.7808545231819153,1
21347,32,Touch Chest,1,0.8143069744110107,1
21348,32,Touch Chest,1,0.7074956893920898,1
21349,32,Touch Chest,1,0.4441268742084503,0
21350,32,Touch Chest,1,0.7705225348472595,1
21351,32,Touch Chest,1,0.6548048257827759,1
21352,32,Touch Chest,1,0.6327847838401794,1
21353,32,Touch Chest,1,0.9114558100700378,1
21354,32,Touch Chest,1,0.32007694244384766,0
21355,32,Touch Chest,1,0.23036174476146698,0
21356,32,Touch Chest,1,0.5935407280921936,1
21357,32,Touch Chest,1,0.31259238719940186,0
21358,32,Touch Chest,1,0.5621140003204346,1
21380,34,Touch Chest,1,0.3837147057056427,0
21381,34,Touch Chest,1,0.42338109016418457,0
21382,34,Touch Chest,1,0.8404452204704285,1
21383,34,Touch Chest,1,0.9420443177223206,1
21384,34,Touch Chest,1,0.46083465218544006,0
21385,34,Touch Chest,1,0.3659893274307251,0
21386,34,Touch Chest,1,0.4848893880844116,0
21387,34,Touch Chest,1,0.3636896312236786,0
21388,34,Touch Chest,1,0.3434869349002838,0
21389,34,Touch Chest,1,0.3429553806781769,0
21390,35,Touch Chest,1,0.9906274080276489,1
21391,35,Touch Chest,1,0.9890733361244202,1
21392,35,Touch Chest,1,0.9612316489219666,1
21393,35,Touch Chest,1,0.9869488477706909,1
21394,35,Touch Chest,1,0.9868450164794922,1
21395,35,Touch Chest,1,0.9272238612174988,1
21396,35,Touch Chest,1,0.9169865846633911,1
21397,35,Touch Chest,1,0.711074948310852,1
21398,35,Touch Chest,1,0.9233372807502747,1
21399,35,Touch Chest,1,0.905222475528717,1
21400,35,Touch Chest,1,0.6549668312072754,1
21401,35,Touch Chest,1,0.936967670917511,1
21402,36,Touch Chest,1,0.9332808256149292,1
21403,36,Touch Chest,1,0.9777607917785645,1
21404,36,Touch Chest,1,0.8336209058761597,1
21405,36,Touch Chest,1,0.7932631373405457,1
21406,36,Touch Chest,1,0.9626123309135437,1
21407,36,Touch Chest,1,0.961286187171936,1
21408,36,Touch Chest,1,0.7305921912193298,1
21409,36,Touch Chest,1,0.6358446478843689,1
21410,36,Touch Chest,1,0.9484611749649048,1
21411,36,Touch Chest,1,0.830279529094696,1
21412,36,Touch Chest,1,0.9359822273254395,1
21413,36,Touch Chest,1,0.8342949748039246,1
21414,36,Touch Chest,1,0.7203679084777832,1
21415,36,Touch Chest,1,0.8578397035598755,1
21527,38,Touch Chest,1,0.8874911665916443,1
21528,38,Touch Chest,1,0.8798437714576721,1
21529,38,Touch Chest,1,0.8007693290710449,1
21530,38,Touch Chest,1,0.36578765511512756,0
21531,38,Touch Chest,1,0.9514297842979431,1
21532,38,Touch Chest,1,0.9360324740409851,1
21533,38,Touch Chest,1,0.8856319189071655,1
21534,38,Touch Chest,1,0.9653039574623108,1
21535,38,Touch Chest,1,0.6367875933647156,1
21536,38,Touch Chest,1,0.4891687333583832,0
21537,38,Touch Chest,1,0.35819917917251587,0
21538,38,Touch Chest,1,0.09053579717874527,0
21539,38,Touch Chest,1,0.20682775974273682,0
21540,38,Touch Chest,1,0.09562760591506958,0
21541,38,Touch Chest,1,0.27056610584259033,0
21542,38,Touch Chest,1,0.8598122596740723,1
21543,38,Touch Chest,1,0.13497696816921234,0
21544,38,Touch Chest,1,0.4706302583217621,0
21545,38,Touch Chest,1,0.7752644419670105,1
21546,38,Touch Chest,1,0.1790742725133896,0
21547,38,Touch Chest,1,0.8287298083305359,1
21548,38,Touch Chest,1,0.9233406782150269,1
21549,38,Touch Chest,1,0.7613661885261536,1
21550,38,Touch Chest,1,0.8555954694747925,1
21596,40,Touch Chest,1,0.8772211670875549,1
21597,40,Touch Chest,1,0.9718816876411438,1
21598,40,Touch Chest,1,0.8223242163658142,1
21599,40,Touch Chest,1,0.9308145642280579,1
21600,40,Touch Chest,1,0.891531765460968,1
21601,40,Touch Chest,1,0.9045321941375732,1
21602,40,Touch Chest,1,0.9088678956031799,1
21603,40,Touch Chest,1,0.8152661919593811,1
21604,40,Touch Chest,1,0.9251522421836853,1
21605,40,Touch Chest,1,0.4428265690803528,0
21606,40,Touch Chest,1,0.778303325176239,1
21607,40,Touch Chest,1,0.9423389434814453,1
21608,40,Touch Chest,1,0.9227052927017212,1
21609,40,Touch Chest,1,0.748295247554779,1
21610,40,Touch Chest,1,0.13745683431625366,0
21611,40,Touch Chest,1,0.8377912044525146,1
21612,40,Touch Chest,1,0.853327751159668,1
21613,40,Touch Chest,1,0.3730596899986267,0
